{".class":"MypyFile","_fullname":"email","future_import_flags":[],"is_partial_stub_package":false,"is_stub":true,"names":{".class":"SymbolTable","Callable":{".class":"SymbolTableNode","cross_ref":"typing.Callable","kind":"Gdef","module_hidden":true,"module_public":false},"IO":{".class":"SymbolTableNode","cross_ref":"typing.IO","kind":"Gdef","module_hidden":true,"module_public":false},"Message":{".class":"SymbolTableNode","cross_ref":"email.message.Message","kind":"Gdef","module_hidden":true,"module_public":false},"Policy":{".class":"SymbolTableNode","cross_ref":"email._policybase.Policy","kind":"Gdef","module_hidden":true,"module_public":false},"TypeAlias":{".class":"SymbolTableNode","cross_ref":"typing.TypeAlias","kind":"Gdef","module_hidden":true,"module_public":false},"_ParamType":{".class":"SymbolTableNode","kind":"Gdef","node":{".class":"TypeAlias","alias_tvars":[],"column":0,"fullname":"email._ParamType","line":8,"no_args":false,"normalized":false,"target":{".class":"UnionType","items":["builtins.str",{".class":"TupleType","implicit":false,"items":[{".class":"UnionType","items":["builtins.str",{".class":"NoneType"}]},{".class":"UnionType","items":["builtins.str",{".class":"NoneType"}]},"builtins.str"],"partial_fallback":{".class":"Instance","args":[{".class":"AnyType","missing_import_name":null,"source_any":null,"type_of_any":6}],"type_ref":"builtins.tuple"}}]}}},"_ParamsType":{".class":"SymbolTableNode","kind":"Gdef","node":{".class":"TypeAlias","alias_tvars":[],"column":0,"fullname":"email._ParamsType","line":9,"no_args":false,"normalized":false,"target":{".class":"UnionType","items":["builtins.str",{".class":"NoneType"},{".class":"TupleType","implicit":false,"items":["builtins.str",{".class":"UnionType","items":["builtins.str",{".class":"NoneType"}]},"builtins.str"],"partial_fallback":{".class":"Instance","args":[{".class":"AnyType","missing_import_name":null,"source_any":null,"type_of_any":6}],"type_ref":"builtins.tuple"}}]}}},"__annotations__":{".class":"SymbolTableNode","kind":"Gdef","node":{".class":"Var","flags":["is_ready"],"fullname":"email.__annotations__","name":"__annotations__","type":{".class":"Instance","args":["builtins.str",{".class":"AnyType","missing_import_name":null,"source_any":null,"type_of_any":6}],"type_ref":"builtins.dict"}}},"__doc__":{".class":"SymbolTableNode","kind":"Gdef","node":{".class":"Var","flags":["is_ready"],"fullname":"email.__doc__","name":"__doc__","type":"builtins.str"}},"__file__":{".class":"SymbolTableNode","kind":"Gdef","node":{".class":"Var","flags":["is_ready"],"fullname":"email.__file__","name":"__file__","type":"builtins.str"}},"__name__":{".class":"SymbolTableNode","kind":"Gdef","node":{".class":"Var","flags":["is_ready"],"fullname":"email.__name__","name":"__name__","type":"builtins.str"}},"__package__":{".class":"SymbolTableNode","kind":"Gdef","node":{".class":"Var","flags":["is_ready"],"fullname":"email.__package__","name":"__package__","type":"builtins.str"}},"__path__":{".class":"SymbolTableNode","kind":"Gdef","node":{".class":"Var","flags":["is_ready"],"fullname":"email.__path__","name":"__path__","type":{".class":"Instance","args":["builtins.str"],"type_ref":"builtins.list"}}},"message_from_binary_file":{".class":"SymbolTableNode","kind":"Gdef","node":{".class":"FuncDef","abstract_status":0,"arg_kinds":[0,1,5],"arg_names":["fp","_class","policy"],"dataclass_transform_spec":null,"flags":[],"fullname":"email.message_from_binary_file","name":"message_from_binary_file","type":{".class":"CallableType","arg_kinds":[0,1,5],"arg_names":["fp","_class","policy"],"arg_types":[{".class":"Instance","args":["builtins.bytes"],"type_ref":"typing.IO"},{".class":"CallableType","arg_kinds":[],"arg_names":[],"arg_types":[],"bound_args":[],"def_extras":{},"fallback":"builtins.function","from_concatenate":false,"implicit":false,"imprecise_arg_kinds":false,"is_ellipsis_args":false,"name":null,"ret_type":"email.message.Message","type_guard":null,"unpack_kwargs":false,"variables":[]},"email._policybase.Policy"],"bound_args":[],"def_extras":{"first_arg":null},"fallback":"builtins.function","from_concatenate":false,"implicit":false,"imprecise_arg_kinds":false,"is_ellipsis_args":false,"name":"message_from_binary_file","ret_type":"email.message.Message","type_guard":null,"unpack_kwargs":false,"variables":[]}}},"message_from_bytes":{".class":"SymbolTableNode","kind":"Gdef","node":{".class":"FuncDef","abstract_status":0,"arg_kinds":[0,1,5],"arg_names":["s","_class","policy"],"dataclass_transform_spec":null,"flags":[],"fullname":"email.message_from_bytes","name":"message_from_bytes","type":{".class":"CallableType","arg_kinds":[0,1,5],"arg_names":["s","_class","policy"],"arg_types":[{".class":"UnionType","items":["builtins.bytes","builtins.bytearray"]},{".class":"CallableType","arg_kinds":[],"arg_names":[],"arg_types":[],"bound_args":[],"def_extras":{},"fallback":"builtins.function","from_concatenate":false,"implicit":false,"imprecise_arg_kinds":false,"is_ellipsis_args":false,"name":null,"ret_type":"email.message.Message","type_guard":null,"unpack_kwargs":false,"variables":[]},"email._policybase.Policy"],"bound_args":[],"def_extras":{"first_arg":null},"fallback":"builtins.function","from_concatenate":false,"implicit":false,"imprecise_arg_kinds":false,"is_ellipsis_args":false,"name":"message_from_bytes","ret_type":"email.message.Message","type_guard":null,"unpack_kwargs":false,"variables":[]}}},"message_from_file":{".class":"SymbolTableNode","kind":"Gdef","node":{".class":"FuncDef","abstract_status":0,"arg_kinds":[0,1,5],"arg_names":["fp","_class","policy"],"dataclass_transform_spec":null,"flags":[],"fullname":"email.message_from_file","name":"message_from_file","type":{".class":"CallableType","arg_kinds":[0,1,5],"arg_names":["fp","_class","policy"],"arg_types":[{".class":"Instance","args":["builtins.str"],"type_ref":"typing.IO"},{".class":"CallableType","arg_kinds":[],"arg_names":[],"arg_types":[],"bound_args":[],"def_extras":{},"fallback":"builtins.function","from_concatenate":false,"implicit":false,"imprecise_arg_kinds":false,"is_ellipsis_args":false,"name":null,"ret_type":"email.message.Message","type_guard":null,"unpack_kwargs":false,"variables":[]},"email._policybase.Policy"],"bound_args":[],"def_extras":{"first_arg":null},"fallback":"builtins.function","from_concatenate":false,"implicit":false,"imprecise_arg_kinds":false,"is_ellipsis_args":false,"name":"message_from_file","ret_type":"email.message.Message","type_guard":null,"unpack_kwargs":false,"variables":[]}}},"message_from_string":{".class":"SymbolTableNode","kind":"Gdef","node":{".class":"FuncDef","abstract_status":0,"arg_kinds":[0,1,5],"arg_names":["s","_class","policy"],"dataclass_transform_spec":null,"flags":[],"fullname":"email.message_from_string","name":"message_from_string","type":{".class":"CallableType","arg_kinds":[0,1,5],"arg_names":["s","_class","policy"],"arg_types":["builtins.str",{".class":"CallableType","arg_kinds":[],"arg_names":[],"arg_types":[],"bound_args":[],"def_extras":{},"fallback":"builtins.function","from_concatenate":false,"implicit":false,"imprecise_arg_kinds":false,"is_ellipsis_args":false,"name":null,"ret_type":"email.message.Message","type_guard":null,"unpack_kwargs":false,"variables":[]},"email._policybase.Policy"],"bound_args":[],"def_extras":{"first_arg":null},"fallback":"builtins.function","from_concatenate":false,"implicit":false,"imprecise_arg_kinds":false,"is_ellipsis_args":false,"name":"message_from_string","ret_type":"email.message.Message","type_guard":null,"unpack_kwargs":false,"variables":[]}}}},"path":"/data/data/com.termux/files/usr/lib/python3.11/site-packages/mypy/typeshed/stdlib/email/__init__.pyi"}