{"data_mtime":1711195302,"dep_lines":[2,3,4,5,1,6,7,1,1],"dep_prios":[5,5,5,5,5,5,5,5,30],"dependencies":["collections.abc","email.errors","email.header","email.message","abc","typing","typing_extensions","builtins","types"],"hash":"1993d1c0f80d319eb27c9837c4fef53e71516d9e8462bba610d0963f010e8aa3","id":"email._policybase","ignore_all":true,"interface_hash":"c458b6701c4855e520eb7c26f9bf74473db665b53e5049eda359f352b6512c1e","mtime":1711193034,"options":{"allow_redefinition":false,"allow_untyped_globals":false,"always_false":[],"always_true":[],"bazel":false,"check_untyped_defs":true,"disable_bytearray_promotion":false,"disable_error_code":[],"disable_memoryview_promotion":false,"disabled_error_codes":[],"disallow_any_decorated":false,"disallow_any_explicit":false,"disallow_any_expr":false,"disallow_any_generics":true,"disallow_any_unimported":false,"disallow_incomplete_defs":true,"disallow_subclassing_any":true,"disallow_untyped_calls":true,"disallow_untyped_decorators":true,"disallow_untyped_defs":true,"enable_error_code":[],"enabled_error_codes":[],"extra_checks":true,"follow_imports":"normal","follow_imports_for_stubs":false,"ignore_errors":false,"ignore_missing_imports":false,"implicit_optional":false,"implicit_reexport":false,"local_partial_types":false,"mypyc":false,"old_type_inference":false,"platform":"linux","plugins":[],"strict_concatenate":false,"strict_equality":true,"strict_optional":true,"warn_no_return":true,"warn_return_any":true,"warn_unreachable":false,"warn_unused_ignores":true},"path":"/data/data/com.termux/files/usr/lib/python3.11/site-packages/mypy/typeshed/stdlib/email/_policybase.pyi","plugin_data":null,"size":1971,"suppressed":[],"version_id":"1.9.0"}