{".class":"MypyFile","_fullname":"email.charset","future_import_flags":[],"is_partial_stub_package":false,"is_stub":true,"names":{".class":"SymbolTable","BASE64":{".class":"SymbolTableNode","kind":"Gdef","module_public":false,"node":{".class":"Var","flags":["is_ready"],"fullname":"email.charset.BASE64","name":"BASE64","type":"builtins.int"}},"Callable":{".class":"SymbolTableNode","cross_ref":"typing.Callable","kind":"Gdef","module_hidden":true,"module_public":false},"Charset":{".class":"SymbolTableNode","kind":"Gdef","node":{".class":"TypeInfo","_promote":[],"abstract_attributes":[],"alt_promote":null,"bases":["builtins.object"],"dataclass_transform_spec":null,"declared_metaclass":null,"defn":{".class":"ClassDef","fullname":"email.charset.Charset","name":"Charset","type_vars":[]},"deletable_attributes":[],"flags":[],"fullname":"email.charset.Charset","has_param_spec_type":false,"metaclass_type":null,"metadata":{},"module_name":"email.charset","mro":["email.charset.Charset","builtins.object"],"names":{".class":"SymbolTable","__eq__":{".class":"SymbolTableNode","kind":"Mdef","node":{".class":"FuncDef","abstract_status":0,"arg_kinds":[0,0],"arg_names":[null,null],"dataclass_transform_spec":null,"flags":[],"fullname":"email.charset.Charset.__eq__","name":"__eq__","type":{".class":"CallableType","arg_kinds":[0,0],"arg_names":[null,null],"arg_types":["email.charset.Charset","builtins.object"],"bound_args":[],"def_extras":{"first_arg":"self"},"fallback":"builtins.function","from_concatenate":false,"implicit":false,"imprecise_arg_kinds":false,"is_ellipsis_args":false,"name":"__eq__ of Charset","ret_type":"builtins.bool","type_guard":null,"unpack_kwargs":false,"variables":[]}}},"__init__":{".class":"SymbolTableNode","kind":"Mdef","node":{".class":"FuncDef","abstract_status":0,"arg_kinds":[0,1],"arg_names":["self","input_charset"],"dataclass_transform_spec":null,"flags":[],"fullname":"email.charset.Charset.__init__","name":"__init__","type":{".class":"CallableType","arg_kinds":[0,1],"arg_names":["self","input_charset"],"arg_types":["email.charset.Charset","builtins.str"],"bound_args":[],"def_extras":{"first_arg":"self"},"fallback":"builtins.function","from_concatenate":false,"implicit":false,"imprecise_arg_kinds":false,"is_ellipsis_args":false,"name":"__init__ of Charset","ret_type":{".class":"NoneType"},"type_guard":null,"unpack_kwargs":false,"variables":[]}}},"__ne__":{".class":"SymbolTableNode","kind":"Mdef","node":{".class":"FuncDef","abstract_status":0,"arg_kinds":[0,0],"arg_names":[null,null],"dataclass_transform_spec":null,"flags":[],"fullname":"email.charset.Charset.__ne__","name":"__ne__","type":{".class":"CallableType","arg_kinds":[0,0],"arg_names":[null,null],"arg_types":["email.charset.Charset","builtins.object"],"bound_args":[],"def_extras":{"first_arg":"self"},"fallback":"builtins.function","from_concatenate":false,"implicit":false,"imprecise_arg_kinds":false,"is_ellipsis_args":false,"name":"__ne__ of Charset","ret_type":"builtins.bool","type_guard":null,"unpack_kwargs":false,"variables":[]}}},"body_encode":{".class":"SymbolTableNode","kind":"Mdef","node":{".class":"OverloadedFuncDef","flags":[],"fullname":"email.charset.Charset.body_encode","impl":null,"items":[{".class":"Decorator","func":{".class":"FuncDef","abstract_status":0,"arg_kinds":[0,0],"arg_names":["self","string"],"dataclass_transform_spec":null,"flags":["is_overload","is_decorated"],"fullname":"email.charset.Charset.body_encode","name":"body_encode","type":{".class":"CallableType","arg_kinds":[0,0],"arg_names":["self","string"],"arg_types":["email.charset.Charset",{".class":"NoneType"}],"bound_args":[],"def_extras":{"first_arg":"self"},"fallback":"builtins.function","from_concatenate":false,"implicit":false,"imprecise_arg_kinds":false,"is_ellipsis_args":false,"name":"body_encode of Charset","ret_type":{".class":"NoneType"},"type_guard":null,"unpack_kwargs":false,"variables":[]}},"is_overload":true,"var":{".class":"Var","flags":["is_ready","is_inferred"],"fullname":"email.charset.Charset.body_encode","name":"body_encode","type":{".class":"CallableType","arg_kinds":[0,0],"arg_names":["self","string"],"arg_types":["email.charset.Charset",{".class":"NoneType"}],"bound_args":[],"def_extras":{"first_arg":"self"},"fallback":"builtins.function","from_concatenate":false,"implicit":false,"imprecise_arg_kinds":false,"is_ellipsis_args":false,"name":"body_encode of Charset","ret_type":{".class":"NoneType"},"type_guard":null,"unpack_kwargs":false,"variables":[]}}},{".class":"Decorator","func":{".class":"FuncDef","abstract_status":0,"arg_kinds":[0,0],"arg_names":["self","string"],"dataclass_transform_spec":null,"flags":["is_overload","is_decorated"],"fullname":"email.charset.Charset.body_encode","name":"body_encode","type":{".class":"CallableType","arg_kinds":[0,0],"arg_names":["self","string"],"arg_types":["email.charset.Charset",{".class":"UnionType","items":["builtins.str","builtins.bytes"]}],"bound_args":[],"def_extras":{"first_arg":"self"},"fallback":"builtins.function","from_concatenate":false,"implicit":false,"imprecise_arg_kinds":false,"is_ellipsis_args":false,"name":"body_encode of Charset","ret_type":"builtins.str","type_guard":null,"unpack_kwargs":false,"variables":[]}},"is_overload":true,"var":{".class":"Var","flags":["is_ready","is_inferred"],"fullname":"email.charset.Charset.body_encode","name":"body_encode","type":{".class":"CallableType","arg_kinds":[0,0],"arg_names":["self","string"],"arg_types":["email.charset.Charset",{".class":"UnionType","items":["builtins.str","builtins.bytes"]}],"bound_args":[],"def_extras":{"first_arg":"self"},"fallback":"builtins.function","from_concatenate":false,"implicit":false,"imprecise_arg_kinds":false,"is_ellipsis_args":false,"name":"body_encode of Charset","ret_type":"builtins.str","type_guard":null,"unpack_kwargs":false,"variables":[]}}}],"type":{".class":"Overloaded","items":[{".class":"CallableType","arg_kinds":[0,0],"arg_names":["self","string"],"arg_types":["email.charset.Charset",{".class":"NoneType"}],"bound_args":[],"def_extras":{"first_arg":"self"},"fallback":"builtins.function","from_concatenate":false,"implicit":false,"imprecise_arg_kinds":false,"is_ellipsis_args":false,"name":"body_encode of Charset","ret_type":{".class":"NoneType"},"type_guard":null,"unpack_kwargs":false,"variables":[]},{".class":"CallableType","arg_kinds":[0,0],"arg_names":["self","string"],"arg_types":["email.charset.Charset",{".class":"UnionType","items":["builtins.str","builtins.bytes"]}],"bound_args":[],"def_extras":{"first_arg":"self"},"fallback":"builtins.function","from_concatenate":false,"implicit":false,"imprecise_arg_kinds":false,"is_ellipsis_args":false,"name":"body_encode of Charset","ret_type":"builtins.str","type_guard":null,"unpack_kwargs":false,"variables":[]}]}}},"body_encoding":{".class":"SymbolTableNode","kind":"Mdef","node":{".class":"Var","flags":["is_initialized_in_class","is_ready"],"fullname":"email.charset.Charset.body_encoding","name":"body_encoding","type":"builtins.int"}},"get_body_encoding":{".class":"SymbolTableNode","kind":"Mdef","node":{".class":"FuncDef","abstract_status":0,"arg_kinds":[0],"arg_names":["self"],"dataclass_transform_spec":null,"flags":[],"fullname":"email.charset.Charset.get_body_encoding","name":"get_body_encoding","type":{".class":"CallableType","arg_kinds":[0],"arg_names":["self"],"arg_types":["email.charset.Charset"],"bound_args":[],"def_extras":{"first_arg":"self"},"fallback":"builtins.function","from_concatenate":false,"implicit":false,"imprecise_arg_kinds":false,"is_ellipsis_args":false,"name":"get_body_encoding of Charset","ret_type":{".class":"UnionType","items":["builtins.str",{".class":"CallableType","arg_kinds":[0],"arg_names":[null],"arg_types":["email.message.Message"],"bound_args":[],"def_extras":{},"fallback":"builtins.function","from_concatenate":false,"implicit":false,"imprecise_arg_kinds":false,"is_ellipsis_args":false,"name":null,"ret_type":{".class":"NoneType"},"type_guard":null,"unpack_kwargs":false,"variables":[]}]},"type_guard":null,"unpack_kwargs":false,"variables":[]}}},"get_output_charset":{".class":"SymbolTableNode","kind":"Mdef","node":{".class":"FuncDef","abstract_status":0,"arg_kinds":[0],"arg_names":["self"],"dataclass_transform_spec":null,"flags":[],"fullname":"email.charset.Charset.get_output_charset","name":"get_output_charset","type":{".class":"CallableType","arg_kinds":[0],"arg_names":["self"],"arg_types":["email.charset.Charset"],"bound_args":[],"def_extras":{"first_arg":"self"},"fallback":"builtins.function","from_concatenate":false,"implicit":false,"imprecise_arg_kinds":false,"is_ellipsis_args":false,"name":"get_output_charset of Charset","ret_type":{".class":"UnionType","items":["builtins.str",{".class":"NoneType"}]},"type_guard":null,"unpack_kwargs":false,"variables":[]}}},"header_encode":{".class":"SymbolTableNode","kind":"Mdef","node":{".class":"FuncDef","abstract_status":0,"arg_kinds":[0,0],"arg_names":["self","string"],"dataclass_transform_spec":null,"flags":[],"fullname":"email.charset.Charset.header_encode","name":"header_encode","type":{".class":"CallableType","arg_kinds":[0,0],"arg_names":["self","string"],"arg_types":["email.charset.Charset","builtins.str"],"bound_args":[],"def_extras":{"first_arg":"self"},"fallback":"builtins.function","from_concatenate":false,"implicit":false,"imprecise_arg_kinds":false,"is_ellipsis_args":false,"name":"header_encode of Charset","ret_type":"builtins.str","type_guard":null,"unpack_kwargs":false,"variables":[]}}},"header_encode_lines":{".class":"SymbolTableNode","kind":"Mdef","node":{".class":"FuncDef","abstract_status":0,"arg_kinds":[0,0,0],"arg_names":["self","string","maxlengths"],"dataclass_transform_spec":null,"flags":[],"fullname":"email.charset.Charset.header_encode_lines","name":"header_encode_lines","type":{".class":"CallableType","arg_kinds":[0,0,0],"arg_names":["self","string","maxlengths"],"arg_types":["email.charset.Charset","builtins.str",{".class":"Instance","args":["builtins.int"],"type_ref":"typing.Iterator"}],"bound_args":[],"def_extras":{"first_arg":"self"},"fallback":"builtins.function","from_concatenate":false,"implicit":false,"imprecise_arg_kinds":false,"is_ellipsis_args":false,"name":"header_encode_lines of Charset","ret_type":{".class":"Instance","args":[{".class":"UnionType","items":["builtins.str",{".class":"NoneType"}]}],"type_ref":"builtins.list"},"type_guard":null,"unpack_kwargs":false,"variables":[]}}},"header_encoding":{".class":"SymbolTableNode","kind":"Mdef","node":{".class":"Var","flags":["is_initialized_in_class","is_ready"],"fullname":"email.charset.Charset.header_encoding","name":"header_encoding","type":"builtins.int"}},"input_charset":{".class":"SymbolTableNode","kind":"Mdef","node":{".class":"Var","flags":["is_initialized_in_class","is_ready"],"fullname":"email.charset.Charset.input_charset","name":"input_charset","type":"builtins.str"}},"input_codec":{".class":"SymbolTableNode","kind":"Mdef","node":{".class":"Var","flags":["is_initialized_in_class","is_ready"],"fullname":"email.charset.Charset.input_codec","name":"input_codec","type":{".class":"UnionType","items":["builtins.str",{".class":"NoneType"}]}}},"output_charset":{".class":"SymbolTableNode","kind":"Mdef","node":{".class":"Var","flags":["is_initialized_in_class","is_ready"],"fullname":"email.charset.Charset.output_charset","name":"output_charset","type":{".class":"UnionType","items":["builtins.str",{".class":"NoneType"}]}}},"output_codec":{".class":"SymbolTableNode","kind":"Mdef","node":{".class":"Var","flags":["is_initialized_in_class","is_ready"],"fullname":"email.charset.Charset.output_codec","name":"output_codec","type":{".class":"UnionType","items":["builtins.str",{".class":"NoneType"}]}}}},"self_type":null,"slots":null,"tuple_type":null,"type_vars":[],"typeddict_type":null}},"Iterator":{".class":"SymbolTableNode","cross_ref":"typing.Iterator","kind":"Gdef","module_hidden":true,"module_public":false},"Message":{".class":"SymbolTableNode","cross_ref":"email.message.Message","kind":"Gdef","module_hidden":true,"module_public":false},"QP":{".class":"SymbolTableNode","kind":"Gdef","module_public":false,"node":{".class":"Var","flags":["is_ready"],"fullname":"email.charset.QP","name":"QP","type":"builtins.int"}},"SHORTEST":{".class":"SymbolTableNode","kind":"Gdef","module_public":false,"node":{".class":"Var","flags":["is_ready"],"fullname":"email.charset.SHORTEST","name":"SHORTEST","type":"builtins.int"}},"__all__":{".class":"SymbolTableNode","kind":"Gdef","module_public":false,"node":{".class":"Var","flags":["is_inferred","has_explicit_value"],"fullname":"email.charset.__all__","name":"__all__","type":{".class":"Instance","args":["builtins.str"],"type_ref":"builtins.list"}}},"__annotations__":{".class":"SymbolTableNode","kind":"Gdef","module_public":false,"node":{".class":"Var","flags":["is_ready"],"fullname":"email.charset.__annotations__","name":"__annotations__","type":{".class":"Instance","args":["builtins.str",{".class":"AnyType","missing_import_name":null,"source_any":null,"type_of_any":6}],"type_ref":"builtins.dict"}}},"__doc__":{".class":"SymbolTableNode","kind":"Gdef","module_public":false,"node":{".class":"Var","flags":["is_ready"],"fullname":"email.charset.__doc__","name":"__doc__","type":"builtins.str"}},"__file__":{".class":"SymbolTableNode","kind":"Gdef","module_public":false,"node":{".class":"Var","flags":["is_ready"],"fullname":"email.charset.__file__","name":"__file__","type":"builtins.str"}},"__name__":{".class":"SymbolTableNode","kind":"Gdef","module_public":false,"node":{".class":"Var","flags":["is_ready"],"fullname":"email.charset.__name__","name":"__name__","type":"builtins.str"}},"__package__":{".class":"SymbolTableNode","kind":"Gdef","module_public":false,"node":{".class":"Var","flags":["is_ready"],"fullname":"email.charset.__package__","name":"__package__","type":"builtins.str"}},"add_alias":{".class":"SymbolTableNode","kind":"Gdef","node":{".class":"FuncDef","abstract_status":0,"arg_kinds":[0,0],"arg_names":["alias","canonical"],"dataclass_transform_spec":null,"flags":[],"fullname":"email.charset.add_alias","name":"add_alias","type":{".class":"CallableType","arg_kinds":[0,0],"arg_names":["alias","canonical"],"arg_types":["builtins.str","builtins.str"],"bound_args":[],"def_extras":{"first_arg":null},"fallback":"builtins.function","from_concatenate":false,"implicit":false,"imprecise_arg_kinds":false,"is_ellipsis_args":false,"name":"add_alias","ret_type":{".class":"NoneType"},"type_guard":null,"unpack_kwargs":false,"variables":[]}}},"add_charset":{".class":"SymbolTableNode","kind":"Gdef","node":{".class":"FuncDef","abstract_status":0,"arg_kinds":[0,1,1,1],"arg_names":["charset","header_enc","body_enc","output_charset"],"dataclass_transform_spec":null,"flags":[],"fullname":"email.charset.add_charset","name":"add_charset","type":{".class":"CallableType","arg_kinds":[0,1,1,1],"arg_names":["charset","header_enc","body_enc","output_charset"],"arg_types":["builtins.str",{".class":"UnionType","items":["builtins.int",{".class":"NoneType"}]},{".class":"UnionType","items":["builtins.int",{".class":"NoneType"}]},{".class":"UnionType","items":["builtins.str",{".class":"NoneType"}]}],"bound_args":[],"def_extras":{"first_arg":null},"fallback":"builtins.function","from_concatenate":false,"implicit":false,"imprecise_arg_kinds":false,"is_ellipsis_args":false,"name":"add_charset","ret_type":{".class":"NoneType"},"type_guard":null,"unpack_kwargs":false,"variables":[]}}},"add_codec":{".class":"SymbolTableNode","kind":"Gdef","node":{".class":"FuncDef","abstract_status":0,"arg_kinds":[0,0],"arg_names":["charset","codecname"],"dataclass_transform_spec":null,"flags":[],"fullname":"email.charset.add_codec","name":"add_codec","type":{".class":"CallableType","arg_kinds":[0,0],"arg_names":["charset","codecname"],"arg_types":["builtins.str","builtins.str"],"bound_args":[],"def_extras":{"first_arg":null},"fallback":"builtins.function","from_concatenate":false,"implicit":false,"imprecise_arg_kinds":false,"is_ellipsis_args":false,"name":"add_codec","ret_type":{".class":"NoneType"},"type_guard":null,"unpack_kwargs":false,"variables":[]}}},"overload":{".class":"SymbolTableNode","cross_ref":"typing.overload","kind":"Gdef","module_hidden":true,"module_public":false}},"path":"/data/data/com.termux/files/usr/lib/python3.11/site-packages/mypy/typeshed/stdlib/email/charset.pyi"}