{"data_mtime":1711195302,"dep_lines":[1,1,1,1,1,1],"dep_prios":[10,5,30,30,30,30],"dependencies":["sys","builtins","_typeshed","abc","types","typing"],"hash":"ca7498bfe12fcf0148a719c9bfa9f40ff037ddb6e1308f6101d338a8b9a859b9","id":"email.errors","ignore_all":true,"interface_hash":"ea2ce637dca06ec4e8c028d360b25f704c4204dbad128ece6cbe6ba70b3c047e","mtime":1711193034,"options":{"allow_redefinition":false,"allow_untyped_globals":false,"always_false":[],"always_true":[],"bazel":false,"check_untyped_defs":true,"disable_bytearray_promotion":false,"disable_error_code":[],"disable_memoryview_promotion":false,"disabled_error_codes":[],"disallow_any_decorated":false,"disallow_any_explicit":false,"disallow_any_expr":false,"disallow_any_generics":true,"disallow_any_unimported":false,"disallow_incomplete_defs":true,"disallow_subclassing_any":true,"disallow_untyped_calls":true,"disallow_untyped_decorators":true,"disallow_untyped_defs":true,"enable_error_code":[],"enabled_error_codes":[],"extra_checks":true,"follow_imports":"normal","follow_imports_for_stubs":false,"ignore_errors":false,"ignore_missing_imports":false,"implicit_optional":false,"implicit_reexport":false,"local_partial_types":false,"mypyc":false,"old_type_inference":false,"platform":"linux","plugins":[],"strict_concatenate":false,"strict_equality":true,"strict_optional":true,"warn_no_return":true,"warn_return_any":true,"warn_unreachable":false,"warn_unused_ignores":true},"path":"/data/data/com.termux/files/usr/lib/python3.11/site-packages/mypy/typeshed/stdlib/email/errors.pyi","plugin_data":null,"size":1533,"suppressed":[],"version_id":"1.9.0"}