{"data_mtime":1711195302,"dep_lines":[1,3,4,5,6,7,2,8,9,1,1,1,1],"dep_prios":[5,5,5,5,5,5,5,5,5,5,30,30,30],"dependencies":["collections.abc","email.charset","email.contentmanager","email.errors","email.header","email.policy","email","typing","typing_extensions","builtins","abc","email._policybase","types"],"hash":"efe13fe9f2472a71c7822b9e7a2dedb940c69856e046c9ae7643166f841374c0","id":"email.message","ignore_all":true,"interface_hash":"0acc469e110bacb1cc6f404e5c437ea9c2f3d67095f403d8ce8b1f0557aed6aa","mtime":1711193034,"options":{"allow_redefinition":false,"allow_untyped_globals":false,"always_false":[],"always_true":[],"bazel":false,"check_untyped_defs":true,"disable_bytearray_promotion":false,"disable_error_code":[],"disable_memoryview_promotion":false,"disabled_error_codes":[],"disallow_any_decorated":false,"disallow_any_explicit":false,"disallow_any_expr":false,"disallow_any_generics":true,"disallow_any_unimported":false,"disallow_incomplete_defs":true,"disallow_subclassing_any":true,"disallow_untyped_calls":true,"disallow_untyped_decorators":true,"disallow_untyped_defs":true,"enable_error_code":[],"enabled_error_codes":[],"extra_checks":true,"follow_imports":"normal","follow_imports_for_stubs":false,"ignore_errors":false,"ignore_missing_imports":false,"implicit_optional":false,"implicit_reexport":false,"local_partial_types":false,"mypyc":false,"old_type_inference":false,"platform":"linux","plugins":[],"strict_concatenate":false,"strict_equality":true,"strict_optional":true,"warn_no_return":true,"warn_return_any":true,"warn_unreachable":false,"warn_unused_ignores":true},"path":"/data/data/com.termux/files/usr/lib/python3.11/site-packages/mypy/typeshed/stdlib/email/message.pyi","plugin_data":null,"size":8170,"suppressed":[],"version_id":"1.9.0"}