{"data_mtime":1711195302,"dep_lines":[1,2,3,1,1,1,1],"dep_prios":[10,10,5,5,30,30,30],"dependencies":["sys","typing_extensions","typing","builtins","_typeshed","abc","types"],"hash":"14f6bd40a9e26b58fa78b83218675e5e95995bd8ffdbfa2e575f9f3e55e6ecd0","id":"_ast","ignore_all":true,"interface_hash":"c080c45569e0c3442181941f1cae48572f00b267ab824626cbfc40b68782e25a","mtime":1711193033,"options":{"allow_redefinition":false,"allow_untyped_globals":false,"always_false":[],"always_true":[],"bazel":false,"check_untyped_defs":true,"disable_bytearray_promotion":false,"disable_error_code":[],"disable_memoryview_promotion":false,"disabled_error_codes":[],"disallow_any_decorated":false,"disallow_any_explicit":false,"disallow_any_expr":false,"disallow_any_generics":true,"disallow_any_unimported":false,"disallow_incomplete_defs":true,"disallow_subclassing_any":true,"disallow_untyped_calls":true,"disallow_untyped_decorators":true,"disallow_untyped_defs":true,"enable_error_code":[],"enabled_error_codes":[],"extra_checks":true,"follow_imports":"normal","follow_imports_for_stubs":false,"ignore_errors":false,"ignore_missing_imports":false,"implicit_optional":false,"implicit_reexport":false,"local_partial_types":false,"mypyc":false,"old_type_inference":false,"platform":"linux","plugins":[],"strict_concatenate":false,"strict_equality":true,"strict_optional":true,"warn_no_return":true,"warn_return_any":true,"warn_unreachable":false,"warn_unused_ignores":true},"path":"/data/data/com.termux/files/usr/lib/python3.11/site-packages/mypy/typeshed/stdlib/_ast.pyi","plugin_data":null,"size":15352,"suppressed":[],"version_id":"1.9.0"}