{"data_mtime":1711195302,"dep_lines":[4,1,2,3,5,6,1,1,1],"dep_prios":[5,10,10,5,5,5,5,30,30],"dependencies":["collections.abc","codecs","sys","_typeshed","typing","typing_extensions","builtins","abc","types"],"hash":"cb35ad9e162e0badbb3cd4a2bae70351a20331360d9bc46e52919fad4176a2a0","id":"_codecs","ignore_all":true,"interface_hash":"65c22c6c0bbb993cd3a708d4191bbaf7378b8c3971aecc2e81cb27928e9213ca","mtime":1711193033,"options":{"allow_redefinition":false,"allow_untyped_globals":false,"always_false":[],"always_true":[],"bazel":false,"check_untyped_defs":true,"disable_bytearray_promotion":false,"disable_error_code":[],"disable_memoryview_promotion":false,"disabled_error_codes":[],"disallow_any_decorated":false,"disallow_any_explicit":false,"disallow_any_expr":false,"disallow_any_generics":true,"disallow_any_unimported":false,"disallow_incomplete_defs":true,"disallow_subclassing_any":true,"disallow_untyped_calls":true,"disallow_untyped_decorators":true,"disallow_untyped_defs":true,"enable_error_code":[],"enabled_error_codes":[],"extra_checks":true,"follow_imports":"normal","follow_imports_for_stubs":false,"ignore_errors":false,"ignore_missing_imports":false,"implicit_optional":false,"implicit_reexport":false,"local_partial_types":false,"mypyc":false,"old_type_inference":false,"platform":"linux","plugins":[],"strict_concatenate":false,"strict_equality":true,"strict_optional":true,"warn_no_return":true,"warn_return_any":true,"warn_unreachable":false,"warn_unused_ignores":true},"path":"/data/data/com.termux/files/usr/lib/python3.11/site-packages/mypy/typeshed/stdlib/_codecs.pyi","plugin_data":null,"size":7042,"suppressed":[],"version_id":"1.9.0"}