{"data_mtime":1711195302,"dep_lines":[1,2,3,4,1,1],"dep_prios":[10,5,5,5,5,30],"dependencies":["sys","abc","types","typing","builtins","_typeshed"],"hash":"5566307f48a77c6b857b183de4093f7dc24129a3b970b8743e80875171ca8835","id":"_collections_abc","ignore_all":true,"interface_hash":"8b385e215e960fb53acae4f4f2cb02842ea05f76e05dfe8c115e333b7558b132","mtime":1711193033,"options":{"allow_redefinition":false,"allow_untyped_globals":false,"always_false":[],"always_true":[],"bazel":false,"check_untyped_defs":true,"disable_bytearray_promotion":false,"disable_error_code":[],"disable_memoryview_promotion":false,"disabled_error_codes":[],"disallow_any_decorated":false,"disallow_any_explicit":false,"disallow_any_expr":false,"disallow_any_generics":true,"disallow_any_unimported":false,"disallow_incomplete_defs":true,"disallow_subclassing_any":true,"disallow_untyped_calls":true,"disallow_untyped_decorators":true,"disallow_untyped_defs":true,"enable_error_code":[],"enabled_error_codes":[],"extra_checks":true,"follow_imports":"normal","follow_imports_for_stubs":false,"ignore_errors":false,"ignore_missing_imports":false,"implicit_optional":false,"implicit_reexport":false,"local_partial_types":false,"mypyc":false,"old_type_inference":false,"platform":"linux","plugins":[],"strict_concatenate":false,"strict_equality":true,"strict_optional":true,"warn_no_return":true,"warn_return_any":true,"warn_unreachable":false,"warn_unused_ignores":true},"path":"/data/data/com.termux/files/usr/lib/python3.11/site-packages/mypy/typeshed/stdlib/_collections_abc.pyi","plugin_data":null,"size":2476,"suppressed":[],"version_id":"1.9.0"}