{".class":"MypyFile","_fullname":"_collections_abc","future_import_flags":[],"is_partial_stub_package":false,"is_stub":true,"names":{".class":"SymbolTable","AsyncGenerator":{".class":"SymbolTableNode","cross_ref":"typing.AsyncGenerator","kind":"Gdef"},"AsyncIterable":{".class":"SymbolTableNode","cross_ref":"typing.AsyncIterable","kind":"Gdef"},"AsyncIterator":{".class":"SymbolTableNode","cross_ref":"typing.AsyncIterator","kind":"Gdef"},"Awaitable":{".class":"SymbolTableNode","cross_ref":"typing.Awaitable","kind":"Gdef"},"ByteString":{".class":"SymbolTableNode","cross_ref":"typing.ByteString","kind":"Gdef"},"Callable":{".class":"SymbolTableNode","cross_ref":"typing.Callable","kind":"Gdef"},"Collection":{".class":"SymbolTableNode","cross_ref":"typing.Collection","kind":"Gdef"},"Container":{".class":"SymbolTableNode","cross_ref":"typing.Container","kind":"Gdef"},"Coroutine":{".class":"SymbolTableNode","cross_ref":"typing.Coroutine","kind":"Gdef"},"Generator":{".class":"SymbolTableNode","cross_ref":"typing.Generator","kind":"Gdef"},"Generic":{".class":"SymbolTableNode","cross_ref":"typing.Generic","kind":"Gdef","module_hidden":true,"module_public":false},"Hashable":{".class":"SymbolTableNode","cross_ref":"typing.Hashable","kind":"Gdef"},"ItemsView":{".class":"SymbolTableNode","cross_ref":"typing.ItemsView","kind":"Gdef"},"Iterable":{".class":"SymbolTableNode","cross_ref":"typing.Iterable","kind":"Gdef"},"Iterator":{".class":"SymbolTableNode","cross_ref":"typing.Iterator","kind":"Gdef"},"KeysView":{".class":"SymbolTableNode","cross_ref":"typing.KeysView","kind":"Gdef"},"Mapping":{".class":"SymbolTableNode","cross_ref":"typing.Mapping","kind":"Gdef"},"MappingProxyType":{".class":"SymbolTableNode","cross_ref":"types.MappingProxyType","kind":"Gdef","module_hidden":true,"module_public":false},"MappingView":{".class":"SymbolTableNode","cross_ref":"typing.MappingView","kind":"Gdef"},"MutableMapping":{".class":"SymbolTableNode","cross_ref":"typing.MutableMapping","kind":"Gdef"},"MutableSequence":{".class":"SymbolTableNode","cross_ref":"typing.MutableSequence","kind":"Gdef"},"MutableSet":{".class":"SymbolTableNode","cross_ref":"typing.MutableSet","kind":"Gdef"},"Protocol":{".class":"SymbolTableNode","cross_ref":"typing.Protocol","kind":"Gdef","module_hidden":true,"module_public":false},"Reversible":{".class":"SymbolTableNode","cross_ref":"typing.Reversible","kind":"Gdef"},"Sequence":{".class":"SymbolTableNode","cross_ref":"typing.Sequence","kind":"Gdef"},"Set":{".class":"SymbolTableNode","cross_ref":"typing.AbstractSet","kind":"Gdef"},"Sized":{".class":"SymbolTableNode","cross_ref":"typing.Sized","kind":"Gdef"},"TypeVar":{".class":"SymbolTableNode","cross_ref":"typing.TypeVar","kind":"Gdef","module_hidden":true,"module_public":false},"ValuesView":{".class":"SymbolTableNode","cross_ref":"typing.ValuesView","kind":"Gdef"},"_KT_co":{".class":"SymbolTableNode","kind":"Gdef","module_public":false,"node":{".class":"TypeVarExpr","default":{".class":"AnyType","missing_import_name":null,"source_any":null,"type_of_any":4},"fullname":"_collections_abc._KT_co","name":"_KT_co","upper_bound":"builtins.object","values":[],"variance":1}},"_VT_co":{".class":"SymbolTableNode","kind":"Gdef","module_public":false,"node":{".class":"TypeVarExpr","default":{".class":"AnyType","missing_import_name":null,"source_any":null,"type_of_any":4},"fullname":"_collections_abc._VT_co","name":"_VT_co","upper_bound":"builtins.object","values":[],"variance":1}},"__all__":{".class":"SymbolTableNode","kind":"Gdef","module_public":false,"node":{".class":"Var","flags":["is_inferred","has_explicit_value"],"fullname":"_collections_abc.__all__","name":"__all__","type":{".class":"Instance","args":["builtins.str"],"type_ref":"builtins.list"}}},"__annotations__":{".class":"SymbolTableNode","kind":"Gdef","module_public":false,"node":{".class":"Var","flags":["is_ready"],"fullname":"_collections_abc.__annotations__","name":"__annotations__","type":{".class":"Instance","args":["builtins.str",{".class":"AnyType","missing_import_name":null,"source_any":null,"type_of_any":6}],"type_ref":"builtins.dict"}}},"__doc__":{".class":"SymbolTableNode","kind":"Gdef","module_public":false,"node":{".class":"Var","flags":["is_ready"],"fullname":"_collections_abc.__doc__","name":"__doc__","type":"builtins.str"}},"__file__":{".class":"SymbolTableNode","kind":"Gdef","module_public":false,"node":{".class":"Var","flags":["is_ready"],"fullname":"_collections_abc.__file__","name":"__file__","type":"builtins.str"}},"__name__":{".class":"SymbolTableNode","kind":"Gdef","module_public":false,"node":{".class":"Var","flags":["is_ready"],"fullname":"_collections_abc.__name__","name":"__name__","type":"builtins.str"}},"__package__":{".class":"SymbolTableNode","kind":"Gdef","module_public":false,"node":{".class":"Var","flags":["is_ready"],"fullname":"_collections_abc.__package__","name":"__package__","type":"builtins.str"}},"abstractmethod":{".class":"SymbolTableNode","cross_ref":"abc.abstractmethod","kind":"Gdef","module_hidden":true,"module_public":false},"dict_items":{".class":"SymbolTableNode","kind":"Gdef","module_public":false,"node":{".class":"TypeInfo","_promote":[],"abstract_attributes":[],"alt_promote":null,"bases":[{".class":"Instance","args":[{".class":"TypeVarType","default":{".class":"AnyType","missing_import_name":null,"source_any":null,"type_of_any":4},"fullname":"_collections_abc._KT_co","id":1,"name":"_KT_co","namespace":"_collections_abc.dict_items","upper_bound":"builtins.object","values":[],"variance":1},{".class":"TypeVarType","default":{".class":"AnyType","missing_import_name":null,"source_any":null,"type_of_any":4},"fullname":"_collections_abc._VT_co","id":2,"name":"_VT_co","namespace":"_collections_abc.dict_items","upper_bound":"builtins.object","values":[],"variance":1}],"type_ref":"typing.ItemsView"}],"dataclass_transform_spec":null,"declared_metaclass":null,"defn":{".class":"ClassDef","fullname":"_collections_abc.dict_items","name":"dict_items","type_vars":[{".class":"TypeVarType","default":{".class":"AnyType","missing_import_name":null,"source_any":null,"type_of_any":4},"fullname":"_collections_abc._KT_co","id":1,"name":"_KT_co","namespace":"_collections_abc.dict_items","upper_bound":"builtins.object","values":[],"variance":1},{".class":"TypeVarType","default":{".class":"AnyType","missing_import_name":null,"source_any":null,"type_of_any":4},"fullname":"_collections_abc._VT_co","id":2,"name":"_VT_co","namespace":"_collections_abc.dict_items","upper_bound":"builtins.object","values":[],"variance":1}]},"deletable_attributes":[],"flags":["is_final"],"fullname":"_collections_abc.dict_items","has_param_spec_type":false,"metaclass_type":"abc.ABCMeta","metadata":{},"module_name":"_collections_abc","mro":["_collections_abc.dict_items","typing.ItemsView","typing.MappingView","typing.Sized","typing.AbstractSet","typing.Collection","typing.Iterable","typing.Container","builtins.object"],"names":{".class":"SymbolTable","__eq__":{".class":"SymbolTableNode","kind":"Mdef","node":{".class":"FuncDef","abstract_status":0,"arg_kinds":[0,0],"arg_names":[null,null],"dataclass_transform_spec":null,"flags":[],"fullname":"_collections_abc.dict_items.__eq__","name":"__eq__","type":{".class":"CallableType","arg_kinds":[0,0],"arg_names":[null,null],"arg_types":[{".class":"Instance","args":[{".class":"TypeVarType","default":{".class":"AnyType","missing_import_name":null,"source_any":null,"type_of_any":4},"fullname":"_collections_abc._KT_co","id":1,"name":"_KT_co","namespace":"_collections_abc.dict_items","upper_bound":"builtins.object","values":[],"variance":1},{".class":"TypeVarType","default":{".class":"AnyType","missing_import_name":null,"source_any":null,"type_of_any":4},"fullname":"_collections_abc._VT_co","id":2,"name":"_VT_co","namespace":"_collections_abc.dict_items","upper_bound":"builtins.object","values":[],"variance":1}],"type_ref":"_collections_abc.dict_items"},"builtins.object"],"bound_args":[],"def_extras":{"first_arg":"self"},"fallback":"builtins.function","from_concatenate":false,"implicit":false,"imprecise_arg_kinds":false,"is_ellipsis_args":false,"name":"__eq__ of dict_items","ret_type":"builtins.bool","type_guard":null,"unpack_kwargs":false,"variables":[]}}},"mapping":{".class":"SymbolTableNode","kind":"Mdef","node":{".class":"Decorator","func":{".class":"FuncDef","abstract_status":0,"arg_kinds":[0],"arg_names":["self"],"dataclass_transform_spec":null,"flags":["is_property","is_decorated"],"fullname":"_collections_abc.dict_items.mapping","name":"mapping","type":{".class":"CallableType","arg_kinds":[0],"arg_names":["self"],"arg_types":[{".class":"Instance","args":[{".class":"TypeVarType","default":{".class":"AnyType","missing_import_name":null,"source_any":null,"type_of_any":4},"fullname":"_collections_abc._KT_co","id":1,"name":"_KT_co","namespace":"_collections_abc.dict_items","upper_bound":"builtins.object","values":[],"variance":1},{".class":"TypeVarType","default":{".class":"AnyType","missing_import_name":null,"source_any":null,"type_of_any":4},"fullname":"_collections_abc._VT_co","id":2,"name":"_VT_co","namespace":"_collections_abc.dict_items","upper_bound":"builtins.object","values":[],"variance":1}],"type_ref":"_collections_abc.dict_items"}],"bound_args":[],"def_extras":{"first_arg":"self"},"fallback":"builtins.function","from_concatenate":false,"implicit":false,"imprecise_arg_kinds":false,"is_ellipsis_args":false,"name":"mapping of dict_items","ret_type":{".class":"Instance","args":[{".class":"TypeVarType","default":{".class":"AnyType","missing_import_name":null,"source_any":null,"type_of_any":4},"fullname":"_collections_abc._KT_co","id":1,"name":"_KT_co","namespace":"_collections_abc.dict_items","upper_bound":"builtins.object","values":[],"variance":1},{".class":"TypeVarType","default":{".class":"AnyType","missing_import_name":null,"source_any":null,"type_of_any":4},"fullname":"_collections_abc._VT_co","id":2,"name":"_VT_co","namespace":"_collections_abc.dict_items","upper_bound":"builtins.object","values":[],"variance":1}],"type_ref":"types.MappingProxyType"},"type_guard":null,"unpack_kwargs":false,"variables":[]}},"is_overload":false,"var":{".class":"Var","flags":["is_initialized_in_class","is_property","is_ready","is_inferred"],"fullname":"_collections_abc.dict_items.mapping","name":"mapping","type":{".class":"CallableType","arg_kinds":[0],"arg_names":["self"],"arg_types":[{".class":"Instance","args":[{".class":"TypeVarType","default":{".class":"AnyType","missing_import_name":null,"source_any":null,"type_of_any":4},"fullname":"_collections_abc._KT_co","id":1,"name":"_KT_co","namespace":"_collections_abc.dict_items","upper_bound":"builtins.object","values":[],"variance":1},{".class":"TypeVarType","default":{".class":"AnyType","missing_import_name":null,"source_any":null,"type_of_any":4},"fullname":"_collections_abc._VT_co","id":2,"name":"_VT_co","namespace":"_collections_abc.dict_items","upper_bound":"builtins.object","values":[],"variance":1}],"type_ref":"_collections_abc.dict_items"}],"bound_args":[],"def_extras":{"first_arg":"self"},"fallback":"builtins.function","from_concatenate":false,"implicit":false,"imprecise_arg_kinds":false,"is_ellipsis_args":false,"name":"mapping of dict_items","ret_type":{".class":"Instance","args":[{".class":"TypeVarType","default":{".class":"AnyType","missing_import_name":null,"source_any":null,"type_of_any":4},"fullname":"_collections_abc._KT_co","id":1,"name":"_KT_co","namespace":"_collections_abc.dict_items","upper_bound":"builtins.object","values":[],"variance":1},{".class":"TypeVarType","default":{".class":"AnyType","missing_import_name":null,"source_any":null,"type_of_any":4},"fullname":"_collections_abc._VT_co","id":2,"name":"_VT_co","namespace":"_collections_abc.dict_items","upper_bound":"builtins.object","values":[],"variance":1}],"type_ref":"types.MappingProxyType"},"type_guard":null,"unpack_kwargs":false,"variables":[]}}}}},"self_type":null,"slots":null,"tuple_type":null,"type_vars":["_KT_co","_VT_co"],"typeddict_type":null}},"dict_keys":{".class":"SymbolTableNode","kind":"Gdef","module_public":false,"node":{".class":"TypeInfo","_promote":[],"abstract_attributes":[],"alt_promote":null,"bases":[{".class":"Instance","args":[{".class":"TypeVarType","default":{".class":"AnyType","missing_import_name":null,"source_any":null,"type_of_any":4},"fullname":"_collections_abc._KT_co","id":1,"name":"_KT_co","namespace":"_collections_abc.dict_keys","upper_bound":"builtins.object","values":[],"variance":1}],"type_ref":"typing.KeysView"}],"dataclass_transform_spec":null,"declared_metaclass":null,"defn":{".class":"ClassDef","fullname":"_collections_abc.dict_keys","name":"dict_keys","type_vars":[{".class":"TypeVarType","default":{".class":"AnyType","missing_import_name":null,"source_any":null,"type_of_any":4},"fullname":"_collections_abc._KT_co","id":1,"name":"_KT_co","namespace":"_collections_abc.dict_keys","upper_bound":"builtins.object","values":[],"variance":1},{".class":"TypeVarType","default":{".class":"AnyType","missing_import_name":null,"source_any":null,"type_of_any":4},"fullname":"_collections_abc._VT_co","id":2,"name":"_VT_co","namespace":"_collections_abc.dict_keys","upper_bound":"builtins.object","values":[],"variance":1}]},"deletable_attributes":[],"flags":["is_final"],"fullname":"_collections_abc.dict_keys","has_param_spec_type":false,"metaclass_type":"abc.ABCMeta","metadata":{},"module_name":"_collections_abc","mro":["_collections_abc.dict_keys","typing.KeysView","typing.MappingView","typing.Sized","typing.AbstractSet","typing.Collection","typing.Iterable","typing.Container","builtins.object"],"names":{".class":"SymbolTable","__eq__":{".class":"SymbolTableNode","kind":"Mdef","node":{".class":"FuncDef","abstract_status":0,"arg_kinds":[0,0],"arg_names":[null,null],"dataclass_transform_spec":null,"flags":[],"fullname":"_collections_abc.dict_keys.__eq__","name":"__eq__","type":{".class":"CallableType","arg_kinds":[0,0],"arg_names":[null,null],"arg_types":[{".class":"Instance","args":[{".class":"TypeVarType","default":{".class":"AnyType","missing_import_name":null,"source_any":null,"type_of_any":4},"fullname":"_collections_abc._KT_co","id":1,"name":"_KT_co","namespace":"_collections_abc.dict_keys","upper_bound":"builtins.object","values":[],"variance":1},{".class":"TypeVarType","default":{".class":"AnyType","missing_import_name":null,"source_any":null,"type_of_any":4},"fullname":"_collections_abc._VT_co","id":2,"name":"_VT_co","namespace":"_collections_abc.dict_keys","upper_bound":"builtins.object","values":[],"variance":1}],"type_ref":"_collections_abc.dict_keys"},"builtins.object"],"bound_args":[],"def_extras":{"first_arg":"self"},"fallback":"builtins.function","from_concatenate":false,"implicit":false,"imprecise_arg_kinds":false,"is_ellipsis_args":false,"name":"__eq__ of dict_keys","ret_type":"builtins.bool","type_guard":null,"unpack_kwargs":false,"variables":[]}}},"mapping":{".class":"SymbolTableNode","kind":"Mdef","node":{".class":"Decorator","func":{".class":"FuncDef","abstract_status":0,"arg_kinds":[0],"arg_names":["self"],"dataclass_transform_spec":null,"flags":["is_property","is_decorated"],"fullname":"_collections_abc.dict_keys.mapping","name":"mapping","type":{".class":"CallableType","arg_kinds":[0],"arg_names":["self"],"arg_types":[{".class":"Instance","args":[{".class":"TypeVarType","default":{".class":"AnyType","missing_import_name":null,"source_any":null,"type_of_any":4},"fullname":"_collections_abc._KT_co","id":1,"name":"_KT_co","namespace":"_collections_abc.dict_keys","upper_bound":"builtins.object","values":[],"variance":1},{".class":"TypeVarType","default":{".class":"AnyType","missing_import_name":null,"source_any":null,"type_of_any":4},"fullname":"_collections_abc._VT_co","id":2,"name":"_VT_co","namespace":"_collections_abc.dict_keys","upper_bound":"builtins.object","values":[],"variance":1}],"type_ref":"_collections_abc.dict_keys"}],"bound_args":[],"def_extras":{"first_arg":"self"},"fallback":"builtins.function","from_concatenate":false,"implicit":false,"imprecise_arg_kinds":false,"is_ellipsis_args":false,"name":"mapping of dict_keys","ret_type":{".class":"Instance","args":[{".class":"TypeVarType","default":{".class":"AnyType","missing_import_name":null,"source_any":null,"type_of_any":4},"fullname":"_collections_abc._KT_co","id":1,"name":"_KT_co","namespace":"_collections_abc.dict_keys","upper_bound":"builtins.object","values":[],"variance":1},{".class":"TypeVarType","default":{".class":"AnyType","missing_import_name":null,"source_any":null,"type_of_any":4},"fullname":"_collections_abc._VT_co","id":2,"name":"_VT_co","namespace":"_collections_abc.dict_keys","upper_bound":"builtins.object","values":[],"variance":1}],"type_ref":"types.MappingProxyType"},"type_guard":null,"unpack_kwargs":false,"variables":[]}},"is_overload":false,"var":{".class":"Var","flags":["is_initialized_in_class","is_property","is_ready","is_inferred"],"fullname":"_collections_abc.dict_keys.mapping","name":"mapping","type":{".class":"CallableType","arg_kinds":[0],"arg_names":["self"],"arg_types":[{".class":"Instance","args":[{".class":"TypeVarType","default":{".class":"AnyType","missing_import_name":null,"source_any":null,"type_of_any":4},"fullname":"_collections_abc._KT_co","id":1,"name":"_KT_co","namespace":"_collections_abc.dict_keys","upper_bound":"builtins.object","values":[],"variance":1},{".class":"TypeVarType","default":{".class":"AnyType","missing_import_name":null,"source_any":null,"type_of_any":4},"fullname":"_collections_abc._VT_co","id":2,"name":"_VT_co","namespace":"_collections_abc.dict_keys","upper_bound":"builtins.object","values":[],"variance":1}],"type_ref":"_collections_abc.dict_keys"}],"bound_args":[],"def_extras":{"first_arg":"self"},"fallback":"builtins.function","from_concatenate":false,"implicit":false,"imprecise_arg_kinds":false,"is_ellipsis_args":false,"name":"mapping of dict_keys","ret_type":{".class":"Instance","args":[{".class":"TypeVarType","default":{".class":"AnyType","missing_import_name":null,"source_any":null,"type_of_any":4},"fullname":"_collections_abc._KT_co","id":1,"name":"_KT_co","namespace":"_collections_abc.dict_keys","upper_bound":"builtins.object","values":[],"variance":1},{".class":"TypeVarType","default":{".class":"AnyType","missing_import_name":null,"source_any":null,"type_of_any":4},"fullname":"_collections_abc._VT_co","id":2,"name":"_VT_co","namespace":"_collections_abc.dict_keys","upper_bound":"builtins.object","values":[],"variance":1}],"type_ref":"types.MappingProxyType"},"type_guard":null,"unpack_kwargs":false,"variables":[]}}}}},"self_type":null,"slots":null,"tuple_type":null,"type_vars":["_KT_co","_VT_co"],"typeddict_type":null}},"dict_values":{".class":"SymbolTableNode","kind":"Gdef","module_public":false,"node":{".class":"TypeInfo","_promote":[],"abstract_attributes":[],"alt_promote":null,"bases":[{".class":"Instance","args":[{".class":"TypeVarType","default":{".class":"AnyType","missing_import_name":null,"source_any":null,"type_of_any":4},"fullname":"_collections_abc._VT_co","id":2,"name":"_VT_co","namespace":"_collections_abc.dict_values","upper_bound":"builtins.object","values":[],"variance":1}],"type_ref":"typing.ValuesView"}],"dataclass_transform_spec":null,"declared_metaclass":null,"defn":{".class":"ClassDef","fullname":"_collections_abc.dict_values","name":"dict_values","type_vars":[{".class":"TypeVarType","default":{".class":"AnyType","missing_import_name":null,"source_any":null,"type_of_any":4},"fullname":"_collections_abc._KT_co","id":1,"name":"_KT_co","namespace":"_collections_abc.dict_values","upper_bound":"builtins.object","values":[],"variance":1},{".class":"TypeVarType","default":{".class":"AnyType","missing_import_name":null,"source_any":null,"type_of_any":4},"fullname":"_collections_abc._VT_co","id":2,"name":"_VT_co","namespace":"_collections_abc.dict_values","upper_bound":"builtins.object","values":[],"variance":1}]},"deletable_attributes":[],"flags":["is_final"],"fullname":"_collections_abc.dict_values","has_param_spec_type":false,"metaclass_type":"abc.ABCMeta","metadata":{},"module_name":"_collections_abc","mro":["_collections_abc.dict_values","typing.ValuesView","typing.MappingView","typing.Sized","typing.Collection","typing.Iterable","typing.Container","builtins.object"],"names":{".class":"SymbolTable","mapping":{".class":"SymbolTableNode","kind":"Mdef","node":{".class":"Decorator","func":{".class":"FuncDef","abstract_status":0,"arg_kinds":[0],"arg_names":["self"],"dataclass_transform_spec":null,"flags":["is_property","is_decorated"],"fullname":"_collections_abc.dict_values.mapping","name":"mapping","type":{".class":"CallableType","arg_kinds":[0],"arg_names":["self"],"arg_types":[{".class":"Instance","args":[{".class":"TypeVarType","default":{".class":"AnyType","missing_import_name":null,"source_any":null,"type_of_any":4},"fullname":"_collections_abc._KT_co","id":1,"name":"_KT_co","namespace":"_collections_abc.dict_values","upper_bound":"builtins.object","values":[],"variance":1},{".class":"TypeVarType","default":{".class":"AnyType","missing_import_name":null,"source_any":null,"type_of_any":4},"fullname":"_collections_abc._VT_co","id":2,"name":"_VT_co","namespace":"_collections_abc.dict_values","upper_bound":"builtins.object","values":[],"variance":1}],"type_ref":"_collections_abc.dict_values"}],"bound_args":[],"def_extras":{"first_arg":"self"},"fallback":"builtins.function","from_concatenate":false,"implicit":false,"imprecise_arg_kinds":false,"is_ellipsis_args":false,"name":"mapping of dict_values","ret_type":{".class":"Instance","args":[{".class":"TypeVarType","default":{".class":"AnyType","missing_import_name":null,"source_any":null,"type_of_any":4},"fullname":"_collections_abc._KT_co","id":1,"name":"_KT_co","namespace":"_collections_abc.dict_values","upper_bound":"builtins.object","values":[],"variance":1},{".class":"TypeVarType","default":{".class":"AnyType","missing_import_name":null,"source_any":null,"type_of_any":4},"fullname":"_collections_abc._VT_co","id":2,"name":"_VT_co","namespace":"_collections_abc.dict_values","upper_bound":"builtins.object","values":[],"variance":1}],"type_ref":"types.MappingProxyType"},"type_guard":null,"unpack_kwargs":false,"variables":[]}},"is_overload":false,"var":{".class":"Var","flags":["is_initialized_in_class","is_property","is_ready","is_inferred"],"fullname":"_collections_abc.dict_values.mapping","name":"mapping","type":{".class":"CallableType","arg_kinds":[0],"arg_names":["self"],"arg_types":[{".class":"Instance","args":[{".class":"TypeVarType","default":{".class":"AnyType","missing_import_name":null,"source_any":null,"type_of_any":4},"fullname":"_collections_abc._KT_co","id":1,"name":"_KT_co","namespace":"_collections_abc.dict_values","upper_bound":"builtins.object","values":[],"variance":1},{".class":"TypeVarType","default":{".class":"AnyType","missing_import_name":null,"source_any":null,"type_of_any":4},"fullname":"_collections_abc._VT_co","id":2,"name":"_VT_co","namespace":"_collections_abc.dict_values","upper_bound":"builtins.object","values":[],"variance":1}],"type_ref":"_collections_abc.dict_values"}],"bound_args":[],"def_extras":{"first_arg":"self"},"fallback":"builtins.function","from_concatenate":false,"implicit":false,"imprecise_arg_kinds":false,"is_ellipsis_args":false,"name":"mapping of dict_values","ret_type":{".class":"Instance","args":[{".class":"TypeVarType","default":{".class":"AnyType","missing_import_name":null,"source_any":null,"type_of_any":4},"fullname":"_collections_abc._KT_co","id":1,"name":"_KT_co","namespace":"_collections_abc.dict_values","upper_bound":"builtins.object","values":[],"variance":1},{".class":"TypeVarType","default":{".class":"AnyType","missing_import_name":null,"source_any":null,"type_of_any":4},"fullname":"_collections_abc._VT_co","id":2,"name":"_VT_co","namespace":"_collections_abc.dict_values","upper_bound":"builtins.object","values":[],"variance":1}],"type_ref":"types.MappingProxyType"},"type_guard":null,"unpack_kwargs":false,"variables":[]}}}}},"self_type":null,"slots":null,"tuple_type":null,"type_vars":["_KT_co","_VT_co"],"typeddict_type":null}},"final":{".class":"SymbolTableNode","cross_ref":"typing.final","kind":"Gdef","module_hidden":true,"module_public":false},"runtime_checkable":{".class":"SymbolTableNode","cross_ref":"typing.runtime_checkable","kind":"Gdef","module_hidden":true,"module_public":false},"sys":{".class":"SymbolTableNode","cross_ref":"sys","kind":"Gdef","module_hidden":true,"module_public":false}},"path":"/data/data/com.termux/files/usr/lib/python3.11/site-packages/mypy/typeshed/stdlib/_collections_abc.pyi"}