{"data_mtime":1711195302,"dep_lines":[5,1,2,3,6,7,8,1,1],"dep_prios":[5,5,10,5,5,5,5,5,30],"dependencies":["collections.abc","abc","sys","_typeshed","types","typing","typing_extensions","builtins","os"],"hash":"157fa4e1b9c6d0710e09a114fe6e86170f0221e57d366223be1989d81fac1d48","id":"contextlib","ignore_all":true,"interface_hash":"d44a68f6a46f97a58962e456e3184e96a2a62d84511ddb8afeb131dd9c5122fa","mtime":1711193033,"options":{"allow_redefinition":false,"allow_untyped_globals":false,"always_false":[],"always_true":[],"bazel":false,"check_untyped_defs":true,"disable_bytearray_promotion":false,"disable_error_code":[],"disable_memoryview_promotion":false,"disabled_error_codes":[],"disallow_any_decorated":false,"disallow_any_explicit":false,"disallow_any_expr":false,"disallow_any_generics":true,"disallow_any_unimported":false,"disallow_incomplete_defs":true,"disallow_subclassing_any":true,"disallow_untyped_calls":true,"disallow_untyped_decorators":true,"disallow_untyped_defs":true,"enable_error_code":[],"enabled_error_codes":[],"extra_checks":true,"follow_imports":"normal","follow_imports_for_stubs":false,"ignore_errors":false,"ignore_missing_imports":false,"implicit_optional":false,"implicit_reexport":false,"local_partial_types":false,"mypyc":false,"old_type_inference":false,"platform":"linux","plugins":[],"strict_concatenate":false,"strict_equality":true,"strict_optional":true,"warn_no_return":true,"warn_return_any":true,"warn_unreachable":false,"warn_unused_ignores":true},"path":"/data/data/com.termux/files/usr/lib/python3.11/site-packages/mypy/typeshed/stdlib/contextlib.pyi","plugin_data":null,"size":8938,"suppressed":[],"version_id":"1.9.0"}