{".class":"MypyFile","_fullname":"dataclasses","future_import_flags":[],"is_partial_stub_package":false,"is_stub":true,"names":{".class":"SymbolTable","Any":{".class":"SymbolTableNode","cross_ref":"typing.Any","kind":"Gdef","module_hidden":true,"module_public":false},"Callable":{".class":"SymbolTableNode","cross_ref":"typing.Callable","kind":"Gdef","module_hidden":true,"module_public":false},"DataclassInstance":{".class":"SymbolTableNode","cross_ref":"_typeshed.DataclassInstance","kind":"Gdef","module_hidden":true,"module_public":false},"Field":{".class":"SymbolTableNode","kind":"Gdef","node":{".class":"TypeInfo","_promote":[],"abstract_attributes":[],"alt_promote":null,"bases":["builtins.object"],"dataclass_transform_spec":null,"declared_metaclass":null,"defn":{".class":"ClassDef","fullname":"dataclasses.Field","name":"Field","type_vars":[{".class":"TypeVarType","default":{".class":"AnyType","missing_import_name":null,"source_any":null,"type_of_any":4},"fullname":"dataclasses._T","id":1,"name":"_T","namespace":"dataclasses.Field","upper_bound":"builtins.object","values":[],"variance":0}]},"deletable_attributes":[],"flags":[],"fullname":"dataclasses.Field","has_param_spec_type":false,"metaclass_type":null,"metadata":{},"module_name":"dataclasses","mro":["dataclasses.Field","builtins.object"],"names":{".class":"SymbolTable","__class_getitem__":{".class":"SymbolTableNode","kind":"Mdef","node":{".class":"FuncDef","abstract_status":0,"arg_kinds":[0,0],"arg_names":["cls","item"],"dataclass_transform_spec":null,"flags":["is_class"],"fullname":"dataclasses.Field.__class_getitem__","name":"__class_getitem__","type":{".class":"CallableType","arg_kinds":[0,0],"arg_names":["cls","item"],"arg_types":[{".class":"TypeType","item":{".class":"Instance","args":[{".class":"TypeVarType","default":{".class":"AnyType","missing_import_name":null,"source_any":null,"type_of_any":4},"fullname":"dataclasses._T","id":1,"name":"_T","namespace":"dataclasses.Field","upper_bound":"builtins.object","values":[],"variance":0}],"type_ref":"dataclasses.Field"}},{".class":"AnyType","missing_import_name":null,"source_any":null,"type_of_any":2}],"bound_args":[],"def_extras":{"first_arg":"cls"},"fallback":"builtins.function","from_concatenate":false,"implicit":false,"imprecise_arg_kinds":false,"is_ellipsis_args":false,"name":"__class_getitem__ of Field","ret_type":"types.GenericAlias","type_guard":null,"unpack_kwargs":false,"variables":[]}}},"__init__":{".class":"SymbolTableNode","kind":"Mdef","node":{".class":"FuncDef","abstract_status":0,"arg_kinds":[0,0,0,0,0,0,0,0,0],"arg_names":["self","default","default_factory","init","repr","hash","compare","metadata","kw_only"],"dataclass_transform_spec":null,"flags":[],"fullname":"dataclasses.Field.__init__","name":"__init__","type":{".class":"CallableType","arg_kinds":[0,0,0,0,0,0,0,0,0],"arg_names":["self","default","default_factory","init","repr","hash","compare","metadata","kw_only"],"arg_types":[{".class":"Instance","args":[{".class":"TypeVarType","default":{".class":"AnyType","missing_import_name":null,"source_any":null,"type_of_any":4},"fullname":"dataclasses._T","id":1,"name":"_T","namespace":"dataclasses.Field","upper_bound":"builtins.object","values":[],"variance":0}],"type_ref":"dataclasses.Field"},{".class":"TypeVarType","default":{".class":"AnyType","missing_import_name":null,"source_any":null,"type_of_any":4},"fullname":"dataclasses._T","id":1,"name":"_T","namespace":"dataclasses.Field","upper_bound":"builtins.object","values":[],"variance":0},{".class":"CallableType","arg_kinds":[],"arg_names":[],"arg_types":[],"bound_args":[],"def_extras":{},"fallback":"builtins.function","from_concatenate":false,"implicit":false,"imprecise_arg_kinds":false,"is_ellipsis_args":false,"name":null,"ret_type":{".class":"TypeVarType","default":{".class":"AnyType","missing_import_name":null,"source_any":null,"type_of_any":4},"fullname":"dataclasses._T","id":1,"name":"_T","namespace":"dataclasses.Field","upper_bound":"builtins.object","values":[],"variance":0},"type_guard":null,"unpack_kwargs":false,"variables":[]},"builtins.bool","builtins.bool",{".class":"UnionType","items":["builtins.bool",{".class":"NoneType"}]},"builtins.bool",{".class":"Instance","args":[{".class":"AnyType","missing_import_name":null,"source_any":null,"type_of_any":2},{".class":"AnyType","missing_import_name":null,"source_any":null,"type_of_any":2}],"type_ref":"typing.Mapping"},"builtins.bool"],"bound_args":[],"def_extras":{"first_arg":"self"},"fallback":"builtins.function","from_concatenate":false,"implicit":false,"imprecise_arg_kinds":false,"is_ellipsis_args":false,"name":"__init__ of Field","ret_type":{".class":"NoneType"},"type_guard":null,"unpack_kwargs":false,"variables":[]}}},"__set_name__":{".class":"SymbolTableNode","kind":"Mdef","node":{".class":"FuncDef","abstract_status":0,"arg_kinds":[0,0,0],"arg_names":["self","owner","name"],"dataclass_transform_spec":null,"flags":[],"fullname":"dataclasses.Field.__set_name__","name":"__set_name__","type":{".class":"CallableType","arg_kinds":[0,0,0],"arg_names":["self","owner","name"],"arg_types":[{".class":"Instance","args":[{".class":"TypeVarType","default":{".class":"AnyType","missing_import_name":null,"source_any":null,"type_of_any":4},"fullname":"dataclasses._T","id":1,"name":"_T","namespace":"dataclasses.Field","upper_bound":"builtins.object","values":[],"variance":0}],"type_ref":"dataclasses.Field"},{".class":"TypeType","item":{".class":"AnyType","missing_import_name":null,"source_any":null,"type_of_any":2}},"builtins.str"],"bound_args":[],"def_extras":{"first_arg":"self"},"fallback":"builtins.function","from_concatenate":false,"implicit":false,"imprecise_arg_kinds":false,"is_ellipsis_args":false,"name":"__set_name__ of Field","ret_type":{".class":"NoneType"},"type_guard":null,"unpack_kwargs":false,"variables":[]}}},"compare":{".class":"SymbolTableNode","kind":"Mdef","node":{".class":"Var","flags":["is_initialized_in_class","is_ready"],"fullname":"dataclasses.Field.compare","name":"compare","type":"builtins.bool"}},"default":{".class":"SymbolTableNode","kind":"Mdef","node":{".class":"Var","flags":["is_initialized_in_class","is_ready"],"fullname":"dataclasses.Field.default","name":"default","type":{".class":"UnionType","items":[{".class":"TypeVarType","default":{".class":"AnyType","missing_import_name":null,"source_any":null,"type_of_any":4},"fullname":"dataclasses._T","id":1,"name":"_T","namespace":"dataclasses.Field","upper_bound":"builtins.object","values":[],"variance":0},{".class":"LiteralType","fallback":"dataclasses._MISSING_TYPE","value":"MISSING"}]}}},"default_factory":{".class":"SymbolTableNode","kind":"Mdef","node":{".class":"Var","flags":["is_initialized_in_class","is_ready"],"fullname":"dataclasses.Field.default_factory","name":"default_factory","type":{".class":"UnionType","items":[{".class":"Instance","args":[{".class":"TypeVarType","default":{".class":"AnyType","missing_import_name":null,"source_any":null,"type_of_any":4},"fullname":"dataclasses._T","id":1,"name":"_T","namespace":"dataclasses.Field","upper_bound":"builtins.object","values":[],"variance":0}],"type_ref":"dataclasses._DefaultFactory"},{".class":"LiteralType","fallback":"dataclasses._MISSING_TYPE","value":"MISSING"}]}}},"hash":{".class":"SymbolTableNode","kind":"Mdef","node":{".class":"Var","flags":["is_initialized_in_class","is_ready"],"fullname":"dataclasses.Field.hash","name":"hash","type":{".class":"UnionType","items":["builtins.bool",{".class":"NoneType"}]}}},"init":{".class":"SymbolTableNode","kind":"Mdef","node":{".class":"Var","flags":["is_initialized_in_class","is_ready"],"fullname":"dataclasses.Field.init","name":"init","type":"builtins.bool"}},"kw_only":{".class":"SymbolTableNode","kind":"Mdef","node":{".class":"Var","flags":["is_initialized_in_class","is_ready"],"fullname":"dataclasses.Field.kw_only","name":"kw_only","type":{".class":"UnionType","items":["builtins.bool",{".class":"LiteralType","fallback":"dataclasses._MISSING_TYPE","value":"MISSING"}]}}},"metadata":{".class":"SymbolTableNode","kind":"Mdef","node":{".class":"Var","flags":["is_initialized_in_class","is_ready"],"fullname":"dataclasses.Field.metadata","name":"metadata","type":{".class":"Instance","args":[{".class":"AnyType","missing_import_name":null,"source_any":null,"type_of_any":2},{".class":"AnyType","missing_import_name":null,"source_any":null,"type_of_any":2}],"type_ref":"types.MappingProxyType"}}},"name":{".class":"SymbolTableNode","kind":"Mdef","node":{".class":"Var","flags":["is_initialized_in_class","is_ready"],"fullname":"dataclasses.Field.name","name":"name","type":"builtins.str"}},"repr":{".class":"SymbolTableNode","kind":"Mdef","node":{".class":"Var","flags":["is_initialized_in_class","is_ready"],"fullname":"dataclasses.Field.repr","name":"repr","type":"builtins.bool"}},"type":{".class":"SymbolTableNode","kind":"Mdef","node":{".class":"Var","flags":["is_initialized_in_class","is_ready"],"fullname":"dataclasses.Field.type","name":"type","type":{".class":"TypeType","item":{".class":"TypeVarType","default":{".class":"AnyType","missing_import_name":null,"source_any":null,"type_of_any":4},"fullname":"dataclasses._T","id":1,"name":"_T","namespace":"dataclasses.Field","upper_bound":"builtins.object","values":[],"variance":0}}}}},"self_type":null,"slots":null,"tuple_type":null,"type_vars":["_T"],"typeddict_type":null}},"FrozenInstanceError":{".class":"SymbolTableNode","kind":"Gdef","node":{".class":"TypeInfo","_promote":[],"abstract_attributes":[],"alt_promote":null,"bases":["builtins.AttributeError"],"dataclass_transform_spec":null,"declared_metaclass":null,"defn":{".class":"ClassDef","fullname":"dataclasses.FrozenInstanceError","name":"FrozenInstanceError","type_vars":[]},"deletable_attributes":[],"flags":[],"fullname":"dataclasses.FrozenInstanceError","has_param_spec_type":false,"metaclass_type":null,"metadata":{},"module_name":"dataclasses","mro":["dataclasses.FrozenInstanceError","builtins.AttributeError","builtins.Exception","builtins.BaseException","builtins.object"],"names":{".class":"SymbolTable"},"self_type":null,"slots":null,"tuple_type":null,"type_vars":[],"typeddict_type":null}},"Generic":{".class":"SymbolTableNode","cross_ref":"typing.Generic","kind":"Gdef","module_hidden":true,"module_public":false},"GenericAlias":{".class":"SymbolTableNode","cross_ref":"types.GenericAlias","kind":"Gdef","module_hidden":true,"module_public":false},"InitVar":{".class":"SymbolTableNode","kind":"Gdef","node":{".class":"TypeInfo","_promote":[],"abstract_attributes":[],"alt_promote":null,"bases":["builtins.object"],"dataclass_transform_spec":null,"declared_metaclass":"builtins.type","defn":{".class":"ClassDef","fullname":"dataclasses.InitVar","name":"InitVar","type_vars":[{".class":"TypeVarType","default":{".class":"AnyType","missing_import_name":null,"source_any":null,"type_of_any":4},"fullname":"dataclasses._T","id":1,"name":"_T","namespace":"dataclasses.InitVar","upper_bound":"builtins.object","values":[],"variance":0}]},"deletable_attributes":[],"flags":[],"fullname":"dataclasses.InitVar","has_param_spec_type":false,"metaclass_type":"builtins.type","metadata":{},"module_name":"dataclasses","mro":["dataclasses.InitVar","builtins.object"],"names":{".class":"SymbolTable","__class_getitem__":{".class":"SymbolTableNode","kind":"Mdef","node":{".class":"OverloadedFuncDef","flags":["is_class"],"fullname":"dataclasses.InitVar.__class_getitem__","impl":null,"items":[{".class":"Decorator","func":{".class":"FuncDef","abstract_status":0,"arg_kinds":[0,0],"arg_names":["cls","type"],"dataclass_transform_spec":null,"flags":["is_class","is_overload","is_decorated"],"fullname":"dataclasses.InitVar.__class_getitem__","name":"__class_getitem__","type":{".class":"CallableType","arg_kinds":[0,0],"arg_names":["cls","type"],"arg_types":[{".class":"TypeType","item":{".class":"Instance","args":[{".class":"TypeVarType","default":{".class":"AnyType","missing_import_name":null,"source_any":null,"type_of_any":4},"fullname":"dataclasses._T","id":1,"name":"_T","namespace":"dataclasses.InitVar","upper_bound":"builtins.object","values":[],"variance":0}],"type_ref":"dataclasses.InitVar"}},{".class":"TypeType","item":{".class":"TypeVarType","default":{".class":"AnyType","missing_import_name":null,"source_any":null,"type_of_any":4},"fullname":"dataclasses._T","id":1,"name":"_T","namespace":"dataclasses.InitVar","upper_bound":"builtins.object","values":[],"variance":0}}],"bound_args":[],"def_extras":{"first_arg":"cls"},"fallback":"builtins.function","from_concatenate":false,"implicit":false,"imprecise_arg_kinds":false,"is_ellipsis_args":false,"name":"__class_getitem__ of InitVar","ret_type":{".class":"Instance","args":[{".class":"TypeVarType","default":{".class":"AnyType","missing_import_name":null,"source_any":null,"type_of_any":4},"fullname":"dataclasses._T","id":1,"name":"_T","namespace":"dataclasses.InitVar","upper_bound":"builtins.object","values":[],"variance":0}],"type_ref":"dataclasses.InitVar"},"type_guard":null,"unpack_kwargs":false,"variables":[]}},"is_overload":true,"var":{".class":"Var","flags":["is_ready","is_inferred"],"fullname":"dataclasses.InitVar.__class_getitem__","name":"__class_getitem__","type":{".class":"CallableType","arg_kinds":[0,0],"arg_names":["cls","type"],"arg_types":[{".class":"TypeType","item":{".class":"Instance","args":[{".class":"TypeVarType","default":{".class":"AnyType","missing_import_name":null,"source_any":null,"type_of_any":4},"fullname":"dataclasses._T","id":1,"name":"_T","namespace":"dataclasses.InitVar","upper_bound":"builtins.object","values":[],"variance":0}],"type_ref":"dataclasses.InitVar"}},{".class":"TypeType","item":{".class":"TypeVarType","default":{".class":"AnyType","missing_import_name":null,"source_any":null,"type_of_any":4},"fullname":"dataclasses._T","id":1,"name":"_T","namespace":"dataclasses.InitVar","upper_bound":"builtins.object","values":[],"variance":0}}],"bound_args":[],"def_extras":{"first_arg":"cls"},"fallback":"builtins.function","from_concatenate":false,"implicit":false,"imprecise_arg_kinds":false,"is_ellipsis_args":false,"name":"__class_getitem__ of InitVar","ret_type":{".class":"Instance","args":[{".class":"TypeVarType","default":{".class":"AnyType","missing_import_name":null,"source_any":null,"type_of_any":4},"fullname":"dataclasses._T","id":1,"name":"_T","namespace":"dataclasses.InitVar","upper_bound":"builtins.object","values":[],"variance":0}],"type_ref":"dataclasses.InitVar"},"type_guard":null,"unpack_kwargs":false,"variables":[]}}},{".class":"Decorator","func":{".class":"FuncDef","abstract_status":0,"arg_kinds":[0,0],"arg_names":["cls","type"],"dataclass_transform_spec":null,"flags":["is_class","is_overload","is_decorated"],"fullname":"dataclasses.InitVar.__class_getitem__","name":"__class_getitem__","type":{".class":"CallableType","arg_kinds":[0,0],"arg_names":["cls","type"],"arg_types":[{".class":"TypeType","item":{".class":"Instance","args":[{".class":"TypeVarType","default":{".class":"AnyType","missing_import_name":null,"source_any":null,"type_of_any":4},"fullname":"dataclasses._T","id":1,"name":"_T","namespace":"dataclasses.InitVar","upper_bound":"builtins.object","values":[],"variance":0}],"type_ref":"dataclasses.InitVar"}},{".class":"AnyType","missing_import_name":null,"source_any":null,"type_of_any":2}],"bound_args":[],"def_extras":{"first_arg":"cls"},"fallback":"builtins.function","from_concatenate":false,"implicit":false,"imprecise_arg_kinds":false,"is_ellipsis_args":false,"name":"__class_getitem__ of InitVar","ret_type":{".class":"Instance","args":[{".class":"AnyType","missing_import_name":null,"source_any":null,"type_of_any":2}],"type_ref":"dataclasses.InitVar"},"type_guard":null,"unpack_kwargs":false,"variables":[]}},"is_overload":true,"var":{".class":"Var","flags":["is_ready","is_inferred"],"fullname":"dataclasses.InitVar.__class_getitem__","name":"__class_getitem__","type":{".class":"CallableType","arg_kinds":[0,0],"arg_names":["cls","type"],"arg_types":[{".class":"TypeType","item":{".class":"Instance","args":[{".class":"TypeVarType","default":{".class":"AnyType","missing_import_name":null,"source_any":null,"type_of_any":4},"fullname":"dataclasses._T","id":1,"name":"_T","namespace":"dataclasses.InitVar","upper_bound":"builtins.object","values":[],"variance":0}],"type_ref":"dataclasses.InitVar"}},{".class":"AnyType","missing_import_name":null,"source_any":null,"type_of_any":2}],"bound_args":[],"def_extras":{"first_arg":"cls"},"fallback":"builtins.function","from_concatenate":false,"implicit":false,"imprecise_arg_kinds":false,"is_ellipsis_args":false,"name":"__class_getitem__ of InitVar","ret_type":{".class":"Instance","args":[{".class":"AnyType","missing_import_name":null,"source_any":null,"type_of_any":2}],"type_ref":"dataclasses.InitVar"},"type_guard":null,"unpack_kwargs":false,"variables":[]}}}],"type":{".class":"Overloaded","items":[{".class":"CallableType","arg_kinds":[0,0],"arg_names":["cls","type"],"arg_types":[{".class":"TypeType","item":{".class":"Instance","args":[{".class":"TypeVarType","default":{".class":"AnyType","missing_import_name":null,"source_any":null,"type_of_any":4},"fullname":"dataclasses._T","id":1,"name":"_T","namespace":"dataclasses.InitVar","upper_bound":"builtins.object","values":[],"variance":0}],"type_ref":"dataclasses.InitVar"}},{".class":"TypeType","item":{".class":"TypeVarType","default":{".class":"AnyType","missing_import_name":null,"source_any":null,"type_of_any":4},"fullname":"dataclasses._T","id":1,"name":"_T","namespace":"dataclasses.InitVar","upper_bound":"builtins.object","values":[],"variance":0}}],"bound_args":[],"def_extras":{"first_arg":"cls"},"fallback":"builtins.function","from_concatenate":false,"implicit":false,"imprecise_arg_kinds":false,"is_ellipsis_args":false,"name":"__class_getitem__ of InitVar","ret_type":{".class":"Instance","args":[{".class":"TypeVarType","default":{".class":"AnyType","missing_import_name":null,"source_any":null,"type_of_any":4},"fullname":"dataclasses._T","id":1,"name":"_T","namespace":"dataclasses.InitVar","upper_bound":"builtins.object","values":[],"variance":0}],"type_ref":"dataclasses.InitVar"},"type_guard":null,"unpack_kwargs":false,"variables":[]},{".class":"CallableType","arg_kinds":[0,0],"arg_names":["cls","type"],"arg_types":[{".class":"TypeType","item":{".class":"Instance","args":[{".class":"TypeVarType","default":{".class":"AnyType","missing_import_name":null,"source_any":null,"type_of_any":4},"fullname":"dataclasses._T","id":1,"name":"_T","namespace":"dataclasses.InitVar","upper_bound":"builtins.object","values":[],"variance":0}],"type_ref":"dataclasses.InitVar"}},{".class":"AnyType","missing_import_name":null,"source_any":null,"type_of_any":2}],"bound_args":[],"def_extras":{"first_arg":"cls"},"fallback":"builtins.function","from_concatenate":false,"implicit":false,"imprecise_arg_kinds":false,"is_ellipsis_args":false,"name":"__class_getitem__ of InitVar","ret_type":{".class":"Instance","args":[{".class":"AnyType","missing_import_name":null,"source_any":null,"type_of_any":2}],"type_ref":"dataclasses.InitVar"},"type_guard":null,"unpack_kwargs":false,"variables":[]}]}}},"__init__":{".class":"SymbolTableNode","kind":"Mdef","node":{".class":"FuncDef","abstract_status":0,"arg_kinds":[0,0],"arg_names":["self","type"],"dataclass_transform_spec":null,"flags":[],"fullname":"dataclasses.InitVar.__init__","name":"__init__","type":{".class":"CallableType","arg_kinds":[0,0],"arg_names":["self","type"],"arg_types":[{".class":"Instance","args":[{".class":"TypeVarType","default":{".class":"AnyType","missing_import_name":null,"source_any":null,"type_of_any":4},"fullname":"dataclasses._T","id":1,"name":"_T","namespace":"dataclasses.InitVar","upper_bound":"builtins.object","values":[],"variance":0}],"type_ref":"dataclasses.InitVar"},{".class":"TypeType","item":{".class":"TypeVarType","default":{".class":"AnyType","missing_import_name":null,"source_any":null,"type_of_any":4},"fullname":"dataclasses._T","id":1,"name":"_T","namespace":"dataclasses.InitVar","upper_bound":"builtins.object","values":[],"variance":0}}],"bound_args":[],"def_extras":{"first_arg":"self"},"fallback":"builtins.function","from_concatenate":false,"implicit":false,"imprecise_arg_kinds":false,"is_ellipsis_args":false,"name":"__init__ of InitVar","ret_type":{".class":"NoneType"},"type_guard":null,"unpack_kwargs":false,"variables":[]}}},"type":{".class":"SymbolTableNode","kind":"Mdef","node":{".class":"Var","flags":["is_initialized_in_class","is_ready"],"fullname":"dataclasses.InitVar.type","name":"type","type":{".class":"TypeType","item":{".class":"TypeVarType","default":{".class":"AnyType","missing_import_name":null,"source_any":null,"type_of_any":4},"fullname":"dataclasses._T","id":1,"name":"_T","namespace":"dataclasses.InitVar","upper_bound":"builtins.object","values":[],"variance":0}}}}},"self_type":null,"slots":null,"tuple_type":null,"type_vars":["_T"],"typeddict_type":null}},"Iterable":{".class":"SymbolTableNode","cross_ref":"typing.Iterable","kind":"Gdef","module_hidden":true,"module_public":false},"KW_ONLY":{".class":"SymbolTableNode","kind":"Gdef","node":{".class":"TypeInfo","_promote":[],"abstract_attributes":[],"alt_promote":null,"bases":["builtins.object"],"dataclass_transform_spec":null,"declared_metaclass":null,"defn":{".class":"ClassDef","fullname":"dataclasses.KW_ONLY","name":"KW_ONLY","type_vars":[]},"deletable_attributes":[],"flags":[],"fullname":"dataclasses.KW_ONLY","has_param_spec_type":false,"metaclass_type":null,"metadata":{},"module_name":"dataclasses","mro":["dataclasses.KW_ONLY","builtins.object"],"names":{".class":"SymbolTable"},"self_type":null,"slots":null,"tuple_type":null,"type_vars":[],"typeddict_type":null}},"Literal":{".class":"SymbolTableNode","cross_ref":"typing.Literal","kind":"Gdef","module_hidden":true,"module_public":false},"MISSING":{".class":"SymbolTableNode","kind":"Gdef","node":{".class":"Var","flags":["is_inferred","has_explicit_value"],"fullname":"dataclasses.MISSING","name":"MISSING","type":"dataclasses._MISSING_TYPE"}},"Mapping":{".class":"SymbolTableNode","cross_ref":"typing.Mapping","kind":"Gdef","module_hidden":true,"module_public":false},"Protocol":{".class":"SymbolTableNode","cross_ref":"typing.Protocol","kind":"Gdef","module_hidden":true,"module_public":false},"Type":{".class":"SymbolTableNode","cross_ref":"builtins.type","kind":"Gdef","module_hidden":true,"module_public":false},"TypeAlias":{".class":"SymbolTableNode","cross_ref":"typing.TypeAlias","kind":"Gdef","module_hidden":true,"module_public":false},"TypeGuard":{".class":"SymbolTableNode","cross_ref":"typing.TypeGuard","kind":"Gdef","module_hidden":true,"module_public":false},"TypeVar":{".class":"SymbolTableNode","cross_ref":"typing.TypeVar","kind":"Gdef","module_hidden":true,"module_public":false},"_DataclassT":{".class":"SymbolTableNode","kind":"Gdef","module_public":false,"node":{".class":"TypeVarExpr","default":{".class":"AnyType","missing_import_name":null,"source_any":null,"type_of_any":4},"fullname":"dataclasses._DataclassT","name":"_DataclassT","upper_bound":"_typeshed.DataclassInstance","values":[],"variance":0}},"_DefaultFactory":{".class":"SymbolTableNode","kind":"Gdef","module_public":false,"node":{".class":"TypeInfo","_promote":[],"abstract_attributes":[],"alt_promote":null,"bases":["builtins.object"],"dataclass_transform_spec":null,"declared_metaclass":null,"defn":{".class":"ClassDef","fullname":"dataclasses._DefaultFactory","name":"_DefaultFactory","type_vars":[{".class":"TypeVarType","default":{".class":"AnyType","missing_import_name":null,"source_any":null,"type_of_any":4},"fullname":"dataclasses._T_co","id":1,"name":"_T_co","namespace":"dataclasses._DefaultFactory","upper_bound":"builtins.object","values":[],"variance":1}]},"deletable_attributes":[],"flags":["is_protocol"],"fullname":"dataclasses._DefaultFactory","has_param_spec_type":false,"metaclass_type":"abc.ABCMeta","metadata":{},"module_name":"dataclasses","mro":["dataclasses._DefaultFactory","builtins.object"],"names":{".class":"SymbolTable","__call__":{".class":"SymbolTableNode","kind":"Mdef","node":{".class":"FuncDef","abstract_status":0,"arg_kinds":[0],"arg_names":["self"],"dataclass_transform_spec":null,"flags":[],"fullname":"dataclasses._DefaultFactory.__call__","name":"__call__","type":{".class":"CallableType","arg_kinds":[0],"arg_names":["self"],"arg_types":[{".class":"Instance","args":[{".class":"TypeVarType","default":{".class":"AnyType","missing_import_name":null,"source_any":null,"type_of_any":4},"fullname":"dataclasses._T_co","id":1,"name":"_T_co","namespace":"dataclasses._DefaultFactory","upper_bound":"builtins.object","values":[],"variance":1}],"type_ref":"dataclasses._DefaultFactory"}],"bound_args":[],"def_extras":{"first_arg":"self"},"fallback":"builtins.function","from_concatenate":false,"implicit":false,"imprecise_arg_kinds":false,"is_ellipsis_args":false,"name":"__call__ of _DefaultFactory","ret_type":{".class":"TypeVarType","default":{".class":"AnyType","missing_import_name":null,"source_any":null,"type_of_any":4},"fullname":"dataclasses._T_co","id":1,"name":"_T_co","namespace":"dataclasses._DefaultFactory","upper_bound":"builtins.object","values":[],"variance":1},"type_guard":null,"unpack_kwargs":false,"variables":[]}}}},"self_type":null,"slots":null,"tuple_type":null,"type_vars":["_T_co"],"typeddict_type":null}},"_InitVarMeta":{".class":"SymbolTableNode","kind":"Gdef","module_public":false,"node":{".class":"TypeAlias","alias_tvars":[],"column":4,"fullname":"dataclasses._InitVarMeta","line":226,"no_args":true,"normalized":false,"target":"builtins.type"}},"_MISSING_TYPE":{".class":"SymbolTableNode","kind":"Gdef","module_public":false,"node":{".class":"TypeInfo","_promote":[],"abstract_attributes":[],"alt_promote":null,"bases":["enum.Enum"],"dataclass_transform_spec":null,"declared_metaclass":null,"defn":{".class":"ClassDef","fullname":"dataclasses._MISSING_TYPE","name":"_MISSING_TYPE","type_vars":[]},"deletable_attributes":[],"flags":["is_enum"],"fullname":"dataclasses._MISSING_TYPE","has_param_spec_type":false,"metaclass_type":"enum.EnumMeta","metadata":{},"module_name":"dataclasses","mro":["dataclasses._MISSING_TYPE","enum.Enum","builtins.object"],"names":{".class":"SymbolTable","MISSING":{".class":"SymbolTableNode","kind":"Mdef","node":{".class":"Var","flags":["is_initialized_in_class","is_final","is_inferred","has_explicit_value"],"fullname":"dataclasses._MISSING_TYPE.MISSING","name":"MISSING","type":"enum.auto"}}},"self_type":null,"slots":null,"tuple_type":null,"type_vars":[],"typeddict_type":null}},"_T":{".class":"SymbolTableNode","kind":"Gdef","module_public":false,"node":{".class":"TypeVarExpr","default":{".class":"AnyType","missing_import_name":null,"source_any":null,"type_of_any":4},"fullname":"dataclasses._T","name":"_T","upper_bound":"builtins.object","values":[],"variance":0}},"_T_co":{".class":"SymbolTableNode","kind":"Gdef","module_public":false,"node":{".class":"TypeVarExpr","default":{".class":"AnyType","missing_import_name":null,"source_any":null,"type_of_any":4},"fullname":"dataclasses._T_co","name":"_T_co","upper_bound":"builtins.object","values":[],"variance":1}},"__all__":{".class":"SymbolTableNode","kind":"Gdef","module_public":false,"node":{".class":"Var","flags":["is_inferred","has_explicit_value"],"fullname":"dataclasses.__all__","name":"__all__","type":{".class":"Instance","args":["builtins.str"],"type_ref":"builtins.list"}}},"__annotations__":{".class":"SymbolTableNode","kind":"Gdef","module_public":false,"node":{".class":"Var","flags":["is_ready"],"fullname":"dataclasses.__annotations__","name":"__annotations__","type":{".class":"Instance","args":["builtins.str",{".class":"AnyType","missing_import_name":null,"source_any":null,"type_of_any":6}],"type_ref":"builtins.dict"}}},"__doc__":{".class":"SymbolTableNode","kind":"Gdef","module_public":false,"node":{".class":"Var","flags":["is_ready"],"fullname":"dataclasses.__doc__","name":"__doc__","type":"builtins.str"}},"__file__":{".class":"SymbolTableNode","kind":"Gdef","module_public":false,"node":{".class":"Var","flags":["is_ready"],"fullname":"dataclasses.__file__","name":"__file__","type":"builtins.str"}},"__name__":{".class":"SymbolTableNode","kind":"Gdef","module_public":false,"node":{".class":"Var","flags":["is_ready"],"fullname":"dataclasses.__name__","name":"__name__","type":"builtins.str"}},"__package__":{".class":"SymbolTableNode","kind":"Gdef","module_public":false,"node":{".class":"Var","flags":["is_ready"],"fullname":"dataclasses.__package__","name":"__package__","type":"builtins.str"}},"asdict":{".class":"SymbolTableNode","kind":"Gdef","node":{".class":"OverloadedFuncDef","flags":[],"fullname":"dataclasses.asdict","impl":null,"items":[{".class":"Decorator","func":{".class":"FuncDef","abstract_status":0,"arg_kinds":[0],"arg_names":["obj"],"dataclass_transform_spec":null,"flags":["is_overload","is_decorated"],"fullname":"dataclasses.asdict","name":"asdict","type":{".class":"CallableType","arg_kinds":[0],"arg_names":["obj"],"arg_types":["_typeshed.DataclassInstance"],"bound_args":[],"def_extras":{"first_arg":null},"fallback":"builtins.function","from_concatenate":false,"implicit":false,"imprecise_arg_kinds":false,"is_ellipsis_args":false,"name":"asdict","ret_type":{".class":"Instance","args":["builtins.str",{".class":"AnyType","missing_import_name":null,"source_any":null,"type_of_any":2}],"type_ref":"builtins.dict"},"type_guard":null,"unpack_kwargs":false,"variables":[]}},"is_overload":true,"var":{".class":"Var","flags":["is_ready","is_inferred"],"fullname":"dataclasses.asdict","name":"asdict","type":{".class":"CallableType","arg_kinds":[0],"arg_names":["obj"],"arg_types":["_typeshed.DataclassInstance"],"bound_args":[],"def_extras":{"first_arg":null},"fallback":"builtins.function","from_concatenate":false,"implicit":false,"imprecise_arg_kinds":false,"is_ellipsis_args":false,"name":"asdict","ret_type":{".class":"Instance","args":["builtins.str",{".class":"AnyType","missing_import_name":null,"source_any":null,"type_of_any":2}],"type_ref":"builtins.dict"},"type_guard":null,"unpack_kwargs":false,"variables":[]}}},{".class":"Decorator","func":{".class":"FuncDef","abstract_status":0,"arg_kinds":[0,3],"arg_names":["obj","dict_factory"],"dataclass_transform_spec":null,"flags":["is_overload","is_decorated"],"fullname":"dataclasses.asdict","name":"asdict","type":{".class":"CallableType","arg_kinds":[0,3],"arg_names":["obj","dict_factory"],"arg_types":["_typeshed.DataclassInstance",{".class":"CallableType","arg_kinds":[0],"arg_names":[null],"arg_types":[{".class":"Instance","args":[{".class":"TupleType","implicit":false,"items":["builtins.str",{".class":"AnyType","missing_import_name":null,"source_any":null,"type_of_any":2}],"partial_fallback":{".class":"Instance","args":[{".class":"AnyType","missing_import_name":null,"source_any":null,"type_of_any":6}],"type_ref":"builtins.tuple"}}],"type_ref":"builtins.list"}],"bound_args":[],"def_extras":{},"fallback":"builtins.function","from_concatenate":false,"implicit":false,"imprecise_arg_kinds":false,"is_ellipsis_args":false,"name":null,"ret_type":{".class":"TypeVarType","default":{".class":"AnyType","missing_import_name":null,"source_any":null,"type_of_any":4},"fullname":"dataclasses._T","id":-1,"name":"_T","namespace":"","upper_bound":"builtins.object","values":[],"variance":0},"type_guard":null,"unpack_kwargs":false,"variables":[]}],"bound_args":[],"def_extras":{"first_arg":null},"fallback":"builtins.function","from_concatenate":false,"implicit":false,"imprecise_arg_kinds":false,"is_ellipsis_args":false,"name":"asdict","ret_type":{".class":"TypeVarType","default":{".class":"AnyType","missing_import_name":null,"source_any":null,"type_of_any":4},"fullname":"dataclasses._T","id":-1,"name":"_T","namespace":"","upper_bound":"builtins.object","values":[],"variance":0},"type_guard":null,"unpack_kwargs":false,"variables":[{".class":"TypeVarType","default":{".class":"AnyType","missing_import_name":null,"source_any":null,"type_of_any":4},"fullname":"dataclasses._T","id":-1,"name":"_T","namespace":"","upper_bound":"builtins.object","values":[],"variance":0}]}},"is_overload":true,"var":{".class":"Var","flags":["is_ready","is_inferred"],"fullname":"dataclasses.asdict","name":"asdict","type":{".class":"CallableType","arg_kinds":[0,3],"arg_names":["obj","dict_factory"],"arg_types":["_typeshed.DataclassInstance",{".class":"CallableType","arg_kinds":[0],"arg_names":[null],"arg_types":[{".class":"Instance","args":[{".class":"TupleType","implicit":false,"items":["builtins.str",{".class":"AnyType","missing_import_name":null,"source_any":null,"type_of_any":2}],"partial_fallback":{".class":"Instance","args":[{".class":"AnyType","missing_import_name":null,"source_any":null,"type_of_any":6}],"type_ref":"builtins.tuple"}}],"type_ref":"builtins.list"}],"bound_args":[],"def_extras":{},"fallback":"builtins.function","from_concatenate":false,"implicit":false,"imprecise_arg_kinds":false,"is_ellipsis_args":false,"name":null,"ret_type":{".class":"TypeVarType","default":{".class":"AnyType","missing_import_name":null,"source_any":null,"type_of_any":4},"fullname":"dataclasses._T","id":-1,"name":"_T","namespace":"","upper_bound":"builtins.object","values":[],"variance":0},"type_guard":null,"unpack_kwargs":false,"variables":[]}],"bound_args":[],"def_extras":{"first_arg":null},"fallback":"builtins.function","from_concatenate":false,"implicit":false,"imprecise_arg_kinds":false,"is_ellipsis_args":false,"name":"asdict","ret_type":{".class":"TypeVarType","default":{".class":"AnyType","missing_import_name":null,"source_any":null,"type_of_any":4},"fullname":"dataclasses._T","id":-1,"name":"_T","namespace":"","upper_bound":"builtins.object","values":[],"variance":0},"type_guard":null,"unpack_kwargs":false,"variables":[{".class":"TypeVarType","default":{".class":"AnyType","missing_import_name":null,"source_any":null,"type_of_any":4},"fullname":"dataclasses._T","id":-1,"name":"_T","namespace":"","upper_bound":"builtins.object","values":[],"variance":0}]}}}],"type":{".class":"Overloaded","items":[{".class":"CallableType","arg_kinds":[0],"arg_names":["obj"],"arg_types":["_typeshed.DataclassInstance"],"bound_args":[],"def_extras":{"first_arg":null},"fallback":"builtins.function","from_concatenate":false,"implicit":false,"imprecise_arg_kinds":false,"is_ellipsis_args":false,"name":"asdict","ret_type":{".class":"Instance","args":["builtins.str",{".class":"AnyType","missing_import_name":null,"source_any":null,"type_of_any":2}],"type_ref":"builtins.dict"},"type_guard":null,"unpack_kwargs":false,"variables":[]},{".class":"CallableType","arg_kinds":[0,3],"arg_names":["obj","dict_factory"],"arg_types":["_typeshed.DataclassInstance",{".class":"CallableType","arg_kinds":[0],"arg_names":[null],"arg_types":[{".class":"Instance","args":[{".class":"TupleType","implicit":false,"items":["builtins.str",{".class":"AnyType","missing_import_name":null,"source_any":null,"type_of_any":2}],"partial_fallback":{".class":"Instance","args":[{".class":"AnyType","missing_import_name":null,"source_any":null,"type_of_any":6}],"type_ref":"builtins.tuple"}}],"type_ref":"builtins.list"}],"bound_args":[],"def_extras":{},"fallback":"builtins.function","from_concatenate":false,"implicit":false,"imprecise_arg_kinds":false,"is_ellipsis_args":false,"name":null,"ret_type":{".class":"TypeVarType","default":{".class":"AnyType","missing_import_name":null,"source_any":null,"type_of_any":4},"fullname":"dataclasses._T","id":-1,"name":"_T","namespace":"","upper_bound":"builtins.object","values":[],"variance":0},"type_guard":null,"unpack_kwargs":false,"variables":[]}],"bound_args":[],"def_extras":{"first_arg":null},"fallback":"builtins.function","from_concatenate":false,"implicit":false,"imprecise_arg_kinds":false,"is_ellipsis_args":false,"name":"asdict","ret_type":{".class":"TypeVarType","default":{".class":"AnyType","missing_import_name":null,"source_any":null,"type_of_any":4},"fullname":"dataclasses._T","id":-1,"name":"_T","namespace":"","upper_bound":"builtins.object","values":[],"variance":0},"type_guard":null,"unpack_kwargs":false,"variables":[{".class":"TypeVarType","default":{".class":"AnyType","missing_import_name":null,"source_any":null,"type_of_any":4},"fullname":"dataclasses._T","id":-1,"name":"_T","namespace":"","upper_bound":"builtins.object","values":[],"variance":0}]}]}}},"astuple":{".class":"SymbolTableNode","kind":"Gdef","node":{".class":"OverloadedFuncDef","flags":[],"fullname":"dataclasses.astuple","impl":null,"items":[{".class":"Decorator","func":{".class":"FuncDef","abstract_status":0,"arg_kinds":[0],"arg_names":["obj"],"dataclass_transform_spec":null,"flags":["is_overload","is_decorated"],"fullname":"dataclasses.astuple","name":"astuple","type":{".class":"CallableType","arg_kinds":[0],"arg_names":["obj"],"arg_types":["_typeshed.DataclassInstance"],"bound_args":[],"def_extras":{"first_arg":null},"fallback":"builtins.function","from_concatenate":false,"implicit":false,"imprecise_arg_kinds":false,"is_ellipsis_args":false,"name":"astuple","ret_type":{".class":"Instance","args":[{".class":"AnyType","missing_import_name":null,"source_any":null,"type_of_any":2}],"type_ref":"builtins.tuple"},"type_guard":null,"unpack_kwargs":false,"variables":[]}},"is_overload":true,"var":{".class":"Var","flags":["is_ready","is_inferred"],"fullname":"dataclasses.astuple","name":"astuple","type":{".class":"CallableType","arg_kinds":[0],"arg_names":["obj"],"arg_types":["_typeshed.DataclassInstance"],"bound_args":[],"def_extras":{"first_arg":null},"fallback":"builtins.function","from_concatenate":false,"implicit":false,"imprecise_arg_kinds":false,"is_ellipsis_args":false,"name":"astuple","ret_type":{".class":"Instance","args":[{".class":"AnyType","missing_import_name":null,"source_any":null,"type_of_any":2}],"type_ref":"builtins.tuple"},"type_guard":null,"unpack_kwargs":false,"variables":[]}}},{".class":"Decorator","func":{".class":"FuncDef","abstract_status":0,"arg_kinds":[0,3],"arg_names":["obj","tuple_factory"],"dataclass_transform_spec":null,"flags":["is_overload","is_decorated"],"fullname":"dataclasses.astuple","name":"astuple","type":{".class":"CallableType","arg_kinds":[0,3],"arg_names":["obj","tuple_factory"],"arg_types":["_typeshed.DataclassInstance",{".class":"CallableType","arg_kinds":[0],"arg_names":[null],"arg_types":[{".class":"Instance","args":[{".class":"AnyType","missing_import_name":null,"source_any":null,"type_of_any":2}],"type_ref":"builtins.list"}],"bound_args":[],"def_extras":{},"fallback":"builtins.function","from_concatenate":false,"implicit":false,"imprecise_arg_kinds":false,"is_ellipsis_args":false,"name":null,"ret_type":{".class":"TypeVarType","default":{".class":"AnyType","missing_import_name":null,"source_any":null,"type_of_any":4},"fullname":"dataclasses._T","id":-1,"name":"_T","namespace":"","upper_bound":"builtins.object","values":[],"variance":0},"type_guard":null,"unpack_kwargs":false,"variables":[]}],"bound_args":[],"def_extras":{"first_arg":null},"fallback":"builtins.function","from_concatenate":false,"implicit":false,"imprecise_arg_kinds":false,"is_ellipsis_args":false,"name":"astuple","ret_type":{".class":"TypeVarType","default":{".class":"AnyType","missing_import_name":null,"source_any":null,"type_of_any":4},"fullname":"dataclasses._T","id":-1,"name":"_T","namespace":"","upper_bound":"builtins.object","values":[],"variance":0},"type_guard":null,"unpack_kwargs":false,"variables":[{".class":"TypeVarType","default":{".class":"AnyType","missing_import_name":null,"source_any":null,"type_of_any":4},"fullname":"dataclasses._T","id":-1,"name":"_T","namespace":"","upper_bound":"builtins.object","values":[],"variance":0}]}},"is_overload":true,"var":{".class":"Var","flags":["is_ready","is_inferred"],"fullname":"dataclasses.astuple","name":"astuple","type":{".class":"CallableType","arg_kinds":[0,3],"arg_names":["obj","tuple_factory"],"arg_types":["_typeshed.DataclassInstance",{".class":"CallableType","arg_kinds":[0],"arg_names":[null],"arg_types":[{".class":"Instance","args":[{".class":"AnyType","missing_import_name":null,"source_any":null,"type_of_any":2}],"type_ref":"builtins.list"}],"bound_args":[],"def_extras":{},"fallback":"builtins.function","from_concatenate":false,"implicit":false,"imprecise_arg_kinds":false,"is_ellipsis_args":false,"name":null,"ret_type":{".class":"TypeVarType","default":{".class":"AnyType","missing_import_name":null,"source_any":null,"type_of_any":4},"fullname":"dataclasses._T","id":-1,"name":"_T","namespace":"","upper_bound":"builtins.object","values":[],"variance":0},"type_guard":null,"unpack_kwargs":false,"variables":[]}],"bound_args":[],"def_extras":{"first_arg":null},"fallback":"builtins.function","from_concatenate":false,"implicit":false,"imprecise_arg_kinds":false,"is_ellipsis_args":false,"name":"astuple","ret_type":{".class":"TypeVarType","default":{".class":"AnyType","missing_import_name":null,"source_any":null,"type_of_any":4},"fullname":"dataclasses._T","id":-1,"name":"_T","namespace":"","upper_bound":"builtins.object","values":[],"variance":0},"type_guard":null,"unpack_kwargs":false,"variables":[{".class":"TypeVarType","default":{".class":"AnyType","missing_import_name":null,"source_any":null,"type_of_any":4},"fullname":"dataclasses._T","id":-1,"name":"_T","namespace":"","upper_bound":"builtins.object","values":[],"variance":0}]}}}],"type":{".class":"Overloaded","items":[{".class":"CallableType","arg_kinds":[0],"arg_names":["obj"],"arg_types":["_typeshed.DataclassInstance"],"bound_args":[],"def_extras":{"first_arg":null},"fallback":"builtins.function","from_concatenate":false,"implicit":false,"imprecise_arg_kinds":false,"is_ellipsis_args":false,"name":"astuple","ret_type":{".class":"Instance","args":[{".class":"AnyType","missing_import_name":null,"source_any":null,"type_of_any":2}],"type_ref":"builtins.tuple"},"type_guard":null,"unpack_kwargs":false,"variables":[]},{".class":"CallableType","arg_kinds":[0,3],"arg_names":["obj","tuple_factory"],"arg_types":["_typeshed.DataclassInstance",{".class":"CallableType","arg_kinds":[0],"arg_names":[null],"arg_types":[{".class":"Instance","args":[{".class":"AnyType","missing_import_name":null,"source_any":null,"type_of_any":2}],"type_ref":"builtins.list"}],"bound_args":[],"def_extras":{},"fallback":"builtins.function","from_concatenate":false,"implicit":false,"imprecise_arg_kinds":false,"is_ellipsis_args":false,"name":null,"ret_type":{".class":"TypeVarType","default":{".class":"AnyType","missing_import_name":null,"source_any":null,"type_of_any":4},"fullname":"dataclasses._T","id":-1,"name":"_T","namespace":"","upper_bound":"builtins.object","values":[],"variance":0},"type_guard":null,"unpack_kwargs":false,"variables":[]}],"bound_args":[],"def_extras":{"first_arg":null},"fallback":"builtins.function","from_concatenate":false,"implicit":false,"imprecise_arg_kinds":false,"is_ellipsis_args":false,"name":"astuple","ret_type":{".class":"TypeVarType","default":{".class":"AnyType","missing_import_name":null,"source_any":null,"type_of_any":4},"fullname":"dataclasses._T","id":-1,"name":"_T","namespace":"","upper_bound":"builtins.object","values":[],"variance":0},"type_guard":null,"unpack_kwargs":false,"variables":[{".class":"TypeVarType","default":{".class":"AnyType","missing_import_name":null,"source_any":null,"type_of_any":4},"fullname":"dataclasses._T","id":-1,"name":"_T","namespace":"","upper_bound":"builtins.object","values":[],"variance":0}]}]}}},"dataclass":{".class":"SymbolTableNode","kind":"Gdef","node":{".class":"OverloadedFuncDef","flags":[],"fullname":"dataclasses.dataclass","impl":null,"items":[{".class":"Decorator","func":{".class":"FuncDef","abstract_status":0,"arg_kinds":[0],"arg_names":[null],"dataclass_transform_spec":null,"flags":["is_overload","is_decorated"],"fullname":"dataclasses.dataclass","name":"dataclass","type":{".class":"CallableType","arg_kinds":[0],"arg_names":[null],"arg_types":[{".class":"NoneType"}],"bound_args":[],"def_extras":{"first_arg":null},"fallback":"builtins.function","from_concatenate":false,"implicit":false,"imprecise_arg_kinds":false,"is_ellipsis_args":false,"name":"dataclass","ret_type":{".class":"CallableType","arg_kinds":[0],"arg_names":[null],"arg_types":[{".class":"TypeType","item":{".class":"TypeVarType","default":{".class":"AnyType","missing_import_name":null,"source_any":null,"type_of_any":4},"fullname":"dataclasses._T","id":-1,"name":"_T","namespace":"","upper_bound":"builtins.object","values":[],"variance":0}}],"bound_args":[],"def_extras":{},"fallback":"builtins.function","from_concatenate":false,"implicit":false,"imprecise_arg_kinds":false,"is_ellipsis_args":false,"name":null,"ret_type":{".class":"TypeType","item":{".class":"TypeVarType","default":{".class":"AnyType","missing_import_name":null,"source_any":null,"type_of_any":4},"fullname":"dataclasses._T","id":-1,"name":"_T","namespace":"","upper_bound":"builtins.object","values":[],"variance":0}},"type_guard":null,"unpack_kwargs":false,"variables":[{".class":"TypeVarType","default":{".class":"AnyType","missing_import_name":null,"source_any":null,"type_of_any":4},"fullname":"dataclasses._T","id":-1,"name":"_T","namespace":"","upper_bound":"builtins.object","values":[],"variance":0}]},"type_guard":null,"unpack_kwargs":false,"variables":[]}},"is_overload":true,"var":{".class":"Var","flags":["is_ready","is_inferred"],"fullname":"dataclasses.dataclass","name":"dataclass","type":{".class":"CallableType","arg_kinds":[0],"arg_names":[null],"arg_types":[{".class":"NoneType"}],"bound_args":[],"def_extras":{"first_arg":null},"fallback":"builtins.function","from_concatenate":false,"implicit":false,"imprecise_arg_kinds":false,"is_ellipsis_args":false,"name":"dataclass","ret_type":{".class":"CallableType","arg_kinds":[0],"arg_names":[null],"arg_types":[{".class":"TypeType","item":{".class":"TypeVarType","default":{".class":"AnyType","missing_import_name":null,"source_any":null,"type_of_any":4},"fullname":"dataclasses._T","id":-1,"name":"_T","namespace":"","upper_bound":"builtins.object","values":[],"variance":0}}],"bound_args":[],"def_extras":{},"fallback":"builtins.function","from_concatenate":false,"implicit":false,"imprecise_arg_kinds":false,"is_ellipsis_args":false,"name":null,"ret_type":{".class":"TypeType","item":{".class":"TypeVarType","default":{".class":"AnyType","missing_import_name":null,"source_any":null,"type_of_any":4},"fullname":"dataclasses._T","id":-1,"name":"_T","namespace":"","upper_bound":"builtins.object","values":[],"variance":0}},"type_guard":null,"unpack_kwargs":false,"variables":[{".class":"TypeVarType","default":{".class":"AnyType","missing_import_name":null,"source_any":null,"type_of_any":4},"fullname":"dataclasses._T","id":-1,"name":"_T","namespace":"","upper_bound":"builtins.object","values":[],"variance":0}]},"type_guard":null,"unpack_kwargs":false,"variables":[]}}},{".class":"Decorator","func":{".class":"FuncDef","abstract_status":0,"arg_kinds":[0],"arg_names":[null],"dataclass_transform_spec":null,"flags":["is_overload","is_decorated"],"fullname":"dataclasses.dataclass","name":"dataclass","type":{".class":"CallableType","arg_kinds":[0],"arg_names":[null],"arg_types":[{".class":"TypeType","item":{".class":"TypeVarType","default":{".class":"AnyType","missing_import_name":null,"source_any":null,"type_of_any":4},"fullname":"dataclasses._T","id":-1,"name":"_T","namespace":"","upper_bound":"builtins.object","values":[],"variance":0}}],"bound_args":[],"def_extras":{"first_arg":null},"fallback":"builtins.function","from_concatenate":false,"implicit":false,"imprecise_arg_kinds":false,"is_ellipsis_args":false,"name":"dataclass","ret_type":{".class":"TypeType","item":{".class":"TypeVarType","default":{".class":"AnyType","missing_import_name":null,"source_any":null,"type_of_any":4},"fullname":"dataclasses._T","id":-1,"name":"_T","namespace":"","upper_bound":"builtins.object","values":[],"variance":0}},"type_guard":null,"unpack_kwargs":false,"variables":[{".class":"TypeVarType","default":{".class":"AnyType","missing_import_name":null,"source_any":null,"type_of_any":4},"fullname":"dataclasses._T","id":-1,"name":"_T","namespace":"","upper_bound":"builtins.object","values":[],"variance":0}]}},"is_overload":true,"var":{".class":"Var","flags":["is_ready","is_inferred"],"fullname":"dataclasses.dataclass","name":"dataclass","type":{".class":"CallableType","arg_kinds":[0],"arg_names":[null],"arg_types":[{".class":"TypeType","item":{".class":"TypeVarType","default":{".class":"AnyType","missing_import_name":null,"source_any":null,"type_of_any":4},"fullname":"dataclasses._T","id":-1,"name":"_T","namespace":"","upper_bound":"builtins.object","values":[],"variance":0}}],"bound_args":[],"def_extras":{"first_arg":null},"fallback":"builtins.function","from_concatenate":false,"implicit":false,"imprecise_arg_kinds":false,"is_ellipsis_args":false,"name":"dataclass","ret_type":{".class":"TypeType","item":{".class":"TypeVarType","default":{".class":"AnyType","missing_import_name":null,"source_any":null,"type_of_any":4},"fullname":"dataclasses._T","id":-1,"name":"_T","namespace":"","upper_bound":"builtins.object","values":[],"variance":0}},"type_guard":null,"unpack_kwargs":false,"variables":[{".class":"TypeVarType","default":{".class":"AnyType","missing_import_name":null,"source_any":null,"type_of_any":4},"fullname":"dataclasses._T","id":-1,"name":"_T","namespace":"","upper_bound":"builtins.object","values":[],"variance":0}]}}},{".class":"Decorator","func":{".class":"FuncDef","abstract_status":0,"arg_kinds":[5,5,5,5,5,5,5,5,5,5],"arg_names":["init","repr","eq","order","unsafe_hash","frozen","match_args","kw_only","slots","weakref_slot"],"dataclass_transform_spec":null,"flags":["is_overload","is_decorated"],"fullname":"dataclasses.dataclass","name":"dataclass","type":{".class":"CallableType","arg_kinds":[5,5,5,5,5,5,5,5,5,5],"arg_names":["init","repr","eq","order","unsafe_hash","frozen","match_args","kw_only","slots","weakref_slot"],"arg_types":["builtins.bool","builtins.bool","builtins.bool","builtins.bool","builtins.bool","builtins.bool","builtins.bool","builtins.bool","builtins.bool","builtins.bool"],"bound_args":[],"def_extras":{"first_arg":null},"fallback":"builtins.function","from_concatenate":false,"implicit":false,"imprecise_arg_kinds":false,"is_ellipsis_args":false,"name":"dataclass","ret_type":{".class":"CallableType","arg_kinds":[0],"arg_names":[null],"arg_types":[{".class":"TypeType","item":{".class":"TypeVarType","default":{".class":"AnyType","missing_import_name":null,"source_any":null,"type_of_any":4},"fullname":"dataclasses._T","id":-1,"name":"_T","namespace":"","upper_bound":"builtins.object","values":[],"variance":0}}],"bound_args":[],"def_extras":{},"fallback":"builtins.function","from_concatenate":false,"implicit":false,"imprecise_arg_kinds":false,"is_ellipsis_args":false,"name":null,"ret_type":{".class":"TypeType","item":{".class":"TypeVarType","default":{".class":"AnyType","missing_import_name":null,"source_any":null,"type_of_any":4},"fullname":"dataclasses._T","id":-1,"name":"_T","namespace":"","upper_bound":"builtins.object","values":[],"variance":0}},"type_guard":null,"unpack_kwargs":false,"variables":[{".class":"TypeVarType","default":{".class":"AnyType","missing_import_name":null,"source_any":null,"type_of_any":4},"fullname":"dataclasses._T","id":-1,"name":"_T","namespace":"","upper_bound":"builtins.object","values":[],"variance":0}]},"type_guard":null,"unpack_kwargs":false,"variables":[]}},"is_overload":true,"var":{".class":"Var","flags":["is_ready","is_inferred"],"fullname":"dataclasses.dataclass","name":"dataclass","type":{".class":"CallableType","arg_kinds":[5,5,5,5,5,5,5,5,5,5],"arg_names":["init","repr","eq","order","unsafe_hash","frozen","match_args","kw_only","slots","weakref_slot"],"arg_types":["builtins.bool","builtins.bool","builtins.bool","builtins.bool","builtins.bool","builtins.bool","builtins.bool","builtins.bool","builtins.bool","builtins.bool"],"bound_args":[],"def_extras":{"first_arg":null},"fallback":"builtins.function","from_concatenate":false,"implicit":false,"imprecise_arg_kinds":false,"is_ellipsis_args":false,"name":"dataclass","ret_type":{".class":"CallableType","arg_kinds":[0],"arg_names":[null],"arg_types":[{".class":"TypeType","item":{".class":"TypeVarType","default":{".class":"AnyType","missing_import_name":null,"source_any":null,"type_of_any":4},"fullname":"dataclasses._T","id":-1,"name":"_T","namespace":"","upper_bound":"builtins.object","values":[],"variance":0}}],"bound_args":[],"def_extras":{},"fallback":"builtins.function","from_concatenate":false,"implicit":false,"imprecise_arg_kinds":false,"is_ellipsis_args":false,"name":null,"ret_type":{".class":"TypeType","item":{".class":"TypeVarType","default":{".class":"AnyType","missing_import_name":null,"source_any":null,"type_of_any":4},"fullname":"dataclasses._T","id":-1,"name":"_T","namespace":"","upper_bound":"builtins.object","values":[],"variance":0}},"type_guard":null,"unpack_kwargs":false,"variables":[{".class":"TypeVarType","default":{".class":"AnyType","missing_import_name":null,"source_any":null,"type_of_any":4},"fullname":"dataclasses._T","id":-1,"name":"_T","namespace":"","upper_bound":"builtins.object","values":[],"variance":0}]},"type_guard":null,"unpack_kwargs":false,"variables":[]}}}],"type":{".class":"Overloaded","items":[{".class":"CallableType","arg_kinds":[0],"arg_names":[null],"arg_types":[{".class":"NoneType"}],"bound_args":[],"def_extras":{"first_arg":null},"fallback":"builtins.function","from_concatenate":false,"implicit":false,"imprecise_arg_kinds":false,"is_ellipsis_args":false,"name":"dataclass","ret_type":{".class":"CallableType","arg_kinds":[0],"arg_names":[null],"arg_types":[{".class":"TypeType","item":{".class":"TypeVarType","default":{".class":"AnyType","missing_import_name":null,"source_any":null,"type_of_any":4},"fullname":"dataclasses._T","id":-1,"name":"_T","namespace":"","upper_bound":"builtins.object","values":[],"variance":0}}],"bound_args":[],"def_extras":{},"fallback":"builtins.function","from_concatenate":false,"implicit":false,"imprecise_arg_kinds":false,"is_ellipsis_args":false,"name":null,"ret_type":{".class":"TypeType","item":{".class":"TypeVarType","default":{".class":"AnyType","missing_import_name":null,"source_any":null,"type_of_any":4},"fullname":"dataclasses._T","id":-1,"name":"_T","namespace":"","upper_bound":"builtins.object","values":[],"variance":0}},"type_guard":null,"unpack_kwargs":false,"variables":[{".class":"TypeVarType","default":{".class":"AnyType","missing_import_name":null,"source_any":null,"type_of_any":4},"fullname":"dataclasses._T","id":-1,"name":"_T","namespace":"","upper_bound":"builtins.object","values":[],"variance":0}]},"type_guard":null,"unpack_kwargs":false,"variables":[]},{".class":"CallableType","arg_kinds":[0],"arg_names":[null],"arg_types":[{".class":"TypeType","item":{".class":"TypeVarType","default":{".class":"AnyType","missing_import_name":null,"source_any":null,"type_of_any":4},"fullname":"dataclasses._T","id":-1,"name":"_T","namespace":"","upper_bound":"builtins.object","values":[],"variance":0}}],"bound_args":[],"def_extras":{"first_arg":null},"fallback":"builtins.function","from_concatenate":false,"implicit":false,"imprecise_arg_kinds":false,"is_ellipsis_args":false,"name":"dataclass","ret_type":{".class":"TypeType","item":{".class":"TypeVarType","default":{".class":"AnyType","missing_import_name":null,"source_any":null,"type_of_any":4},"fullname":"dataclasses._T","id":-1,"name":"_T","namespace":"","upper_bound":"builtins.object","values":[],"variance":0}},"type_guard":null,"unpack_kwargs":false,"variables":[{".class":"TypeVarType","default":{".class":"AnyType","missing_import_name":null,"source_any":null,"type_of_any":4},"fullname":"dataclasses._T","id":-1,"name":"_T","namespace":"","upper_bound":"builtins.object","values":[],"variance":0}]},{".class":"CallableType","arg_kinds":[5,5,5,5,5,5,5,5,5,5],"arg_names":["init","repr","eq","order","unsafe_hash","frozen","match_args","kw_only","slots","weakref_slot"],"arg_types":["builtins.bool","builtins.bool","builtins.bool","builtins.bool","builtins.bool","builtins.bool","builtins.bool","builtins.bool","builtins.bool","builtins.bool"],"bound_args":[],"def_extras":{"first_arg":null},"fallback":"builtins.function","from_concatenate":false,"implicit":false,"imprecise_arg_kinds":false,"is_ellipsis_args":false,"name":"dataclass","ret_type":{".class":"CallableType","arg_kinds":[0],"arg_names":[null],"arg_types":[{".class":"TypeType","item":{".class":"TypeVarType","default":{".class":"AnyType","missing_import_name":null,"source_any":null,"type_of_any":4},"fullname":"dataclasses._T","id":-1,"name":"_T","namespace":"","upper_bound":"builtins.object","values":[],"variance":0}}],"bound_args":[],"def_extras":{},"fallback":"builtins.function","from_concatenate":false,"implicit":false,"imprecise_arg_kinds":false,"is_ellipsis_args":false,"name":null,"ret_type":{".class":"TypeType","item":{".class":"TypeVarType","default":{".class":"AnyType","missing_import_name":null,"source_any":null,"type_of_any":4},"fullname":"dataclasses._T","id":-1,"name":"_T","namespace":"","upper_bound":"builtins.object","values":[],"variance":0}},"type_guard":null,"unpack_kwargs":false,"variables":[{".class":"TypeVarType","default":{".class":"AnyType","missing_import_name":null,"source_any":null,"type_of_any":4},"fullname":"dataclasses._T","id":-1,"name":"_T","namespace":"","upper_bound":"builtins.object","values":[],"variance":0}]},"type_guard":null,"unpack_kwargs":false,"variables":[]}]}}},"enum":{".class":"SymbolTableNode","cross_ref":"enum","kind":"Gdef","module_hidden":true,"module_public":false},"field":{".class":"SymbolTableNode","kind":"Gdef","node":{".class":"OverloadedFuncDef","flags":[],"fullname":"dataclasses.field","impl":null,"items":[{".class":"Decorator","func":{".class":"FuncDef","abstract_status":0,"arg_kinds":[3,5,5,5,5,5,5],"arg_names":["default","init","repr","hash","compare","metadata","kw_only"],"dataclass_transform_spec":null,"flags":["is_overload","is_decorated"],"fullname":"dataclasses.field","name":"field","type":{".class":"CallableType","arg_kinds":[3,5,5,5,5,5,5],"arg_names":["default","init","repr","hash","compare","metadata","kw_only"],"arg_types":[{".class":"TypeVarType","default":{".class":"AnyType","missing_import_name":null,"source_any":null,"type_of_any":4},"fullname":"dataclasses._T","id":-1,"name":"_T","namespace":"","upper_bound":"builtins.object","values":[],"variance":0},"builtins.bool","builtins.bool",{".class":"UnionType","items":["builtins.bool",{".class":"NoneType"}]},"builtins.bool",{".class":"UnionType","items":[{".class":"Instance","args":[{".class":"AnyType","missing_import_name":null,"source_any":null,"type_of_any":2},{".class":"AnyType","missing_import_name":null,"source_any":null,"type_of_any":2}],"type_ref":"typing.Mapping"},{".class":"NoneType"}]},"builtins.bool"],"bound_args":[],"def_extras":{"first_arg":null},"fallback":"builtins.function","from_concatenate":false,"implicit":false,"imprecise_arg_kinds":false,"is_ellipsis_args":false,"name":"field","ret_type":{".class":"TypeVarType","default":{".class":"AnyType","missing_import_name":null,"source_any":null,"type_of_any":4},"fullname":"dataclasses._T","id":-1,"name":"_T","namespace":"","upper_bound":"builtins.object","values":[],"variance":0},"type_guard":null,"unpack_kwargs":false,"variables":[{".class":"TypeVarType","default":{".class":"AnyType","missing_import_name":null,"source_any":null,"type_of_any":4},"fullname":"dataclasses._T","id":-1,"name":"_T","namespace":"","upper_bound":"builtins.object","values":[],"variance":0}]}},"is_overload":true,"var":{".class":"Var","flags":["is_ready","is_inferred"],"fullname":"dataclasses.field","name":"field","type":{".class":"CallableType","arg_kinds":[3,5,5,5,5,5,5],"arg_names":["default","init","repr","hash","compare","metadata","kw_only"],"arg_types":[{".class":"TypeVarType","default":{".class":"AnyType","missing_import_name":null,"source_any":null,"type_of_any":4},"fullname":"dataclasses._T","id":-1,"name":"_T","namespace":"","upper_bound":"builtins.object","values":[],"variance":0},"builtins.bool","builtins.bool",{".class":"UnionType","items":["builtins.bool",{".class":"NoneType"}]},"builtins.bool",{".class":"UnionType","items":[{".class":"Instance","args":[{".class":"AnyType","missing_import_name":null,"source_any":null,"type_of_any":2},{".class":"AnyType","missing_import_name":null,"source_any":null,"type_of_any":2}],"type_ref":"typing.Mapping"},{".class":"NoneType"}]},"builtins.bool"],"bound_args":[],"def_extras":{"first_arg":null},"fallback":"builtins.function","from_concatenate":false,"implicit":false,"imprecise_arg_kinds":false,"is_ellipsis_args":false,"name":"field","ret_type":{".class":"TypeVarType","default":{".class":"AnyType","missing_import_name":null,"source_any":null,"type_of_any":4},"fullname":"dataclasses._T","id":-1,"name":"_T","namespace":"","upper_bound":"builtins.object","values":[],"variance":0},"type_guard":null,"unpack_kwargs":false,"variables":[{".class":"TypeVarType","default":{".class":"AnyType","missing_import_name":null,"source_any":null,"type_of_any":4},"fullname":"dataclasses._T","id":-1,"name":"_T","namespace":"","upper_bound":"builtins.object","values":[],"variance":0}]}}},{".class":"Decorator","func":{".class":"FuncDef","abstract_status":0,"arg_kinds":[3,5,5,5,5,5,5],"arg_names":["default_factory","init","repr","hash","compare","metadata","kw_only"],"dataclass_transform_spec":null,"flags":["is_overload","is_decorated"],"fullname":"dataclasses.field","name":"field","type":{".class":"CallableType","arg_kinds":[3,5,5,5,5,5,5],"arg_names":["default_factory","init","repr","hash","compare","metadata","kw_only"],"arg_types":[{".class":"CallableType","arg_kinds":[],"arg_names":[],"arg_types":[],"bound_args":[],"def_extras":{},"fallback":"builtins.function","from_concatenate":false,"implicit":false,"imprecise_arg_kinds":false,"is_ellipsis_args":false,"name":null,"ret_type":{".class":"TypeVarType","default":{".class":"AnyType","missing_import_name":null,"source_any":null,"type_of_any":4},"fullname":"dataclasses._T","id":-1,"name":"_T","namespace":"","upper_bound":"builtins.object","values":[],"variance":0},"type_guard":null,"unpack_kwargs":false,"variables":[]},"builtins.bool","builtins.bool",{".class":"UnionType","items":["builtins.bool",{".class":"NoneType"}]},"builtins.bool",{".class":"UnionType","items":[{".class":"Instance","args":[{".class":"AnyType","missing_import_name":null,"source_any":null,"type_of_any":2},{".class":"AnyType","missing_import_name":null,"source_any":null,"type_of_any":2}],"type_ref":"typing.Mapping"},{".class":"NoneType"}]},"builtins.bool"],"bound_args":[],"def_extras":{"first_arg":null},"fallback":"builtins.function","from_concatenate":false,"implicit":false,"imprecise_arg_kinds":false,"is_ellipsis_args":false,"name":"field","ret_type":{".class":"TypeVarType","default":{".class":"AnyType","missing_import_name":null,"source_any":null,"type_of_any":4},"fullname":"dataclasses._T","id":-1,"name":"_T","namespace":"","upper_bound":"builtins.object","values":[],"variance":0},"type_guard":null,"unpack_kwargs":false,"variables":[{".class":"TypeVarType","default":{".class":"AnyType","missing_import_name":null,"source_any":null,"type_of_any":4},"fullname":"dataclasses._T","id":-1,"name":"_T","namespace":"","upper_bound":"builtins.object","values":[],"variance":0}]}},"is_overload":true,"var":{".class":"Var","flags":["is_ready","is_inferred"],"fullname":"dataclasses.field","name":"field","type":{".class":"CallableType","arg_kinds":[3,5,5,5,5,5,5],"arg_names":["default_factory","init","repr","hash","compare","metadata","kw_only"],"arg_types":[{".class":"CallableType","arg_kinds":[],"arg_names":[],"arg_types":[],"bound_args":[],"def_extras":{},"fallback":"builtins.function","from_concatenate":false,"implicit":false,"imprecise_arg_kinds":false,"is_ellipsis_args":false,"name":null,"ret_type":{".class":"TypeVarType","default":{".class":"AnyType","missing_import_name":null,"source_any":null,"type_of_any":4},"fullname":"dataclasses._T","id":-1,"name":"_T","namespace":"","upper_bound":"builtins.object","values":[],"variance":0},"type_guard":null,"unpack_kwargs":false,"variables":[]},"builtins.bool","builtins.bool",{".class":"UnionType","items":["builtins.bool",{".class":"NoneType"}]},"builtins.bool",{".class":"UnionType","items":[{".class":"Instance","args":[{".class":"AnyType","missing_import_name":null,"source_any":null,"type_of_any":2},{".class":"AnyType","missing_import_name":null,"source_any":null,"type_of_any":2}],"type_ref":"typing.Mapping"},{".class":"NoneType"}]},"builtins.bool"],"bound_args":[],"def_extras":{"first_arg":null},"fallback":"builtins.function","from_concatenate":false,"implicit":false,"imprecise_arg_kinds":false,"is_ellipsis_args":false,"name":"field","ret_type":{".class":"TypeVarType","default":{".class":"AnyType","missing_import_name":null,"source_any":null,"type_of_any":4},"fullname":"dataclasses._T","id":-1,"name":"_T","namespace":"","upper_bound":"builtins.object","values":[],"variance":0},"type_guard":null,"unpack_kwargs":false,"variables":[{".class":"TypeVarType","default":{".class":"AnyType","missing_import_name":null,"source_any":null,"type_of_any":4},"fullname":"dataclasses._T","id":-1,"name":"_T","namespace":"","upper_bound":"builtins.object","values":[],"variance":0}]}}},{".class":"Decorator","func":{".class":"FuncDef","abstract_status":0,"arg_kinds":[5,5,5,5,5,5],"arg_names":["init","repr","hash","compare","metadata","kw_only"],"dataclass_transform_spec":null,"flags":["is_overload","is_decorated"],"fullname":"dataclasses.field","name":"field","type":{".class":"CallableType","arg_kinds":[5,5,5,5,5,5],"arg_names":["init","repr","hash","compare","metadata","kw_only"],"arg_types":["builtins.bool","builtins.bool",{".class":"UnionType","items":["builtins.bool",{".class":"NoneType"}]},"builtins.bool",{".class":"UnionType","items":[{".class":"Instance","args":[{".class":"AnyType","missing_import_name":null,"source_any":null,"type_of_any":2},{".class":"AnyType","missing_import_name":null,"source_any":null,"type_of_any":2}],"type_ref":"typing.Mapping"},{".class":"NoneType"}]},"builtins.bool"],"bound_args":[],"def_extras":{"first_arg":null},"fallback":"builtins.function","from_concatenate":false,"implicit":false,"imprecise_arg_kinds":false,"is_ellipsis_args":false,"name":"field","ret_type":{".class":"AnyType","missing_import_name":null,"source_any":null,"type_of_any":2},"type_guard":null,"unpack_kwargs":false,"variables":[]}},"is_overload":true,"var":{".class":"Var","flags":["is_ready","is_inferred"],"fullname":"dataclasses.field","name":"field","type":{".class":"CallableType","arg_kinds":[5,5,5,5,5,5],"arg_names":["init","repr","hash","compare","metadata","kw_only"],"arg_types":["builtins.bool","builtins.bool",{".class":"UnionType","items":["builtins.bool",{".class":"NoneType"}]},"builtins.bool",{".class":"UnionType","items":[{".class":"Instance","args":[{".class":"AnyType","missing_import_name":null,"source_any":null,"type_of_any":2},{".class":"AnyType","missing_import_name":null,"source_any":null,"type_of_any":2}],"type_ref":"typing.Mapping"},{".class":"NoneType"}]},"builtins.bool"],"bound_args":[],"def_extras":{"first_arg":null},"fallback":"builtins.function","from_concatenate":false,"implicit":false,"imprecise_arg_kinds":false,"is_ellipsis_args":false,"name":"field","ret_type":{".class":"AnyType","missing_import_name":null,"source_any":null,"type_of_any":2},"type_guard":null,"unpack_kwargs":false,"variables":[]}}}],"type":{".class":"Overloaded","items":[{".class":"CallableType","arg_kinds":[3,5,5,5,5,5,5],"arg_names":["default","init","repr","hash","compare","metadata","kw_only"],"arg_types":[{".class":"TypeVarType","default":{".class":"AnyType","missing_import_name":null,"source_any":null,"type_of_any":4},"fullname":"dataclasses._T","id":-1,"name":"_T","namespace":"","upper_bound":"builtins.object","values":[],"variance":0},"builtins.bool","builtins.bool",{".class":"UnionType","items":["builtins.bool",{".class":"NoneType"}]},"builtins.bool",{".class":"UnionType","items":[{".class":"Instance","args":[{".class":"AnyType","missing_import_name":null,"source_any":null,"type_of_any":2},{".class":"AnyType","missing_import_name":null,"source_any":null,"type_of_any":2}],"type_ref":"typing.Mapping"},{".class":"NoneType"}]},"builtins.bool"],"bound_args":[],"def_extras":{"first_arg":null},"fallback":"builtins.function","from_concatenate":false,"implicit":false,"imprecise_arg_kinds":false,"is_ellipsis_args":false,"name":"field","ret_type":{".class":"TypeVarType","default":{".class":"AnyType","missing_import_name":null,"source_any":null,"type_of_any":4},"fullname":"dataclasses._T","id":-1,"name":"_T","namespace":"","upper_bound":"builtins.object","values":[],"variance":0},"type_guard":null,"unpack_kwargs":false,"variables":[{".class":"TypeVarType","default":{".class":"AnyType","missing_import_name":null,"source_any":null,"type_of_any":4},"fullname":"dataclasses._T","id":-1,"name":"_T","namespace":"","upper_bound":"builtins.object","values":[],"variance":0}]},{".class":"CallableType","arg_kinds":[3,5,5,5,5,5,5],"arg_names":["default_factory","init","repr","hash","compare","metadata","kw_only"],"arg_types":[{".class":"CallableType","arg_kinds":[],"arg_names":[],"arg_types":[],"bound_args":[],"def_extras":{},"fallback":"builtins.function","from_concatenate":false,"implicit":false,"imprecise_arg_kinds":false,"is_ellipsis_args":false,"name":null,"ret_type":{".class":"TypeVarType","default":{".class":"AnyType","missing_import_name":null,"source_any":null,"type_of_any":4},"fullname":"dataclasses._T","id":-1,"name":"_T","namespace":"","upper_bound":"builtins.object","values":[],"variance":0},"type_guard":null,"unpack_kwargs":false,"variables":[]},"builtins.bool","builtins.bool",{".class":"UnionType","items":["builtins.bool",{".class":"NoneType"}]},"builtins.bool",{".class":"UnionType","items":[{".class":"Instance","args":[{".class":"AnyType","missing_import_name":null,"source_any":null,"type_of_any":2},{".class":"AnyType","missing_import_name":null,"source_any":null,"type_of_any":2}],"type_ref":"typing.Mapping"},{".class":"NoneType"}]},"builtins.bool"],"bound_args":[],"def_extras":{"first_arg":null},"fallback":"builtins.function","from_concatenate":false,"implicit":false,"imprecise_arg_kinds":false,"is_ellipsis_args":false,"name":"field","ret_type":{".class":"TypeVarType","default":{".class":"AnyType","missing_import_name":null,"source_any":null,"type_of_any":4},"fullname":"dataclasses._T","id":-1,"name":"_T","namespace":"","upper_bound":"builtins.object","values":[],"variance":0},"type_guard":null,"unpack_kwargs":false,"variables":[{".class":"TypeVarType","default":{".class":"AnyType","missing_import_name":null,"source_any":null,"type_of_any":4},"fullname":"dataclasses._T","id":-1,"name":"_T","namespace":"","upper_bound":"builtins.object","values":[],"variance":0}]},{".class":"CallableType","arg_kinds":[5,5,5,5,5,5],"arg_names":["init","repr","hash","compare","metadata","kw_only"],"arg_types":["builtins.bool","builtins.bool",{".class":"UnionType","items":["builtins.bool",{".class":"NoneType"}]},"builtins.bool",{".class":"UnionType","items":[{".class":"Instance","args":[{".class":"AnyType","missing_import_name":null,"source_any":null,"type_of_any":2},{".class":"AnyType","missing_import_name":null,"source_any":null,"type_of_any":2}],"type_ref":"typing.Mapping"},{".class":"NoneType"}]},"builtins.bool"],"bound_args":[],"def_extras":{"first_arg":null},"fallback":"builtins.function","from_concatenate":false,"implicit":false,"imprecise_arg_kinds":false,"is_ellipsis_args":false,"name":"field","ret_type":{".class":"AnyType","missing_import_name":null,"source_any":null,"type_of_any":2},"type_guard":null,"unpack_kwargs":false,"variables":[]}]}}},"fields":{".class":"SymbolTableNode","kind":"Gdef","node":{".class":"FuncDef","abstract_status":0,"arg_kinds":[0],"arg_names":["class_or_instance"],"dataclass_transform_spec":null,"flags":[],"fullname":"dataclasses.fields","name":"fields","type":{".class":"CallableType","arg_kinds":[0],"arg_names":["class_or_instance"],"arg_types":[{".class":"UnionType","items":["_typeshed.DataclassInstance",{".class":"TypeType","item":"_typeshed.DataclassInstance"}]}],"bound_args":[],"def_extras":{"first_arg":null},"fallback":"builtins.function","from_concatenate":false,"implicit":false,"imprecise_arg_kinds":false,"is_ellipsis_args":false,"name":"fields","ret_type":{".class":"Instance","args":[{".class":"Instance","args":[{".class":"AnyType","missing_import_name":null,"source_any":null,"type_of_any":2}],"type_ref":"dataclasses.Field"}],"type_ref":"builtins.tuple"},"type_guard":null,"unpack_kwargs":false,"variables":[]}}},"is_dataclass":{".class":"SymbolTableNode","kind":"Gdef","node":{".class":"OverloadedFuncDef","flags":[],"fullname":"dataclasses.is_dataclass","impl":null,"items":[{".class":"Decorator","func":{".class":"FuncDef","abstract_status":0,"arg_kinds":[0],"arg_names":["obj"],"dataclass_transform_spec":null,"flags":["is_overload","is_decorated"],"fullname":"dataclasses.is_dataclass","name":"is_dataclass","type":{".class":"CallableType","arg_kinds":[0],"arg_names":["obj"],"arg_types":["_typeshed.DataclassInstance"],"bound_args":[],"def_extras":{"first_arg":null},"fallback":"builtins.function","from_concatenate":false,"implicit":false,"imprecise_arg_kinds":false,"is_ellipsis_args":false,"name":"is_dataclass","ret_type":{".class":"LiteralType","fallback":"builtins.bool","value":true},"type_guard":null,"unpack_kwargs":false,"variables":[]}},"is_overload":true,"var":{".class":"Var","flags":["is_ready","is_inferred"],"fullname":"dataclasses.is_dataclass","name":"is_dataclass","type":{".class":"CallableType","arg_kinds":[0],"arg_names":["obj"],"arg_types":["_typeshed.DataclassInstance"],"bound_args":[],"def_extras":{"first_arg":null},"fallback":"builtins.function","from_concatenate":false,"implicit":false,"imprecise_arg_kinds":false,"is_ellipsis_args":false,"name":"is_dataclass","ret_type":{".class":"LiteralType","fallback":"builtins.bool","value":true},"type_guard":null,"unpack_kwargs":false,"variables":[]}}},{".class":"Decorator","func":{".class":"FuncDef","abstract_status":0,"arg_kinds":[0],"arg_names":["obj"],"dataclass_transform_spec":null,"flags":["is_overload","is_decorated"],"fullname":"dataclasses.is_dataclass","name":"is_dataclass","type":{".class":"CallableType","arg_kinds":[0],"arg_names":["obj"],"arg_types":["builtins.type"],"bound_args":[],"def_extras":{"first_arg":null},"fallback":"builtins.function","from_concatenate":false,"implicit":false,"imprecise_arg_kinds":false,"is_ellipsis_args":false,"name":"is_dataclass","ret_type":"builtins.bool","type_guard":{".class":"TypeType","item":"_typeshed.DataclassInstance"},"unpack_kwargs":false,"variables":[]}},"is_overload":true,"var":{".class":"Var","flags":["is_ready","is_inferred"],"fullname":"dataclasses.is_dataclass","name":"is_dataclass","type":{".class":"CallableType","arg_kinds":[0],"arg_names":["obj"],"arg_types":["builtins.type"],"bound_args":[],"def_extras":{"first_arg":null},"fallback":"builtins.function","from_concatenate":false,"implicit":false,"imprecise_arg_kinds":false,"is_ellipsis_args":false,"name":"is_dataclass","ret_type":"builtins.bool","type_guard":{".class":"TypeType","item":"_typeshed.DataclassInstance"},"unpack_kwargs":false,"variables":[]}}},{".class":"Decorator","func":{".class":"FuncDef","abstract_status":0,"arg_kinds":[0],"arg_names":["obj"],"dataclass_transform_spec":null,"flags":["is_overload","is_decorated"],"fullname":"dataclasses.is_dataclass","name":"is_dataclass","type":{".class":"CallableType","arg_kinds":[0],"arg_names":["obj"],"arg_types":["builtins.object"],"bound_args":[],"def_extras":{"first_arg":null},"fallback":"builtins.function","from_concatenate":false,"implicit":false,"imprecise_arg_kinds":false,"is_ellipsis_args":false,"name":"is_dataclass","ret_type":"builtins.bool","type_guard":{".class":"UnionType","items":["_typeshed.DataclassInstance",{".class":"TypeType","item":"_typeshed.DataclassInstance"}]},"unpack_kwargs":false,"variables":[]}},"is_overload":true,"var":{".class":"Var","flags":["is_ready","is_inferred"],"fullname":"dataclasses.is_dataclass","name":"is_dataclass","type":{".class":"CallableType","arg_kinds":[0],"arg_names":["obj"],"arg_types":["builtins.object"],"bound_args":[],"def_extras":{"first_arg":null},"fallback":"builtins.function","from_concatenate":false,"implicit":false,"imprecise_arg_kinds":false,"is_ellipsis_args":false,"name":"is_dataclass","ret_type":"builtins.bool","type_guard":{".class":"UnionType","items":["_typeshed.DataclassInstance",{".class":"TypeType","item":"_typeshed.DataclassInstance"}]},"unpack_kwargs":false,"variables":[]}}}],"type":{".class":"Overloaded","items":[{".class":"CallableType","arg_kinds":[0],"arg_names":["obj"],"arg_types":["_typeshed.DataclassInstance"],"bound_args":[],"def_extras":{"first_arg":null},"fallback":"builtins.function","from_concatenate":false,"implicit":false,"imprecise_arg_kinds":false,"is_ellipsis_args":false,"name":"is_dataclass","ret_type":{".class":"LiteralType","fallback":"builtins.bool","value":true},"type_guard":null,"unpack_kwargs":false,"variables":[]},{".class":"CallableType","arg_kinds":[0],"arg_names":["obj"],"arg_types":["builtins.type"],"bound_args":[],"def_extras":{"first_arg":null},"fallback":"builtins.function","from_concatenate":false,"implicit":false,"imprecise_arg_kinds":false,"is_ellipsis_args":false,"name":"is_dataclass","ret_type":"builtins.bool","type_guard":{".class":"TypeType","item":"_typeshed.DataclassInstance"},"unpack_kwargs":false,"variables":[]},{".class":"CallableType","arg_kinds":[0],"arg_names":["obj"],"arg_types":["builtins.object"],"bound_args":[],"def_extras":{"first_arg":null},"fallback":"builtins.function","from_concatenate":false,"implicit":false,"imprecise_arg_kinds":false,"is_ellipsis_args":false,"name":"is_dataclass","ret_type":"builtins.bool","type_guard":{".class":"UnionType","items":["_typeshed.DataclassInstance",{".class":"TypeType","item":"_typeshed.DataclassInstance"}]},"unpack_kwargs":false,"variables":[]}]}}},"make_dataclass":{".class":"SymbolTableNode","kind":"Gdef","node":{".class":"FuncDef","abstract_status":0,"arg_kinds":[0,0,5,5,5,5,5,5,5,5,5,5,5,5],"arg_names":["cls_name","fields","bases","namespace","init","repr","eq","order","unsafe_hash","frozen","match_args","kw_only","slots","weakref_slot"],"dataclass_transform_spec":null,"flags":[],"fullname":"dataclasses.make_dataclass","name":"make_dataclass","type":{".class":"CallableType","arg_kinds":[0,0,5,5,5,5,5,5,5,5,5,5,5,5],"arg_names":["cls_name","fields","bases","namespace","init","repr","eq","order","unsafe_hash","frozen","match_args","kw_only","slots","weakref_slot"],"arg_types":["builtins.str",{".class":"Instance","args":[{".class":"UnionType","items":["builtins.str",{".class":"TupleType","implicit":false,"items":["builtins.str","builtins.type"],"partial_fallback":{".class":"Instance","args":[{".class":"AnyType","missing_import_name":null,"source_any":null,"type_of_any":6}],"type_ref":"builtins.tuple"}},{".class":"TupleType","implicit":false,"items":["builtins.str","builtins.type",{".class":"AnyType","missing_import_name":null,"source_any":null,"type_of_any":2}],"partial_fallback":{".class":"Instance","args":[{".class":"AnyType","missing_import_name":null,"source_any":null,"type_of_any":6}],"type_ref":"builtins.tuple"}}]}],"type_ref":"typing.Iterable"},{".class":"Instance","args":["builtins.type"],"type_ref":"builtins.tuple"},{".class":"UnionType","items":[{".class":"Instance","args":["builtins.str",{".class":"AnyType","missing_import_name":null,"source_any":null,"type_of_any":2}],"type_ref":"builtins.dict"},{".class":"NoneType"}]},"builtins.bool","builtins.bool","builtins.bool","builtins.bool","builtins.bool","builtins.bool","builtins.bool","builtins.bool","builtins.bool","builtins.bool"],"bound_args":[],"def_extras":{"first_arg":null},"fallback":"builtins.function","from_concatenate":false,"implicit":false,"imprecise_arg_kinds":false,"is_ellipsis_args":false,"name":"make_dataclass","ret_type":"builtins.type","type_guard":null,"unpack_kwargs":false,"variables":[]}}},"overload":{".class":"SymbolTableNode","cross_ref":"typing.overload","kind":"Gdef","module_hidden":true,"module_public":false},"replace":{".class":"SymbolTableNode","kind":"Gdef","node":{".class":"FuncDef","abstract_status":0,"arg_kinds":[0,4],"arg_names":[null,"changes"],"dataclass_transform_spec":null,"flags":[],"fullname":"dataclasses.replace","name":"replace","type":{".class":"CallableType","arg_kinds":[0,4],"arg_names":[null,"changes"],"arg_types":[{".class":"TypeVarType","default":{".class":"AnyType","missing_import_name":null,"source_any":null,"type_of_any":4},"fullname":"dataclasses._DataclassT","id":-1,"name":"_DataclassT","namespace":"","upper_bound":"_typeshed.DataclassInstance","values":[],"variance":0},{".class":"AnyType","missing_import_name":null,"source_any":null,"type_of_any":2}],"bound_args":[],"def_extras":{"first_arg":null},"fallback":"builtins.function","from_concatenate":false,"implicit":false,"imprecise_arg_kinds":false,"is_ellipsis_args":false,"name":"replace","ret_type":{".class":"TypeVarType","default":{".class":"AnyType","missing_import_name":null,"source_any":null,"type_of_any":4},"fullname":"dataclasses._DataclassT","id":-1,"name":"_DataclassT","namespace":"","upper_bound":"_typeshed.DataclassInstance","values":[],"variance":0},"type_guard":null,"unpack_kwargs":false,"variables":[{".class":"TypeVarType","default":{".class":"AnyType","missing_import_name":null,"source_any":null,"type_of_any":4},"fullname":"dataclasses._DataclassT","id":-1,"name":"_DataclassT","namespace":"","upper_bound":"_typeshed.DataclassInstance","values":[],"variance":0}]}}},"sys":{".class":"SymbolTableNode","cross_ref":"sys","kind":"Gdef","module_hidden":true,"module_public":false},"types":{".class":"SymbolTableNode","cross_ref":"types","kind":"Gdef","module_hidden":true,"module_public":false}},"path":"/data/data/com.termux/files/usr/lib/python3.11/site-packages/mypy/typeshed/stdlib/dataclasses.pyi"}