{"data_mtime":1711195302,"dep_lines":[4,1,2,3,5,6,1,1],"dep_prios":[5,10,10,5,5,5,5,30],"dependencies":["collections.abc","os","sys","_typeshed","typing","typing_extensions","builtins","abc"],"hash":"97f067517857c6bb280f722aa09093738c2f3aeafd1d02baab66c862426d190d","id":"genericpath","ignore_all":true,"interface_hash":"2af72ba154f0db043d0acf53e60946970312251bb402a7f1abebb2ad3f00af37","mtime":1711193033,"options":{"allow_redefinition":false,"allow_untyped_globals":false,"always_false":[],"always_true":[],"bazel":false,"check_untyped_defs":true,"disable_bytearray_promotion":false,"disable_error_code":[],"disable_memoryview_promotion":false,"disabled_error_codes":[],"disallow_any_decorated":false,"disallow_any_explicit":false,"disallow_any_expr":false,"disallow_any_generics":true,"disallow_any_unimported":false,"disallow_incomplete_defs":true,"disallow_subclassing_any":true,"disallow_untyped_calls":true,"disallow_untyped_decorators":true,"disallow_untyped_defs":true,"enable_error_code":[],"enabled_error_codes":[],"extra_checks":true,"follow_imports":"normal","follow_imports_for_stubs":false,"ignore_errors":false,"ignore_missing_imports":false,"implicit_optional":false,"implicit_reexport":false,"local_partial_types":false,"mypyc":false,"old_type_inference":false,"platform":"linux","plugins":[],"strict_concatenate":false,"strict_equality":true,"strict_optional":true,"warn_no_return":true,"warn_return_any":true,"warn_unreachable":false,"warn_unused_ignores":true},"path":"/data/data/com.termux/files/usr/lib/python3.11/site-packages/mypy/typeshed/stdlib/genericpath.pyi","plugin_data":null,"size":1924,"suppressed":[],"version_id":"1.9.0"}