{".class":"MypyFile","_fullname":"io","future_import_flags":[],"is_partial_stub_package":false,"is_stub":true,"names":{".class":"SymbolTable","Any":{".class":"SymbolTableNode","cross_ref":"typing.Any","kind":"Gdef","module_hidden":true,"module_public":false},"BinaryIO":{".class":"SymbolTableNode","cross_ref":"typing.BinaryIO","kind":"Gdef","module_hidden":true,"module_public":false},"BlockingIOError":{".class":"SymbolTableNode","kind":"Gdef","node":{".class":"TypeAlias","alias_tvars":[],"column":0,"fullname":"io.BlockingIOError","line":49,"no_args":true,"normalized":false,"target":"builtins.BlockingIOError"}},"BufferedIOBase":{".class":"SymbolTableNode","kind":"Gdef","node":{".class":"TypeInfo","_promote":[],"abstract_attributes":[],"alt_promote":null,"bases":["io.IOBase"],"dataclass_transform_spec":null,"declared_metaclass":null,"defn":{".class":"ClassDef","fullname":"io.BufferedIOBase","name":"BufferedIOBase","type_vars":[]},"deletable_attributes":[],"flags":[],"fullname":"io.BufferedIOBase","has_param_spec_type":false,"metaclass_type":"abc.ABCMeta","metadata":{},"module_name":"io","mro":["io.BufferedIOBase","io.IOBase","builtins.object"],"names":{".class":"SymbolTable","detach":{".class":"SymbolTableNode","kind":"Mdef","node":{".class":"FuncDef","abstract_status":0,"arg_kinds":[0],"arg_names":["self"],"dataclass_transform_spec":null,"flags":[],"fullname":"io.BufferedIOBase.detach","name":"detach","type":{".class":"CallableType","arg_kinds":[0],"arg_names":["self"],"arg_types":["io.BufferedIOBase"],"bound_args":[],"def_extras":{"first_arg":"self"},"fallback":"builtins.function","from_concatenate":false,"implicit":false,"imprecise_arg_kinds":false,"is_ellipsis_args":false,"name":"detach of BufferedIOBase","ret_type":"io.RawIOBase","type_guard":null,"unpack_kwargs":false,"variables":[]}}},"raw":{".class":"SymbolTableNode","kind":"Mdef","node":{".class":"Var","flags":["is_initialized_in_class","is_ready"],"fullname":"io.BufferedIOBase.raw","name":"raw","type":"io.RawIOBase"}},"read":{".class":"SymbolTableNode","kind":"Mdef","node":{".class":"FuncDef","abstract_status":0,"arg_kinds":[0,1],"arg_names":["self",null],"dataclass_transform_spec":null,"flags":[],"fullname":"io.BufferedIOBase.read","name":"read","type":{".class":"CallableType","arg_kinds":[0,1],"arg_names":["self",null],"arg_types":["io.BufferedIOBase",{".class":"UnionType","items":["builtins.int",{".class":"NoneType"}]}],"bound_args":[],"def_extras":{"first_arg":"self"},"fallback":"builtins.function","from_concatenate":false,"implicit":false,"imprecise_arg_kinds":false,"is_ellipsis_args":false,"name":"read of BufferedIOBase","ret_type":"builtins.bytes","type_guard":null,"unpack_kwargs":false,"variables":[]}}},"read1":{".class":"SymbolTableNode","kind":"Mdef","node":{".class":"FuncDef","abstract_status":0,"arg_kinds":[0,1],"arg_names":["self",null],"dataclass_transform_spec":null,"flags":[],"fullname":"io.BufferedIOBase.read1","name":"read1","type":{".class":"CallableType","arg_kinds":[0,1],"arg_names":["self",null],"arg_types":["io.BufferedIOBase","builtins.int"],"bound_args":[],"def_extras":{"first_arg":"self"},"fallback":"builtins.function","from_concatenate":false,"implicit":false,"imprecise_arg_kinds":false,"is_ellipsis_args":false,"name":"read1 of BufferedIOBase","ret_type":"builtins.bytes","type_guard":null,"unpack_kwargs":false,"variables":[]}}},"readinto":{".class":"SymbolTableNode","kind":"Mdef","node":{".class":"FuncDef","abstract_status":0,"arg_kinds":[0,0],"arg_names":["self",null],"dataclass_transform_spec":null,"flags":[],"fullname":"io.BufferedIOBase.readinto","name":"readinto","type":{".class":"CallableType","arg_kinds":[0,0],"arg_names":["self",null],"arg_types":["io.BufferedIOBase","typing_extensions.Buffer"],"bound_args":[],"def_extras":{"first_arg":"self"},"fallback":"builtins.function","from_concatenate":false,"implicit":false,"imprecise_arg_kinds":false,"is_ellipsis_args":false,"name":"readinto of BufferedIOBase","ret_type":"builtins.int","type_guard":null,"unpack_kwargs":false,"variables":[]}}},"readinto1":{".class":"SymbolTableNode","kind":"Mdef","node":{".class":"FuncDef","abstract_status":0,"arg_kinds":[0,0],"arg_names":["self",null],"dataclass_transform_spec":null,"flags":[],"fullname":"io.BufferedIOBase.readinto1","name":"readinto1","type":{".class":"CallableType","arg_kinds":[0,0],"arg_names":["self",null],"arg_types":["io.BufferedIOBase","typing_extensions.Buffer"],"bound_args":[],"def_extras":{"first_arg":"self"},"fallback":"builtins.function","from_concatenate":false,"implicit":false,"imprecise_arg_kinds":false,"is_ellipsis_args":false,"name":"readinto1 of BufferedIOBase","ret_type":"builtins.int","type_guard":null,"unpack_kwargs":false,"variables":[]}}},"write":{".class":"SymbolTableNode","kind":"Mdef","node":{".class":"FuncDef","abstract_status":0,"arg_kinds":[0,0],"arg_names":["self",null],"dataclass_transform_spec":null,"flags":[],"fullname":"io.BufferedIOBase.write","name":"write","type":{".class":"CallableType","arg_kinds":[0,0],"arg_names":["self",null],"arg_types":["io.BufferedIOBase","typing_extensions.Buffer"],"bound_args":[],"def_extras":{"first_arg":"self"},"fallback":"builtins.function","from_concatenate":false,"implicit":false,"imprecise_arg_kinds":false,"is_ellipsis_args":false,"name":"write of BufferedIOBase","ret_type":"builtins.int","type_guard":null,"unpack_kwargs":false,"variables":[]}}}},"self_type":null,"slots":null,"tuple_type":null,"type_vars":[],"typeddict_type":null}},"BufferedRWPair":{".class":"SymbolTableNode","kind":"Gdef","node":{".class":"TypeInfo","_promote":[],"abstract_attributes":[],"alt_promote":null,"bases":["io.BufferedIOBase"],"dataclass_transform_spec":null,"declared_metaclass":null,"defn":{".class":"ClassDef","fullname":"io.BufferedRWPair","name":"BufferedRWPair","type_vars":[]},"deletable_attributes":[],"flags":[],"fullname":"io.BufferedRWPair","has_param_spec_type":false,"metaclass_type":"abc.ABCMeta","metadata":{},"module_name":"io","mro":["io.BufferedRWPair","io.BufferedIOBase","io.IOBase","builtins.object"],"names":{".class":"SymbolTable","__init__":{".class":"SymbolTableNode","kind":"Mdef","node":{".class":"FuncDef","abstract_status":0,"arg_kinds":[0,0,0,1],"arg_names":["self","reader","writer","buffer_size"],"dataclass_transform_spec":null,"flags":[],"fullname":"io.BufferedRWPair.__init__","name":"__init__","type":{".class":"CallableType","arg_kinds":[0,0,0,1],"arg_names":["self","reader","writer","buffer_size"],"arg_types":["io.BufferedRWPair","io.RawIOBase","io.RawIOBase","builtins.int"],"bound_args":[],"def_extras":{"first_arg":"self"},"fallback":"builtins.function","from_concatenate":false,"implicit":false,"imprecise_arg_kinds":false,"is_ellipsis_args":false,"name":"__init__ of BufferedRWPair","ret_type":{".class":"NoneType"},"type_guard":null,"unpack_kwargs":false,"variables":[]}}},"peek":{".class":"SymbolTableNode","kind":"Mdef","node":{".class":"FuncDef","abstract_status":0,"arg_kinds":[0,1],"arg_names":["self",null],"dataclass_transform_spec":null,"flags":[],"fullname":"io.BufferedRWPair.peek","name":"peek","type":{".class":"CallableType","arg_kinds":[0,1],"arg_names":["self",null],"arg_types":["io.BufferedRWPair","builtins.int"],"bound_args":[],"def_extras":{"first_arg":"self"},"fallback":"builtins.function","from_concatenate":false,"implicit":false,"imprecise_arg_kinds":false,"is_ellipsis_args":false,"name":"peek of BufferedRWPair","ret_type":"builtins.bytes","type_guard":null,"unpack_kwargs":false,"variables":[]}}}},"self_type":null,"slots":null,"tuple_type":null,"type_vars":[],"typeddict_type":null}},"BufferedRandom":{".class":"SymbolTableNode","kind":"Gdef","node":{".class":"TypeInfo","_promote":[],"abstract_attributes":[],"alt_promote":null,"bases":["io.BufferedReader","io.BufferedWriter"],"dataclass_transform_spec":null,"declared_metaclass":null,"defn":{".class":"ClassDef","fullname":"io.BufferedRandom","name":"BufferedRandom","type_vars":[]},"deletable_attributes":[],"flags":[],"fullname":"io.BufferedRandom","has_param_spec_type":false,"metaclass_type":"abc.ABCMeta","metadata":{},"module_name":"io","mro":["io.BufferedRandom","io.BufferedReader","io.BufferedWriter","io.BufferedIOBase","io.IOBase","typing.BinaryIO","typing.IO","typing.Iterator","typing.Iterable","builtins.object"],"names":{".class":"SymbolTable","__enter__":{".class":"SymbolTableNode","kind":"Mdef","node":{".class":"FuncDef","abstract_status":0,"arg_kinds":[0],"arg_names":[null],"dataclass_transform_spec":null,"flags":[],"fullname":"io.BufferedRandom.__enter__","name":"__enter__","type":{".class":"CallableType","arg_kinds":[0],"arg_names":[null],"arg_types":[{".class":"TypeVarType","default":{".class":"AnyType","missing_import_name":null,"source_any":null,"type_of_any":4},"fullname":"io.BufferedRandom.Self","id":0,"name":"Self","namespace":"","upper_bound":"io.BufferedRandom","values":[],"variance":0}],"bound_args":[],"def_extras":{"first_arg":"self"},"fallback":"builtins.function","from_concatenate":false,"implicit":false,"imprecise_arg_kinds":false,"is_ellipsis_args":false,"name":"__enter__ of BufferedRandom","ret_type":{".class":"TypeVarType","default":{".class":"AnyType","missing_import_name":null,"source_any":null,"type_of_any":4},"fullname":"io.BufferedRandom.Self","id":0,"name":"Self","namespace":"","upper_bound":"io.BufferedRandom","values":[],"variance":0},"type_guard":null,"unpack_kwargs":false,"variables":[{".class":"TypeVarType","default":{".class":"AnyType","missing_import_name":null,"source_any":null,"type_of_any":4},"fullname":"io.BufferedRandom.Self","id":0,"name":"Self","namespace":"","upper_bound":"io.BufferedRandom","values":[],"variance":0}]}}},"seek":{".class":"SymbolTableNode","kind":"Mdef","node":{".class":"FuncDef","abstract_status":0,"arg_kinds":[0,0,1],"arg_names":["self",null,null],"dataclass_transform_spec":null,"flags":[],"fullname":"io.BufferedRandom.seek","name":"seek","type":{".class":"CallableType","arg_kinds":[0,0,1],"arg_names":["self",null,null],"arg_types":["io.BufferedRandom","builtins.int","builtins.int"],"bound_args":[],"def_extras":{"first_arg":"self"},"fallback":"builtins.function","from_concatenate":false,"implicit":false,"imprecise_arg_kinds":false,"is_ellipsis_args":false,"name":"seek of BufferedRandom","ret_type":"builtins.int","type_guard":null,"unpack_kwargs":false,"variables":[]}}}},"self_type":{".class":"TypeVarType","default":{".class":"AnyType","missing_import_name":null,"source_any":null,"type_of_any":4},"fullname":"io.BufferedRandom.Self","id":0,"name":"Self","namespace":"","upper_bound":"io.BufferedRandom","values":[],"variance":0},"slots":null,"tuple_type":null,"type_vars":[],"typeddict_type":null}},"BufferedReader":{".class":"SymbolTableNode","kind":"Gdef","node":{".class":"TypeInfo","_promote":[],"abstract_attributes":[],"alt_promote":null,"bases":["io.BufferedIOBase","typing.BinaryIO"],"dataclass_transform_spec":null,"declared_metaclass":null,"defn":{".class":"ClassDef","fullname":"io.BufferedReader","name":"BufferedReader","type_vars":[]},"deletable_attributes":[],"flags":[],"fullname":"io.BufferedReader","has_param_spec_type":false,"metaclass_type":"abc.ABCMeta","metadata":{},"module_name":"io","mro":["io.BufferedReader","io.BufferedIOBase","io.IOBase","typing.BinaryIO","typing.IO","typing.Iterator","typing.Iterable","builtins.object"],"names":{".class":"SymbolTable","__enter__":{".class":"SymbolTableNode","kind":"Mdef","node":{".class":"FuncDef","abstract_status":0,"arg_kinds":[0],"arg_names":[null],"dataclass_transform_spec":null,"flags":[],"fullname":"io.BufferedReader.__enter__","name":"__enter__","type":{".class":"CallableType","arg_kinds":[0],"arg_names":[null],"arg_types":[{".class":"TypeVarType","default":{".class":"AnyType","missing_import_name":null,"source_any":null,"type_of_any":4},"fullname":"io.BufferedReader.Self","id":0,"name":"Self","namespace":"","upper_bound":"io.BufferedReader","values":[],"variance":0}],"bound_args":[],"def_extras":{"first_arg":"self"},"fallback":"builtins.function","from_concatenate":false,"implicit":false,"imprecise_arg_kinds":false,"is_ellipsis_args":false,"name":"__enter__ of BufferedReader","ret_type":{".class":"TypeVarType","default":{".class":"AnyType","missing_import_name":null,"source_any":null,"type_of_any":4},"fullname":"io.BufferedReader.Self","id":0,"name":"Self","namespace":"","upper_bound":"io.BufferedReader","values":[],"variance":0},"type_guard":null,"unpack_kwargs":false,"variables":[{".class":"TypeVarType","default":{".class":"AnyType","missing_import_name":null,"source_any":null,"type_of_any":4},"fullname":"io.BufferedReader.Self","id":0,"name":"Self","namespace":"","upper_bound":"io.BufferedReader","values":[],"variance":0}]}}},"__init__":{".class":"SymbolTableNode","kind":"Mdef","node":{".class":"FuncDef","abstract_status":0,"arg_kinds":[0,0,1],"arg_names":["self","raw","buffer_size"],"dataclass_transform_spec":null,"flags":[],"fullname":"io.BufferedReader.__init__","name":"__init__","type":{".class":"CallableType","arg_kinds":[0,0,1],"arg_names":["self","raw","buffer_size"],"arg_types":["io.BufferedReader","io.RawIOBase","builtins.int"],"bound_args":[],"def_extras":{"first_arg":"self"},"fallback":"builtins.function","from_concatenate":false,"implicit":false,"imprecise_arg_kinds":false,"is_ellipsis_args":false,"name":"__init__ of BufferedReader","ret_type":{".class":"NoneType"},"type_guard":null,"unpack_kwargs":false,"variables":[]}}},"peek":{".class":"SymbolTableNode","kind":"Mdef","node":{".class":"FuncDef","abstract_status":0,"arg_kinds":[0,1],"arg_names":["self",null],"dataclass_transform_spec":null,"flags":[],"fullname":"io.BufferedReader.peek","name":"peek","type":{".class":"CallableType","arg_kinds":[0,1],"arg_names":["self",null],"arg_types":["io.BufferedReader","builtins.int"],"bound_args":[],"def_extras":{"first_arg":"self"},"fallback":"builtins.function","from_concatenate":false,"implicit":false,"imprecise_arg_kinds":false,"is_ellipsis_args":false,"name":"peek of BufferedReader","ret_type":"builtins.bytes","type_guard":null,"unpack_kwargs":false,"variables":[]}}}},"self_type":{".class":"TypeVarType","default":{".class":"AnyType","missing_import_name":null,"source_any":null,"type_of_any":4},"fullname":"io.BufferedReader.Self","id":0,"name":"Self","namespace":"","upper_bound":"io.BufferedReader","values":[],"variance":0},"slots":null,"tuple_type":null,"type_vars":[],"typeddict_type":null}},"BufferedWriter":{".class":"SymbolTableNode","kind":"Gdef","node":{".class":"TypeInfo","_promote":[],"abstract_attributes":[],"alt_promote":null,"bases":["io.BufferedIOBase","typing.BinaryIO"],"dataclass_transform_spec":null,"declared_metaclass":null,"defn":{".class":"ClassDef","fullname":"io.BufferedWriter","name":"BufferedWriter","type_vars":[]},"deletable_attributes":[],"flags":[],"fullname":"io.BufferedWriter","has_param_spec_type":false,"metaclass_type":"abc.ABCMeta","metadata":{},"module_name":"io","mro":["io.BufferedWriter","io.BufferedIOBase","io.IOBase","typing.BinaryIO","typing.IO","typing.Iterator","typing.Iterable","builtins.object"],"names":{".class":"SymbolTable","__enter__":{".class":"SymbolTableNode","kind":"Mdef","node":{".class":"FuncDef","abstract_status":0,"arg_kinds":[0],"arg_names":[null],"dataclass_transform_spec":null,"flags":[],"fullname":"io.BufferedWriter.__enter__","name":"__enter__","type":{".class":"CallableType","arg_kinds":[0],"arg_names":[null],"arg_types":[{".class":"TypeVarType","default":{".class":"AnyType","missing_import_name":null,"source_any":null,"type_of_any":4},"fullname":"io.BufferedWriter.Self","id":0,"name":"Self","namespace":"","upper_bound":"io.BufferedWriter","values":[],"variance":0}],"bound_args":[],"def_extras":{"first_arg":"self"},"fallback":"builtins.function","from_concatenate":false,"implicit":false,"imprecise_arg_kinds":false,"is_ellipsis_args":false,"name":"__enter__ of BufferedWriter","ret_type":{".class":"TypeVarType","default":{".class":"AnyType","missing_import_name":null,"source_any":null,"type_of_any":4},"fullname":"io.BufferedWriter.Self","id":0,"name":"Self","namespace":"","upper_bound":"io.BufferedWriter","values":[],"variance":0},"type_guard":null,"unpack_kwargs":false,"variables":[{".class":"TypeVarType","default":{".class":"AnyType","missing_import_name":null,"source_any":null,"type_of_any":4},"fullname":"io.BufferedWriter.Self","id":0,"name":"Self","namespace":"","upper_bound":"io.BufferedWriter","values":[],"variance":0}]}}},"__init__":{".class":"SymbolTableNode","kind":"Mdef","node":{".class":"FuncDef","abstract_status":0,"arg_kinds":[0,0,1],"arg_names":["self","raw","buffer_size"],"dataclass_transform_spec":null,"flags":[],"fullname":"io.BufferedWriter.__init__","name":"__init__","type":{".class":"CallableType","arg_kinds":[0,0,1],"arg_names":["self","raw","buffer_size"],"arg_types":["io.BufferedWriter","io.RawIOBase","builtins.int"],"bound_args":[],"def_extras":{"first_arg":"self"},"fallback":"builtins.function","from_concatenate":false,"implicit":false,"imprecise_arg_kinds":false,"is_ellipsis_args":false,"name":"__init__ of BufferedWriter","ret_type":{".class":"NoneType"},"type_guard":null,"unpack_kwargs":false,"variables":[]}}},"write":{".class":"SymbolTableNode","kind":"Mdef","node":{".class":"FuncDef","abstract_status":0,"arg_kinds":[0,0],"arg_names":["self",null],"dataclass_transform_spec":null,"flags":[],"fullname":"io.BufferedWriter.write","name":"write","type":{".class":"CallableType","arg_kinds":[0,0],"arg_names":["self",null],"arg_types":["io.BufferedWriter","typing_extensions.Buffer"],"bound_args":[],"def_extras":{"first_arg":"self"},"fallback":"builtins.function","from_concatenate":false,"implicit":false,"imprecise_arg_kinds":false,"is_ellipsis_args":false,"name":"write of BufferedWriter","ret_type":"builtins.int","type_guard":null,"unpack_kwargs":false,"variables":[]}}}},"self_type":{".class":"TypeVarType","default":{".class":"AnyType","missing_import_name":null,"source_any":null,"type_of_any":4},"fullname":"io.BufferedWriter.Self","id":0,"name":"Self","namespace":"","upper_bound":"io.BufferedWriter","values":[],"variance":0},"slots":null,"tuple_type":null,"type_vars":[],"typeddict_type":null}},"BytesIO":{".class":"SymbolTableNode","kind":"Gdef","node":{".class":"TypeInfo","_promote":[],"abstract_attributes":[],"alt_promote":null,"bases":["io.BufferedIOBase","typing.BinaryIO"],"dataclass_transform_spec":null,"declared_metaclass":null,"defn":{".class":"ClassDef","fullname":"io.BytesIO","name":"BytesIO","type_vars":[]},"deletable_attributes":[],"flags":[],"fullname":"io.BytesIO","has_param_spec_type":false,"metaclass_type":"abc.ABCMeta","metadata":{},"module_name":"io","mro":["io.BytesIO","io.BufferedIOBase","io.IOBase","typing.BinaryIO","typing.IO","typing.Iterator","typing.Iterable","builtins.object"],"names":{".class":"SymbolTable","__enter__":{".class":"SymbolTableNode","kind":"Mdef","node":{".class":"FuncDef","abstract_status":0,"arg_kinds":[0],"arg_names":[null],"dataclass_transform_spec":null,"flags":[],"fullname":"io.BytesIO.__enter__","name":"__enter__","type":{".class":"CallableType","arg_kinds":[0],"arg_names":[null],"arg_types":[{".class":"TypeVarType","default":{".class":"AnyType","missing_import_name":null,"source_any":null,"type_of_any":4},"fullname":"io.BytesIO.Self","id":0,"name":"Self","namespace":"","upper_bound":"io.BytesIO","values":[],"variance":0}],"bound_args":[],"def_extras":{"first_arg":"self"},"fallback":"builtins.function","from_concatenate":false,"implicit":false,"imprecise_arg_kinds":false,"is_ellipsis_args":false,"name":"__enter__ of BytesIO","ret_type":{".class":"TypeVarType","default":{".class":"AnyType","missing_import_name":null,"source_any":null,"type_of_any":4},"fullname":"io.BytesIO.Self","id":0,"name":"Self","namespace":"","upper_bound":"io.BytesIO","values":[],"variance":0},"type_guard":null,"unpack_kwargs":false,"variables":[{".class":"TypeVarType","default":{".class":"AnyType","missing_import_name":null,"source_any":null,"type_of_any":4},"fullname":"io.BytesIO.Self","id":0,"name":"Self","namespace":"","upper_bound":"io.BytesIO","values":[],"variance":0}]}}},"__init__":{".class":"SymbolTableNode","kind":"Mdef","node":{".class":"FuncDef","abstract_status":0,"arg_kinds":[0,1],"arg_names":["self","initial_bytes"],"dataclass_transform_spec":null,"flags":[],"fullname":"io.BytesIO.__init__","name":"__init__","type":{".class":"CallableType","arg_kinds":[0,1],"arg_names":["self","initial_bytes"],"arg_types":["io.BytesIO","typing_extensions.Buffer"],"bound_args":[],"def_extras":{"first_arg":"self"},"fallback":"builtins.function","from_concatenate":false,"implicit":false,"imprecise_arg_kinds":false,"is_ellipsis_args":false,"name":"__init__ of BytesIO","ret_type":{".class":"NoneType"},"type_guard":null,"unpack_kwargs":false,"variables":[]}}},"getbuffer":{".class":"SymbolTableNode","kind":"Mdef","node":{".class":"FuncDef","abstract_status":0,"arg_kinds":[0],"arg_names":["self"],"dataclass_transform_spec":null,"flags":[],"fullname":"io.BytesIO.getbuffer","name":"getbuffer","type":{".class":"CallableType","arg_kinds":[0],"arg_names":["self"],"arg_types":["io.BytesIO"],"bound_args":[],"def_extras":{"first_arg":"self"},"fallback":"builtins.function","from_concatenate":false,"implicit":false,"imprecise_arg_kinds":false,"is_ellipsis_args":false,"name":"getbuffer of BytesIO","ret_type":"builtins.memoryview","type_guard":null,"unpack_kwargs":false,"variables":[]}}},"getvalue":{".class":"SymbolTableNode","kind":"Mdef","node":{".class":"FuncDef","abstract_status":0,"arg_kinds":[0],"arg_names":["self"],"dataclass_transform_spec":null,"flags":[],"fullname":"io.BytesIO.getvalue","name":"getvalue","type":{".class":"CallableType","arg_kinds":[0],"arg_names":["self"],"arg_types":["io.BytesIO"],"bound_args":[],"def_extras":{"first_arg":"self"},"fallback":"builtins.function","from_concatenate":false,"implicit":false,"imprecise_arg_kinds":false,"is_ellipsis_args":false,"name":"getvalue of BytesIO","ret_type":"builtins.bytes","type_guard":null,"unpack_kwargs":false,"variables":[]}}},"name":{".class":"SymbolTableNode","kind":"Mdef","node":{".class":"Var","flags":["is_initialized_in_class","is_ready"],"fullname":"io.BytesIO.name","name":"name","type":{".class":"AnyType","missing_import_name":null,"source_any":null,"type_of_any":2}}},"read1":{".class":"SymbolTableNode","kind":"Mdef","node":{".class":"FuncDef","abstract_status":0,"arg_kinds":[0,1],"arg_names":["self",null],"dataclass_transform_spec":null,"flags":[],"fullname":"io.BytesIO.read1","name":"read1","type":{".class":"CallableType","arg_kinds":[0,1],"arg_names":["self",null],"arg_types":["io.BytesIO",{".class":"UnionType","items":["builtins.int",{".class":"NoneType"}]}],"bound_args":[],"def_extras":{"first_arg":"self"},"fallback":"builtins.function","from_concatenate":false,"implicit":false,"imprecise_arg_kinds":false,"is_ellipsis_args":false,"name":"read1 of BytesIO","ret_type":"builtins.bytes","type_guard":null,"unpack_kwargs":false,"variables":[]}}}},"self_type":{".class":"TypeVarType","default":{".class":"AnyType","missing_import_name":null,"source_any":null,"type_of_any":4},"fullname":"io.BytesIO.Self","id":0,"name":"Self","namespace":"","upper_bound":"io.BytesIO","values":[],"variance":0},"slots":null,"tuple_type":null,"type_vars":[],"typeddict_type":null}},"Callable":{".class":"SymbolTableNode","cross_ref":"typing.Callable","kind":"Gdef","module_hidden":true,"module_public":false},"DEFAULT_BUFFER_SIZE":{".class":"SymbolTableNode","kind":"Gdef","node":{".class":"Var","flags":["is_ready"],"fullname":"io.DEFAULT_BUFFER_SIZE","name":"DEFAULT_BUFFER_SIZE","type":{".class":"LiteralType","fallback":"builtins.int","value":8192}}},"FileDescriptorOrPath":{".class":"SymbolTableNode","cross_ref":"_typeshed.FileDescriptorOrPath","kind":"Gdef","module_hidden":true,"module_public":false},"FileIO":{".class":"SymbolTableNode","kind":"Gdef","node":{".class":"TypeInfo","_promote":[],"abstract_attributes":[],"alt_promote":null,"bases":["io.RawIOBase","typing.BinaryIO"],"dataclass_transform_spec":null,"declared_metaclass":null,"defn":{".class":"ClassDef","fullname":"io.FileIO","name":"FileIO","type_vars":[]},"deletable_attributes":[],"flags":[],"fullname":"io.FileIO","has_param_spec_type":false,"metaclass_type":"abc.ABCMeta","metadata":{},"module_name":"io","mro":["io.FileIO","io.RawIOBase","io.IOBase","typing.BinaryIO","typing.IO","typing.Iterator","typing.Iterable","builtins.object"],"names":{".class":"SymbolTable","__enter__":{".class":"SymbolTableNode","kind":"Mdef","node":{".class":"FuncDef","abstract_status":0,"arg_kinds":[0],"arg_names":[null],"dataclass_transform_spec":null,"flags":[],"fullname":"io.FileIO.__enter__","name":"__enter__","type":{".class":"CallableType","arg_kinds":[0],"arg_names":[null],"arg_types":[{".class":"TypeVarType","default":{".class":"AnyType","missing_import_name":null,"source_any":null,"type_of_any":4},"fullname":"io.FileIO.Self","id":0,"name":"Self","namespace":"","upper_bound":"io.FileIO","values":[],"variance":0}],"bound_args":[],"def_extras":{"first_arg":"self"},"fallback":"builtins.function","from_concatenate":false,"implicit":false,"imprecise_arg_kinds":false,"is_ellipsis_args":false,"name":"__enter__ of FileIO","ret_type":{".class":"TypeVarType","default":{".class":"AnyType","missing_import_name":null,"source_any":null,"type_of_any":4},"fullname":"io.FileIO.Self","id":0,"name":"Self","namespace":"","upper_bound":"io.FileIO","values":[],"variance":0},"type_guard":null,"unpack_kwargs":false,"variables":[{".class":"TypeVarType","default":{".class":"AnyType","missing_import_name":null,"source_any":null,"type_of_any":4},"fullname":"io.FileIO.Self","id":0,"name":"Self","namespace":"","upper_bound":"io.FileIO","values":[],"variance":0}]}}},"__init__":{".class":"SymbolTableNode","kind":"Mdef","node":{".class":"FuncDef","abstract_status":0,"arg_kinds":[0,0,1,1,1],"arg_names":["self","file","mode","closefd","opener"],"dataclass_transform_spec":null,"flags":[],"fullname":"io.FileIO.__init__","name":"__init__","type":{".class":"CallableType","arg_kinds":[0,0,1,1,1],"arg_names":["self","file","mode","closefd","opener"],"arg_types":["io.FileIO",{".class":"TypeAliasType","args":[],"type_ref":"_typeshed.FileDescriptorOrPath"},"builtins.str","builtins.bool",{".class":"UnionType","items":[{".class":"TypeAliasType","args":[],"type_ref":"os._Opener"},{".class":"NoneType"}]}],"bound_args":[],"def_extras":{"first_arg":"self"},"fallback":"builtins.function","from_concatenate":false,"implicit":false,"imprecise_arg_kinds":false,"is_ellipsis_args":false,"name":"__init__ of FileIO","ret_type":{".class":"NoneType"},"type_guard":null,"unpack_kwargs":false,"variables":[]}}},"closefd":{".class":"SymbolTableNode","kind":"Mdef","node":{".class":"Decorator","func":{".class":"FuncDef","abstract_status":0,"arg_kinds":[0],"arg_names":["self"],"dataclass_transform_spec":null,"flags":["is_property","is_decorated"],"fullname":"io.FileIO.closefd","name":"closefd","type":{".class":"CallableType","arg_kinds":[0],"arg_names":["self"],"arg_types":["io.FileIO"],"bound_args":[],"def_extras":{"first_arg":"self"},"fallback":"builtins.function","from_concatenate":false,"implicit":false,"imprecise_arg_kinds":false,"is_ellipsis_args":false,"name":"closefd of FileIO","ret_type":"builtins.bool","type_guard":null,"unpack_kwargs":false,"variables":[]}},"is_overload":false,"var":{".class":"Var","flags":["is_initialized_in_class","is_property","is_ready","is_inferred"],"fullname":"io.FileIO.closefd","name":"closefd","type":{".class":"CallableType","arg_kinds":[0],"arg_names":["self"],"arg_types":["io.FileIO"],"bound_args":[],"def_extras":{"first_arg":"self"},"fallback":"builtins.function","from_concatenate":false,"implicit":false,"imprecise_arg_kinds":false,"is_ellipsis_args":false,"name":"closefd of FileIO","ret_type":"builtins.bool","type_guard":null,"unpack_kwargs":false,"variables":[]}}}},"mode":{".class":"SymbolTableNode","kind":"Mdef","node":{".class":"Var","flags":["is_initialized_in_class","is_ready"],"fullname":"io.FileIO.mode","name":"mode","type":"builtins.str"}},"name":{".class":"SymbolTableNode","kind":"Mdef","node":{".class":"Var","flags":["is_initialized_in_class","is_ready"],"fullname":"io.FileIO.name","name":"name","type":{".class":"TypeAliasType","args":[],"type_ref":"_typeshed.FileDescriptorOrPath"}}},"read":{".class":"SymbolTableNode","kind":"Mdef","node":{".class":"FuncDef","abstract_status":0,"arg_kinds":[0,1],"arg_names":["self",null],"dataclass_transform_spec":null,"flags":[],"fullname":"io.FileIO.read","name":"read","type":{".class":"CallableType","arg_kinds":[0,1],"arg_names":["self",null],"arg_types":["io.FileIO","builtins.int"],"bound_args":[],"def_extras":{"first_arg":"self"},"fallback":"builtins.function","from_concatenate":false,"implicit":false,"imprecise_arg_kinds":false,"is_ellipsis_args":false,"name":"read of FileIO","ret_type":"builtins.bytes","type_guard":null,"unpack_kwargs":false,"variables":[]}}},"write":{".class":"SymbolTableNode","kind":"Mdef","node":{".class":"FuncDef","abstract_status":0,"arg_kinds":[0,0],"arg_names":["self",null],"dataclass_transform_spec":null,"flags":[],"fullname":"io.FileIO.write","name":"write","type":{".class":"CallableType","arg_kinds":[0,0],"arg_names":["self",null],"arg_types":["io.FileIO","typing_extensions.Buffer"],"bound_args":[],"def_extras":{"first_arg":"self"},"fallback":"builtins.function","from_concatenate":false,"implicit":false,"imprecise_arg_kinds":false,"is_ellipsis_args":false,"name":"write of FileIO","ret_type":"builtins.int","type_guard":null,"unpack_kwargs":false,"variables":[]}}}},"self_type":{".class":"TypeVarType","default":{".class":"AnyType","missing_import_name":null,"source_any":null,"type_of_any":4},"fullname":"io.FileIO.Self","id":0,"name":"Self","namespace":"","upper_bound":"io.FileIO","values":[],"variance":0},"slots":null,"tuple_type":null,"type_vars":[],"typeddict_type":null}},"IO":{".class":"SymbolTableNode","cross_ref":"typing.IO","kind":"Gdef","module_hidden":true,"module_public":false},"IOBase":{".class":"SymbolTableNode","kind":"Gdef","node":{".class":"TypeInfo","_promote":[],"abstract_attributes":[],"alt_promote":null,"bases":["builtins.object"],"dataclass_transform_spec":null,"declared_metaclass":"abc.ABCMeta","defn":{".class":"ClassDef","fullname":"io.IOBase","name":"IOBase","type_vars":[]},"deletable_attributes":[],"flags":[],"fullname":"io.IOBase","has_param_spec_type":false,"metaclass_type":"abc.ABCMeta","metadata":{},"module_name":"io","mro":["io.IOBase","builtins.object"],"names":{".class":"SymbolTable","__del__":{".class":"SymbolTableNode","kind":"Mdef","node":{".class":"FuncDef","abstract_status":0,"arg_kinds":[0],"arg_names":[null],"dataclass_transform_spec":null,"flags":[],"fullname":"io.IOBase.__del__","name":"__del__","type":{".class":"CallableType","arg_kinds":[0],"arg_names":[null],"arg_types":["io.IOBase"],"bound_args":[],"def_extras":{"first_arg":"self"},"fallback":"builtins.function","from_concatenate":false,"implicit":false,"imprecise_arg_kinds":false,"is_ellipsis_args":false,"name":"__del__ of IOBase","ret_type":{".class":"NoneType"},"type_guard":null,"unpack_kwargs":false,"variables":[]}}},"__enter__":{".class":"SymbolTableNode","kind":"Mdef","node":{".class":"FuncDef","abstract_status":0,"arg_kinds":[0],"arg_names":[null],"dataclass_transform_spec":null,"flags":[],"fullname":"io.IOBase.__enter__","name":"__enter__","type":{".class":"CallableType","arg_kinds":[0],"arg_names":[null],"arg_types":[{".class":"TypeVarType","default":{".class":"AnyType","missing_import_name":null,"source_any":null,"type_of_any":4},"fullname":"io.IOBase.Self","id":0,"name":"Self","namespace":"","upper_bound":"io.IOBase","values":[],"variance":0}],"bound_args":[],"def_extras":{"first_arg":"self"},"fallback":"builtins.function","from_concatenate":false,"implicit":false,"imprecise_arg_kinds":false,"is_ellipsis_args":false,"name":"__enter__ of IOBase","ret_type":{".class":"TypeVarType","default":{".class":"AnyType","missing_import_name":null,"source_any":null,"type_of_any":4},"fullname":"io.IOBase.Self","id":0,"name":"Self","namespace":"","upper_bound":"io.IOBase","values":[],"variance":0},"type_guard":null,"unpack_kwargs":false,"variables":[{".class":"TypeVarType","default":{".class":"AnyType","missing_import_name":null,"source_any":null,"type_of_any":4},"fullname":"io.IOBase.Self","id":0,"name":"Self","namespace":"","upper_bound":"io.IOBase","values":[],"variance":0}]}}},"__exit__":{".class":"SymbolTableNode","kind":"Mdef","node":{".class":"FuncDef","abstract_status":0,"arg_kinds":[0,0,0,0],"arg_names":[null,null,null,null],"dataclass_transform_spec":null,"flags":[],"fullname":"io.IOBase.__exit__","name":"__exit__","type":{".class":"CallableType","arg_kinds":[0,0,0,0],"arg_names":[null,null,null,null],"arg_types":["io.IOBase",{".class":"UnionType","items":[{".class":"TypeType","item":"builtins.BaseException"},{".class":"NoneType"}]},{".class":"UnionType","items":["builtins.BaseException",{".class":"NoneType"}]},{".class":"UnionType","items":["types.TracebackType",{".class":"NoneType"}]}],"bound_args":[],"def_extras":{"first_arg":"self"},"fallback":"builtins.function","from_concatenate":false,"implicit":false,"imprecise_arg_kinds":false,"is_ellipsis_args":false,"name":"__exit__ of IOBase","ret_type":{".class":"NoneType"},"type_guard":null,"unpack_kwargs":false,"variables":[]}}},"__iter__":{".class":"SymbolTableNode","kind":"Mdef","node":{".class":"FuncDef","abstract_status":0,"arg_kinds":[0],"arg_names":[null],"dataclass_transform_spec":null,"flags":[],"fullname":"io.IOBase.__iter__","name":"__iter__","type":{".class":"CallableType","arg_kinds":[0],"arg_names":[null],"arg_types":["io.IOBase"],"bound_args":[],"def_extras":{"first_arg":"self"},"fallback":"builtins.function","from_concatenate":false,"implicit":false,"imprecise_arg_kinds":false,"is_ellipsis_args":false,"name":"__iter__ of IOBase","ret_type":{".class":"Instance","args":["builtins.bytes"],"type_ref":"typing.Iterator"},"type_guard":null,"unpack_kwargs":false,"variables":[]}}},"__next__":{".class":"SymbolTableNode","kind":"Mdef","node":{".class":"FuncDef","abstract_status":0,"arg_kinds":[0],"arg_names":["self"],"dataclass_transform_spec":null,"flags":[],"fullname":"io.IOBase.__next__","name":"__next__","type":{".class":"CallableType","arg_kinds":[0],"arg_names":["self"],"arg_types":["io.IOBase"],"bound_args":[],"def_extras":{"first_arg":"self"},"fallback":"builtins.function","from_concatenate":false,"implicit":false,"imprecise_arg_kinds":false,"is_ellipsis_args":false,"name":"__next__ of IOBase","ret_type":"builtins.bytes","type_guard":null,"unpack_kwargs":false,"variables":[]}}},"_checkClosed":{".class":"SymbolTableNode","kind":"Mdef","node":{".class":"FuncDef","abstract_status":0,"arg_kinds":[0,1],"arg_names":["self","msg"],"dataclass_transform_spec":null,"flags":[],"fullname":"io.IOBase._checkClosed","name":"_checkClosed","type":{".class":"CallableType","arg_kinds":[0,1],"arg_names":["self","msg"],"arg_types":["io.IOBase",{".class":"UnionType","items":["builtins.str",{".class":"NoneType"}]}],"bound_args":[],"def_extras":{"first_arg":"self"},"fallback":"builtins.function","from_concatenate":false,"implicit":false,"imprecise_arg_kinds":false,"is_ellipsis_args":false,"name":"_checkClosed of IOBase","ret_type":{".class":"NoneType"},"type_guard":null,"unpack_kwargs":false,"variables":[]}}},"close":{".class":"SymbolTableNode","kind":"Mdef","node":{".class":"FuncDef","abstract_status":0,"arg_kinds":[0],"arg_names":["self"],"dataclass_transform_spec":null,"flags":[],"fullname":"io.IOBase.close","name":"close","type":{".class":"CallableType","arg_kinds":[0],"arg_names":["self"],"arg_types":["io.IOBase"],"bound_args":[],"def_extras":{"first_arg":"self"},"fallback":"builtins.function","from_concatenate":false,"implicit":false,"imprecise_arg_kinds":false,"is_ellipsis_args":false,"name":"close of IOBase","ret_type":{".class":"NoneType"},"type_guard":null,"unpack_kwargs":false,"variables":[]}}},"closed":{".class":"SymbolTableNode","kind":"Mdef","node":{".class":"Decorator","func":{".class":"FuncDef","abstract_status":0,"arg_kinds":[0],"arg_names":["self"],"dataclass_transform_spec":null,"flags":["is_property","is_decorated"],"fullname":"io.IOBase.closed","name":"closed","type":{".class":"CallableType","arg_kinds":[0],"arg_names":["self"],"arg_types":["io.IOBase"],"bound_args":[],"def_extras":{"first_arg":"self"},"fallback":"builtins.function","from_concatenate":false,"implicit":false,"imprecise_arg_kinds":false,"is_ellipsis_args":false,"name":"closed of IOBase","ret_type":"builtins.bool","type_guard":null,"unpack_kwargs":false,"variables":[]}},"is_overload":false,"var":{".class":"Var","flags":["is_initialized_in_class","is_property","is_ready","is_inferred"],"fullname":"io.IOBase.closed","name":"closed","type":{".class":"CallableType","arg_kinds":[0],"arg_names":["self"],"arg_types":["io.IOBase"],"bound_args":[],"def_extras":{"first_arg":"self"},"fallback":"builtins.function","from_concatenate":false,"implicit":false,"imprecise_arg_kinds":false,"is_ellipsis_args":false,"name":"closed of IOBase","ret_type":"builtins.bool","type_guard":null,"unpack_kwargs":false,"variables":[]}}}},"fileno":{".class":"SymbolTableNode","kind":"Mdef","node":{".class":"FuncDef","abstract_status":0,"arg_kinds":[0],"arg_names":["self"],"dataclass_transform_spec":null,"flags":[],"fullname":"io.IOBase.fileno","name":"fileno","type":{".class":"CallableType","arg_kinds":[0],"arg_names":["self"],"arg_types":["io.IOBase"],"bound_args":[],"def_extras":{"first_arg":"self"},"fallback":"builtins.function","from_concatenate":false,"implicit":false,"imprecise_arg_kinds":false,"is_ellipsis_args":false,"name":"fileno of IOBase","ret_type":"builtins.int","type_guard":null,"unpack_kwargs":false,"variables":[]}}},"flush":{".class":"SymbolTableNode","kind":"Mdef","node":{".class":"FuncDef","abstract_status":0,"arg_kinds":[0],"arg_names":["self"],"dataclass_transform_spec":null,"flags":[],"fullname":"io.IOBase.flush","name":"flush","type":{".class":"CallableType","arg_kinds":[0],"arg_names":["self"],"arg_types":["io.IOBase"],"bound_args":[],"def_extras":{"first_arg":"self"},"fallback":"builtins.function","from_concatenate":false,"implicit":false,"imprecise_arg_kinds":false,"is_ellipsis_args":false,"name":"flush of IOBase","ret_type":{".class":"NoneType"},"type_guard":null,"unpack_kwargs":false,"variables":[]}}},"isatty":{".class":"SymbolTableNode","kind":"Mdef","node":{".class":"FuncDef","abstract_status":0,"arg_kinds":[0],"arg_names":["self"],"dataclass_transform_spec":null,"flags":[],"fullname":"io.IOBase.isatty","name":"isatty","type":{".class":"CallableType","arg_kinds":[0],"arg_names":["self"],"arg_types":["io.IOBase"],"bound_args":[],"def_extras":{"first_arg":"self"},"fallback":"builtins.function","from_concatenate":false,"implicit":false,"imprecise_arg_kinds":false,"is_ellipsis_args":false,"name":"isatty of IOBase","ret_type":"builtins.bool","type_guard":null,"unpack_kwargs":false,"variables":[]}}},"read":{".class":"SymbolTableNode","kind":"Mdef","node":{".class":"Var","flags":["is_initialized_in_class","is_ready"],"fullname":"io.IOBase.read","name":"read","type":{".class":"CallableType","arg_kinds":[2,4],"arg_names":[null,null],"arg_types":[{".class":"AnyType","missing_import_name":null,"source_any":null,"type_of_any":2},{".class":"AnyType","missing_import_name":null,"source_any":null,"type_of_any":2}],"bound_args":[],"def_extras":{},"fallback":"builtins.function","from_concatenate":false,"implicit":false,"imprecise_arg_kinds":false,"is_ellipsis_args":true,"name":null,"ret_type":{".class":"AnyType","missing_import_name":null,"source_any":null,"type_of_any":2},"type_guard":null,"unpack_kwargs":false,"variables":[]}}},"readable":{".class":"SymbolTableNode","kind":"Mdef","node":{".class":"FuncDef","abstract_status":0,"arg_kinds":[0],"arg_names":["self"],"dataclass_transform_spec":null,"flags":[],"fullname":"io.IOBase.readable","name":"readable","type":{".class":"CallableType","arg_kinds":[0],"arg_names":["self"],"arg_types":["io.IOBase"],"bound_args":[],"def_extras":{"first_arg":"self"},"fallback":"builtins.function","from_concatenate":false,"implicit":false,"imprecise_arg_kinds":false,"is_ellipsis_args":false,"name":"readable of IOBase","ret_type":"builtins.bool","type_guard":null,"unpack_kwargs":false,"variables":[]}}},"readline":{".class":"SymbolTableNode","kind":"Mdef","node":{".class":"FuncDef","abstract_status":0,"arg_kinds":[0,1],"arg_names":["self",null],"dataclass_transform_spec":null,"flags":[],"fullname":"io.IOBase.readline","name":"readline","type":{".class":"CallableType","arg_kinds":[0,1],"arg_names":["self",null],"arg_types":["io.IOBase",{".class":"UnionType","items":["builtins.int",{".class":"NoneType"}]}],"bound_args":[],"def_extras":{"first_arg":"self"},"fallback":"builtins.function","from_concatenate":false,"implicit":false,"imprecise_arg_kinds":false,"is_ellipsis_args":false,"name":"readline of IOBase","ret_type":"builtins.bytes","type_guard":null,"unpack_kwargs":false,"variables":[]}}},"readlines":{".class":"SymbolTableNode","kind":"Mdef","node":{".class":"FuncDef","abstract_status":0,"arg_kinds":[0,1],"arg_names":["self",null],"dataclass_transform_spec":null,"flags":[],"fullname":"io.IOBase.readlines","name":"readlines","type":{".class":"CallableType","arg_kinds":[0,1],"arg_names":["self",null],"arg_types":["io.IOBase","builtins.int"],"bound_args":[],"def_extras":{"first_arg":"self"},"fallback":"builtins.function","from_concatenate":false,"implicit":false,"imprecise_arg_kinds":false,"is_ellipsis_args":false,"name":"readlines of IOBase","ret_type":{".class":"Instance","args":["builtins.bytes"],"type_ref":"builtins.list"},"type_guard":null,"unpack_kwargs":false,"variables":[]}}},"seek":{".class":"SymbolTableNode","kind":"Mdef","node":{".class":"FuncDef","abstract_status":0,"arg_kinds":[0,0,1],"arg_names":["self",null,null],"dataclass_transform_spec":null,"flags":[],"fullname":"io.IOBase.seek","name":"seek","type":{".class":"CallableType","arg_kinds":[0,0,1],"arg_names":["self",null,null],"arg_types":["io.IOBase","builtins.int","builtins.int"],"bound_args":[],"def_extras":{"first_arg":"self"},"fallback":"builtins.function","from_concatenate":false,"implicit":false,"imprecise_arg_kinds":false,"is_ellipsis_args":false,"name":"seek of IOBase","ret_type":"builtins.int","type_guard":null,"unpack_kwargs":false,"variables":[]}}},"seekable":{".class":"SymbolTableNode","kind":"Mdef","node":{".class":"FuncDef","abstract_status":0,"arg_kinds":[0],"arg_names":["self"],"dataclass_transform_spec":null,"flags":[],"fullname":"io.IOBase.seekable","name":"seekable","type":{".class":"CallableType","arg_kinds":[0],"arg_names":["self"],"arg_types":["io.IOBase"],"bound_args":[],"def_extras":{"first_arg":"self"},"fallback":"builtins.function","from_concatenate":false,"implicit":false,"imprecise_arg_kinds":false,"is_ellipsis_args":false,"name":"seekable of IOBase","ret_type":"builtins.bool","type_guard":null,"unpack_kwargs":false,"variables":[]}}},"tell":{".class":"SymbolTableNode","kind":"Mdef","node":{".class":"FuncDef","abstract_status":0,"arg_kinds":[0],"arg_names":["self"],"dataclass_transform_spec":null,"flags":[],"fullname":"io.IOBase.tell","name":"tell","type":{".class":"CallableType","arg_kinds":[0],"arg_names":["self"],"arg_types":["io.IOBase"],"bound_args":[],"def_extras":{"first_arg":"self"},"fallback":"builtins.function","from_concatenate":false,"implicit":false,"imprecise_arg_kinds":false,"is_ellipsis_args":false,"name":"tell of IOBase","ret_type":"builtins.int","type_guard":null,"unpack_kwargs":false,"variables":[]}}},"truncate":{".class":"SymbolTableNode","kind":"Mdef","node":{".class":"FuncDef","abstract_status":0,"arg_kinds":[0,1],"arg_names":["self",null],"dataclass_transform_spec":null,"flags":[],"fullname":"io.IOBase.truncate","name":"truncate","type":{".class":"CallableType","arg_kinds":[0,1],"arg_names":["self",null],"arg_types":["io.IOBase",{".class":"UnionType","items":["builtins.int",{".class":"NoneType"}]}],"bound_args":[],"def_extras":{"first_arg":"self"},"fallback":"builtins.function","from_concatenate":false,"implicit":false,"imprecise_arg_kinds":false,"is_ellipsis_args":false,"name":"truncate of IOBase","ret_type":"builtins.int","type_guard":null,"unpack_kwargs":false,"variables":[]}}},"writable":{".class":"SymbolTableNode","kind":"Mdef","node":{".class":"FuncDef","abstract_status":0,"arg_kinds":[0],"arg_names":["self"],"dataclass_transform_spec":null,"flags":[],"fullname":"io.IOBase.writable","name":"writable","type":{".class":"CallableType","arg_kinds":[0],"arg_names":["self"],"arg_types":["io.IOBase"],"bound_args":[],"def_extras":{"first_arg":"self"},"fallback":"builtins.function","from_concatenate":false,"implicit":false,"imprecise_arg_kinds":false,"is_ellipsis_args":false,"name":"writable of IOBase","ret_type":"builtins.bool","type_guard":null,"unpack_kwargs":false,"variables":[]}}},"write":{".class":"SymbolTableNode","kind":"Mdef","node":{".class":"Var","flags":["is_initialized_in_class","is_ready"],"fullname":"io.IOBase.write","name":"write","type":{".class":"CallableType","arg_kinds":[2,4],"arg_names":[null,null],"arg_types":[{".class":"AnyType","missing_import_name":null,"source_any":null,"type_of_any":2},{".class":"AnyType","missing_import_name":null,"source_any":null,"type_of_any":2}],"bound_args":[],"def_extras":{},"fallback":"builtins.function","from_concatenate":false,"implicit":false,"imprecise_arg_kinds":false,"is_ellipsis_args":true,"name":null,"ret_type":{".class":"AnyType","missing_import_name":null,"source_any":null,"type_of_any":2},"type_guard":null,"unpack_kwargs":false,"variables":[]}}},"writelines":{".class":"SymbolTableNode","kind":"Mdef","node":{".class":"FuncDef","abstract_status":0,"arg_kinds":[0,0],"arg_names":["self",null],"dataclass_transform_spec":null,"flags":[],"fullname":"io.IOBase.writelines","name":"writelines","type":{".class":"CallableType","arg_kinds":[0,0],"arg_names":["self",null],"arg_types":["io.IOBase",{".class":"Instance","args":["typing_extensions.Buffer"],"type_ref":"typing.Iterable"}],"bound_args":[],"def_extras":{"first_arg":"self"},"fallback":"builtins.function","from_concatenate":false,"implicit":false,"imprecise_arg_kinds":false,"is_ellipsis_args":false,"name":"writelines of IOBase","ret_type":{".class":"NoneType"},"type_guard":null,"unpack_kwargs":false,"variables":[]}}}},"self_type":{".class":"TypeVarType","default":{".class":"AnyType","missing_import_name":null,"source_any":null,"type_of_any":4},"fullname":"io.IOBase.Self","id":0,"name":"Self","namespace":"","upper_bound":"io.IOBase","values":[],"variance":0},"slots":null,"tuple_type":null,"type_vars":[],"typeddict_type":null}},"IncrementalNewlineDecoder":{".class":"SymbolTableNode","kind":"Gdef","node":{".class":"TypeInfo","_promote":[],"abstract_attributes":[],"alt_promote":null,"bases":["codecs.IncrementalDecoder"],"dataclass_transform_spec":null,"declared_metaclass":null,"defn":{".class":"ClassDef","fullname":"io.IncrementalNewlineDecoder","name":"IncrementalNewlineDecoder","type_vars":[]},"deletable_attributes":[],"flags":[],"fullname":"io.IncrementalNewlineDecoder","has_param_spec_type":false,"metaclass_type":null,"metadata":{},"module_name":"io","mro":["io.IncrementalNewlineDecoder","codecs.IncrementalDecoder","builtins.object"],"names":{".class":"SymbolTable","__init__":{".class":"SymbolTableNode","kind":"Mdef","node":{".class":"FuncDef","abstract_status":0,"arg_kinds":[0,0,0,1],"arg_names":["self","decoder","translate","errors"],"dataclass_transform_spec":null,"flags":[],"fullname":"io.IncrementalNewlineDecoder.__init__","name":"__init__","type":{".class":"CallableType","arg_kinds":[0,0,0,1],"arg_names":["self","decoder","translate","errors"],"arg_types":["io.IncrementalNewlineDecoder",{".class":"UnionType","items":["codecs.IncrementalDecoder",{".class":"NoneType"}]},"builtins.bool","builtins.str"],"bound_args":[],"def_extras":{"first_arg":"self"},"fallback":"builtins.function","from_concatenate":false,"implicit":false,"imprecise_arg_kinds":false,"is_ellipsis_args":false,"name":"__init__ of IncrementalNewlineDecoder","ret_type":{".class":"NoneType"},"type_guard":null,"unpack_kwargs":false,"variables":[]}}},"decode":{".class":"SymbolTableNode","kind":"Mdef","node":{".class":"FuncDef","abstract_status":0,"arg_kinds":[0,0,1],"arg_names":["self","input","final"],"dataclass_transform_spec":null,"flags":[],"fullname":"io.IncrementalNewlineDecoder.decode","name":"decode","type":{".class":"CallableType","arg_kinds":[0,0,1],"arg_names":["self","input","final"],"arg_types":["io.IncrementalNewlineDecoder",{".class":"UnionType","items":["typing_extensions.Buffer","builtins.str"]},"builtins.bool"],"bound_args":[],"def_extras":{"first_arg":"self"},"fallback":"builtins.function","from_concatenate":false,"implicit":false,"imprecise_arg_kinds":false,"is_ellipsis_args":false,"name":"decode of IncrementalNewlineDecoder","ret_type":"builtins.str","type_guard":null,"unpack_kwargs":false,"variables":[]}}},"newlines":{".class":"SymbolTableNode","kind":"Mdef","node":{".class":"Decorator","func":{".class":"FuncDef","abstract_status":0,"arg_kinds":[0],"arg_names":["self"],"dataclass_transform_spec":null,"flags":["is_property","is_decorated"],"fullname":"io.IncrementalNewlineDecoder.newlines","name":"newlines","type":{".class":"CallableType","arg_kinds":[0],"arg_names":["self"],"arg_types":["io.IncrementalNewlineDecoder"],"bound_args":[],"def_extras":{"first_arg":"self"},"fallback":"builtins.function","from_concatenate":false,"implicit":false,"imprecise_arg_kinds":false,"is_ellipsis_args":false,"name":"newlines of IncrementalNewlineDecoder","ret_type":{".class":"UnionType","items":["builtins.str",{".class":"Instance","args":["builtins.str"],"type_ref":"builtins.tuple"},{".class":"NoneType"}]},"type_guard":null,"unpack_kwargs":false,"variables":[]}},"is_overload":false,"var":{".class":"Var","flags":["is_initialized_in_class","is_property","is_ready","is_inferred"],"fullname":"io.IncrementalNewlineDecoder.newlines","name":"newlines","type":{".class":"CallableType","arg_kinds":[0],"arg_names":["self"],"arg_types":["io.IncrementalNewlineDecoder"],"bound_args":[],"def_extras":{"first_arg":"self"},"fallback":"builtins.function","from_concatenate":false,"implicit":false,"imprecise_arg_kinds":false,"is_ellipsis_args":false,"name":"newlines of IncrementalNewlineDecoder","ret_type":{".class":"UnionType","items":["builtins.str",{".class":"Instance","args":["builtins.str"],"type_ref":"builtins.tuple"},{".class":"NoneType"}]},"type_guard":null,"unpack_kwargs":false,"variables":[]}}}},"setstate":{".class":"SymbolTableNode","kind":"Mdef","node":{".class":"FuncDef","abstract_status":0,"arg_kinds":[0,0],"arg_names":["self",null],"dataclass_transform_spec":null,"flags":[],"fullname":"io.IncrementalNewlineDecoder.setstate","name":"setstate","type":{".class":"CallableType","arg_kinds":[0,0],"arg_names":["self",null],"arg_types":["io.IncrementalNewlineDecoder",{".class":"TupleType","implicit":false,"items":["builtins.bytes","builtins.int"],"partial_fallback":{".class":"Instance","args":[{".class":"AnyType","missing_import_name":null,"source_any":null,"type_of_any":6}],"type_ref":"builtins.tuple"}}],"bound_args":[],"def_extras":{"first_arg":"self"},"fallback":"builtins.function","from_concatenate":false,"implicit":false,"imprecise_arg_kinds":false,"is_ellipsis_args":false,"name":"setstate of IncrementalNewlineDecoder","ret_type":{".class":"NoneType"},"type_guard":null,"unpack_kwargs":false,"variables":[]}}}},"self_type":null,"slots":null,"tuple_type":null,"type_vars":[],"typeddict_type":null}},"Iterable":{".class":"SymbolTableNode","cross_ref":"typing.Iterable","kind":"Gdef","module_hidden":true,"module_public":false},"Iterator":{".class":"SymbolTableNode","cross_ref":"typing.Iterator","kind":"Gdef","module_hidden":true,"module_public":false},"Literal":{".class":"SymbolTableNode","cross_ref":"typing.Literal","kind":"Gdef","module_hidden":true,"module_public":false},"RawIOBase":{".class":"SymbolTableNode","kind":"Gdef","node":{".class":"TypeInfo","_promote":[],"abstract_attributes":[],"alt_promote":null,"bases":["io.IOBase"],"dataclass_transform_spec":null,"declared_metaclass":null,"defn":{".class":"ClassDef","fullname":"io.RawIOBase","name":"RawIOBase","type_vars":[]},"deletable_attributes":[],"flags":[],"fullname":"io.RawIOBase","has_param_spec_type":false,"metaclass_type":"abc.ABCMeta","metadata":{},"module_name":"io","mro":["io.RawIOBase","io.IOBase","builtins.object"],"names":{".class":"SymbolTable","read":{".class":"SymbolTableNode","kind":"Mdef","node":{".class":"FuncDef","abstract_status":0,"arg_kinds":[0,1],"arg_names":["self",null],"dataclass_transform_spec":null,"flags":[],"fullname":"io.RawIOBase.read","name":"read","type":{".class":"CallableType","arg_kinds":[0,1],"arg_names":["self",null],"arg_types":["io.RawIOBase","builtins.int"],"bound_args":[],"def_extras":{"first_arg":"self"},"fallback":"builtins.function","from_concatenate":false,"implicit":false,"imprecise_arg_kinds":false,"is_ellipsis_args":false,"name":"read of RawIOBase","ret_type":{".class":"UnionType","items":["builtins.bytes",{".class":"NoneType"}]},"type_guard":null,"unpack_kwargs":false,"variables":[]}}},"readall":{".class":"SymbolTableNode","kind":"Mdef","node":{".class":"FuncDef","abstract_status":0,"arg_kinds":[0],"arg_names":["self"],"dataclass_transform_spec":null,"flags":[],"fullname":"io.RawIOBase.readall","name":"readall","type":{".class":"CallableType","arg_kinds":[0],"arg_names":["self"],"arg_types":["io.RawIOBase"],"bound_args":[],"def_extras":{"first_arg":"self"},"fallback":"builtins.function","from_concatenate":false,"implicit":false,"imprecise_arg_kinds":false,"is_ellipsis_args":false,"name":"readall of RawIOBase","ret_type":"builtins.bytes","type_guard":null,"unpack_kwargs":false,"variables":[]}}},"readinto":{".class":"SymbolTableNode","kind":"Mdef","node":{".class":"FuncDef","abstract_status":0,"arg_kinds":[0,0],"arg_names":["self",null],"dataclass_transform_spec":null,"flags":[],"fullname":"io.RawIOBase.readinto","name":"readinto","type":{".class":"CallableType","arg_kinds":[0,0],"arg_names":["self",null],"arg_types":["io.RawIOBase","typing_extensions.Buffer"],"bound_args":[],"def_extras":{"first_arg":"self"},"fallback":"builtins.function","from_concatenate":false,"implicit":false,"imprecise_arg_kinds":false,"is_ellipsis_args":false,"name":"readinto of RawIOBase","ret_type":{".class":"UnionType","items":["builtins.int",{".class":"NoneType"}]},"type_guard":null,"unpack_kwargs":false,"variables":[]}}},"write":{".class":"SymbolTableNode","kind":"Mdef","node":{".class":"FuncDef","abstract_status":0,"arg_kinds":[0,0],"arg_names":["self",null],"dataclass_transform_spec":null,"flags":[],"fullname":"io.RawIOBase.write","name":"write","type":{".class":"CallableType","arg_kinds":[0,0],"arg_names":["self",null],"arg_types":["io.RawIOBase","typing_extensions.Buffer"],"bound_args":[],"def_extras":{"first_arg":"self"},"fallback":"builtins.function","from_concatenate":false,"implicit":false,"imprecise_arg_kinds":false,"is_ellipsis_args":false,"name":"write of RawIOBase","ret_type":{".class":"UnionType","items":["builtins.int",{".class":"NoneType"}]},"type_guard":null,"unpack_kwargs":false,"variables":[]}}}},"self_type":null,"slots":null,"tuple_type":null,"type_vars":[],"typeddict_type":null}},"ReadableBuffer":{".class":"SymbolTableNode","cross_ref":"_typeshed.ReadableBuffer","kind":"Gdef","module_hidden":true,"module_public":false},"SEEK_CUR":{".class":"SymbolTableNode","kind":"Gdef","node":{".class":"Var","flags":["is_ready"],"fullname":"io.SEEK_CUR","name":"SEEK_CUR","type":{".class":"LiteralType","fallback":"builtins.int","value":1}}},"SEEK_END":{".class":"SymbolTableNode","kind":"Gdef","node":{".class":"Var","flags":["is_ready"],"fullname":"io.SEEK_END","name":"SEEK_END","type":{".class":"LiteralType","fallback":"builtins.int","value":2}}},"SEEK_SET":{".class":"SymbolTableNode","kind":"Gdef","node":{".class":"Var","flags":["is_ready"],"fullname":"io.SEEK_SET","name":"SEEK_SET","type":{".class":"LiteralType","fallback":"builtins.int","value":0}}},"Self":{".class":"SymbolTableNode","cross_ref":"typing.Self","kind":"Gdef","module_hidden":true,"module_public":false},"StringIO":{".class":"SymbolTableNode","kind":"Gdef","node":{".class":"TypeInfo","_promote":[],"abstract_attributes":[],"alt_promote":null,"bases":["io.TextIOWrapper"],"dataclass_transform_spec":null,"declared_metaclass":null,"defn":{".class":"ClassDef","fullname":"io.StringIO","name":"StringIO","type_vars":[]},"deletable_attributes":[],"flags":[],"fullname":"io.StringIO","has_param_spec_type":false,"metaclass_type":"abc.ABCMeta","metadata":{},"module_name":"io","mro":["io.StringIO","io.TextIOWrapper","io.TextIOBase","io.IOBase","typing.TextIO","typing.IO","typing.Iterator","typing.Iterable","builtins.object"],"names":{".class":"SymbolTable","__init__":{".class":"SymbolTableNode","kind":"Mdef","node":{".class":"FuncDef","abstract_status":0,"arg_kinds":[0,1,1],"arg_names":["self","initial_value","newline"],"dataclass_transform_spec":null,"flags":[],"fullname":"io.StringIO.__init__","name":"__init__","type":{".class":"CallableType","arg_kinds":[0,1,1],"arg_names":["self","initial_value","newline"],"arg_types":["io.StringIO",{".class":"UnionType","items":["builtins.str",{".class":"NoneType"}]},{".class":"UnionType","items":["builtins.str",{".class":"NoneType"}]}],"bound_args":[],"def_extras":{"first_arg":"self"},"fallback":"builtins.function","from_concatenate":false,"implicit":false,"imprecise_arg_kinds":false,"is_ellipsis_args":false,"name":"__init__ of StringIO","ret_type":{".class":"NoneType"},"type_guard":null,"unpack_kwargs":false,"variables":[]}}},"getvalue":{".class":"SymbolTableNode","kind":"Mdef","node":{".class":"FuncDef","abstract_status":0,"arg_kinds":[0],"arg_names":["self"],"dataclass_transform_spec":null,"flags":[],"fullname":"io.StringIO.getvalue","name":"getvalue","type":{".class":"CallableType","arg_kinds":[0],"arg_names":["self"],"arg_types":["io.StringIO"],"bound_args":[],"def_extras":{"first_arg":"self"},"fallback":"builtins.function","from_concatenate":false,"implicit":false,"imprecise_arg_kinds":false,"is_ellipsis_args":false,"name":"getvalue of StringIO","ret_type":"builtins.str","type_guard":null,"unpack_kwargs":false,"variables":[]}}},"name":{".class":"SymbolTableNode","kind":"Mdef","node":{".class":"Var","flags":["is_initialized_in_class","is_ready"],"fullname":"io.StringIO.name","name":"name","type":{".class":"AnyType","missing_import_name":null,"source_any":null,"type_of_any":2}}}},"self_type":null,"slots":null,"tuple_type":null,"type_vars":[],"typeddict_type":null}},"TextIO":{".class":"SymbolTableNode","cross_ref":"typing.TextIO","kind":"Gdef","module_hidden":true,"module_public":false},"TextIOBase":{".class":"SymbolTableNode","kind":"Gdef","node":{".class":"TypeInfo","_promote":[],"abstract_attributes":[],"alt_promote":null,"bases":["io.IOBase"],"dataclass_transform_spec":null,"declared_metaclass":null,"defn":{".class":"ClassDef","fullname":"io.TextIOBase","name":"TextIOBase","type_vars":[]},"deletable_attributes":[],"flags":[],"fullname":"io.TextIOBase","has_param_spec_type":false,"metaclass_type":"abc.ABCMeta","metadata":{},"module_name":"io","mro":["io.TextIOBase","io.IOBase","builtins.object"],"names":{".class":"SymbolTable","__iter__":{".class":"SymbolTableNode","kind":"Mdef","node":{".class":"FuncDef","abstract_status":0,"arg_kinds":[0],"arg_names":[null],"dataclass_transform_spec":null,"flags":[],"fullname":"io.TextIOBase.__iter__","name":"__iter__","type":{".class":"CallableType","arg_kinds":[0],"arg_names":[null],"arg_types":["io.TextIOBase"],"bound_args":[],"def_extras":{"first_arg":"self"},"fallback":"builtins.function","from_concatenate":false,"implicit":false,"imprecise_arg_kinds":false,"is_ellipsis_args":false,"name":"__iter__ of TextIOBase","ret_type":{".class":"Instance","args":["builtins.str"],"type_ref":"typing.Iterator"},"type_guard":null,"unpack_kwargs":false,"variables":[]}}},"__next__":{".class":"SymbolTableNode","kind":"Mdef","node":{".class":"FuncDef","abstract_status":0,"arg_kinds":[0],"arg_names":["self"],"dataclass_transform_spec":null,"flags":[],"fullname":"io.TextIOBase.__next__","name":"__next__","type":{".class":"CallableType","arg_kinds":[0],"arg_names":["self"],"arg_types":["io.TextIOBase"],"bound_args":[],"def_extras":{"first_arg":"self"},"fallback":"builtins.function","from_concatenate":false,"implicit":false,"imprecise_arg_kinds":false,"is_ellipsis_args":false,"name":"__next__ of TextIOBase","ret_type":"builtins.str","type_guard":null,"unpack_kwargs":false,"variables":[]}}},"detach":{".class":"SymbolTableNode","kind":"Mdef","node":{".class":"FuncDef","abstract_status":0,"arg_kinds":[0],"arg_names":["self"],"dataclass_transform_spec":null,"flags":[],"fullname":"io.TextIOBase.detach","name":"detach","type":{".class":"CallableType","arg_kinds":[0],"arg_names":["self"],"arg_types":["io.TextIOBase"],"bound_args":[],"def_extras":{"first_arg":"self"},"fallback":"builtins.function","from_concatenate":false,"implicit":false,"imprecise_arg_kinds":false,"is_ellipsis_args":false,"name":"detach of TextIOBase","ret_type":"typing.BinaryIO","type_guard":null,"unpack_kwargs":false,"variables":[]}}},"encoding":{".class":"SymbolTableNode","kind":"Mdef","node":{".class":"Var","flags":["is_initialized_in_class","is_ready"],"fullname":"io.TextIOBase.encoding","name":"encoding","type":"builtins.str"}},"errors":{".class":"SymbolTableNode","kind":"Mdef","node":{".class":"Var","flags":["is_initialized_in_class","is_ready"],"fullname":"io.TextIOBase.errors","name":"errors","type":{".class":"UnionType","items":["builtins.str",{".class":"NoneType"}]}}},"newlines":{".class":"SymbolTableNode","kind":"Mdef","node":{".class":"Var","flags":["is_initialized_in_class","is_ready"],"fullname":"io.TextIOBase.newlines","name":"newlines","type":{".class":"UnionType","items":["builtins.str",{".class":"Instance","args":["builtins.str"],"type_ref":"builtins.tuple"},{".class":"NoneType"}]}}},"read":{".class":"SymbolTableNode","kind":"Mdef","node":{".class":"FuncDef","abstract_status":0,"arg_kinds":[0,1],"arg_names":["self",null],"dataclass_transform_spec":null,"flags":[],"fullname":"io.TextIOBase.read","name":"read","type":{".class":"CallableType","arg_kinds":[0,1],"arg_names":["self",null],"arg_types":["io.TextIOBase",{".class":"UnionType","items":["builtins.int",{".class":"NoneType"}]}],"bound_args":[],"def_extras":{"first_arg":"self"},"fallback":"builtins.function","from_concatenate":false,"implicit":false,"imprecise_arg_kinds":false,"is_ellipsis_args":false,"name":"read of TextIOBase","ret_type":"builtins.str","type_guard":null,"unpack_kwargs":false,"variables":[]}}},"readline":{".class":"SymbolTableNode","kind":"Mdef","node":{".class":"FuncDef","abstract_status":0,"arg_kinds":[0,1],"arg_names":["self",null],"dataclass_transform_spec":null,"flags":[],"fullname":"io.TextIOBase.readline","name":"readline","type":{".class":"CallableType","arg_kinds":[0,1],"arg_names":["self",null],"arg_types":["io.TextIOBase","builtins.int"],"bound_args":[],"def_extras":{"first_arg":"self"},"fallback":"builtins.function","from_concatenate":false,"implicit":false,"imprecise_arg_kinds":false,"is_ellipsis_args":false,"name":"readline of TextIOBase","ret_type":"builtins.str","type_guard":null,"unpack_kwargs":false,"variables":[]}}},"readlines":{".class":"SymbolTableNode","kind":"Mdef","node":{".class":"FuncDef","abstract_status":0,"arg_kinds":[0,1],"arg_names":["self",null],"dataclass_transform_spec":null,"flags":[],"fullname":"io.TextIOBase.readlines","name":"readlines","type":{".class":"CallableType","arg_kinds":[0,1],"arg_names":["self",null],"arg_types":["io.TextIOBase","builtins.int"],"bound_args":[],"def_extras":{"first_arg":"self"},"fallback":"builtins.function","from_concatenate":false,"implicit":false,"imprecise_arg_kinds":false,"is_ellipsis_args":false,"name":"readlines of TextIOBase","ret_type":{".class":"Instance","args":["builtins.str"],"type_ref":"builtins.list"},"type_guard":null,"unpack_kwargs":false,"variables":[]}}},"write":{".class":"SymbolTableNode","kind":"Mdef","node":{".class":"FuncDef","abstract_status":0,"arg_kinds":[0,0],"arg_names":["self",null],"dataclass_transform_spec":null,"flags":[],"fullname":"io.TextIOBase.write","name":"write","type":{".class":"CallableType","arg_kinds":[0,0],"arg_names":["self",null],"arg_types":["io.TextIOBase","builtins.str"],"bound_args":[],"def_extras":{"first_arg":"self"},"fallback":"builtins.function","from_concatenate":false,"implicit":false,"imprecise_arg_kinds":false,"is_ellipsis_args":false,"name":"write of TextIOBase","ret_type":"builtins.int","type_guard":null,"unpack_kwargs":false,"variables":[]}}},"writelines":{".class":"SymbolTableNode","kind":"Mdef","node":{".class":"FuncDef","abstract_status":0,"arg_kinds":[0,0],"arg_names":["self",null],"dataclass_transform_spec":null,"flags":[],"fullname":"io.TextIOBase.writelines","name":"writelines","type":{".class":"CallableType","arg_kinds":[0,0],"arg_names":["self",null],"arg_types":["io.TextIOBase",{".class":"Instance","args":["builtins.str"],"type_ref":"typing.Iterable"}],"bound_args":[],"def_extras":{"first_arg":"self"},"fallback":"builtins.function","from_concatenate":false,"implicit":false,"imprecise_arg_kinds":false,"is_ellipsis_args":false,"name":"writelines of TextIOBase","ret_type":{".class":"NoneType"},"type_guard":null,"unpack_kwargs":false,"variables":[]}}}},"self_type":null,"slots":null,"tuple_type":null,"type_vars":[],"typeddict_type":null}},"TextIOWrapper":{".class":"SymbolTableNode","kind":"Gdef","node":{".class":"TypeInfo","_promote":[],"abstract_attributes":[],"alt_promote":null,"bases":["io.TextIOBase","typing.TextIO"],"dataclass_transform_spec":null,"declared_metaclass":null,"defn":{".class":"ClassDef","fullname":"io.TextIOWrapper","name":"TextIOWrapper","type_vars":[]},"deletable_attributes":[],"flags":[],"fullname":"io.TextIOWrapper","has_param_spec_type":false,"metaclass_type":"abc.ABCMeta","metadata":{},"module_name":"io","mro":["io.TextIOWrapper","io.TextIOBase","io.IOBase","typing.TextIO","typing.IO","typing.Iterator","typing.Iterable","builtins.object"],"names":{".class":"SymbolTable","__enter__":{".class":"SymbolTableNode","kind":"Mdef","node":{".class":"FuncDef","abstract_status":0,"arg_kinds":[0],"arg_names":[null],"dataclass_transform_spec":null,"flags":[],"fullname":"io.TextIOWrapper.__enter__","name":"__enter__","type":{".class":"CallableType","arg_kinds":[0],"arg_names":[null],"arg_types":[{".class":"TypeVarType","default":{".class":"AnyType","missing_import_name":null,"source_any":null,"type_of_any":4},"fullname":"io.TextIOWrapper.Self","id":0,"name":"Self","namespace":"","upper_bound":"io.TextIOWrapper","values":[],"variance":0}],"bound_args":[],"def_extras":{"first_arg":"self"},"fallback":"builtins.function","from_concatenate":false,"implicit":false,"imprecise_arg_kinds":false,"is_ellipsis_args":false,"name":"__enter__ of TextIOWrapper","ret_type":{".class":"TypeVarType","default":{".class":"AnyType","missing_import_name":null,"source_any":null,"type_of_any":4},"fullname":"io.TextIOWrapper.Self","id":0,"name":"Self","namespace":"","upper_bound":"io.TextIOWrapper","values":[],"variance":0},"type_guard":null,"unpack_kwargs":false,"variables":[{".class":"TypeVarType","default":{".class":"AnyType","missing_import_name":null,"source_any":null,"type_of_any":4},"fullname":"io.TextIOWrapper.Self","id":0,"name":"Self","namespace":"","upper_bound":"io.TextIOWrapper","values":[],"variance":0}]}}},"__init__":{".class":"SymbolTableNode","kind":"Mdef","node":{".class":"FuncDef","abstract_status":0,"arg_kinds":[0,0,1,1,1,1,1],"arg_names":["self","buffer","encoding","errors","newline","line_buffering","write_through"],"dataclass_transform_spec":null,"flags":[],"fullname":"io.TextIOWrapper.__init__","name":"__init__","type":{".class":"CallableType","arg_kinds":[0,0,1,1,1,1,1],"arg_names":["self","buffer","encoding","errors","newline","line_buffering","write_through"],"arg_types":["io.TextIOWrapper",{".class":"Instance","args":["builtins.bytes"],"type_ref":"typing.IO"},{".class":"UnionType","items":["builtins.str",{".class":"NoneType"}]},{".class":"UnionType","items":["builtins.str",{".class":"NoneType"}]},{".class":"UnionType","items":["builtins.str",{".class":"NoneType"}]},"builtins.bool","builtins.bool"],"bound_args":[],"def_extras":{"first_arg":"self"},"fallback":"builtins.function","from_concatenate":false,"implicit":false,"imprecise_arg_kinds":false,"is_ellipsis_args":false,"name":"__init__ of TextIOWrapper","ret_type":{".class":"NoneType"},"type_guard":null,"unpack_kwargs":false,"variables":[]}}},"__iter__":{".class":"SymbolTableNode","kind":"Mdef","node":{".class":"FuncDef","abstract_status":0,"arg_kinds":[0],"arg_names":[null],"dataclass_transform_spec":null,"flags":[],"fullname":"io.TextIOWrapper.__iter__","name":"__iter__","type":{".class":"CallableType","arg_kinds":[0],"arg_names":[null],"arg_types":["io.TextIOWrapper"],"bound_args":[],"def_extras":{"first_arg":"self"},"fallback":"builtins.function","from_concatenate":false,"implicit":false,"imprecise_arg_kinds":false,"is_ellipsis_args":false,"name":"__iter__ of TextIOWrapper","ret_type":{".class":"Instance","args":["builtins.str"],"type_ref":"typing.Iterator"},"type_guard":null,"unpack_kwargs":false,"variables":[]}}},"__next__":{".class":"SymbolTableNode","kind":"Mdef","node":{".class":"FuncDef","abstract_status":0,"arg_kinds":[0],"arg_names":["self"],"dataclass_transform_spec":null,"flags":[],"fullname":"io.TextIOWrapper.__next__","name":"__next__","type":{".class":"CallableType","arg_kinds":[0],"arg_names":["self"],"arg_types":["io.TextIOWrapper"],"bound_args":[],"def_extras":{"first_arg":"self"},"fallback":"builtins.function","from_concatenate":false,"implicit":false,"imprecise_arg_kinds":false,"is_ellipsis_args":false,"name":"__next__ of TextIOWrapper","ret_type":"builtins.str","type_guard":null,"unpack_kwargs":false,"variables":[]}}},"buffer":{".class":"SymbolTableNode","kind":"Mdef","node":{".class":"Decorator","func":{".class":"FuncDef","abstract_status":0,"arg_kinds":[0],"arg_names":["self"],"dataclass_transform_spec":null,"flags":["is_property","is_decorated"],"fullname":"io.TextIOWrapper.buffer","name":"buffer","type":{".class":"CallableType","arg_kinds":[0],"arg_names":["self"],"arg_types":["io.TextIOWrapper"],"bound_args":[],"def_extras":{"first_arg":"self"},"fallback":"builtins.function","from_concatenate":false,"implicit":false,"imprecise_arg_kinds":false,"is_ellipsis_args":false,"name":"buffer of TextIOWrapper","ret_type":"typing.BinaryIO","type_guard":null,"unpack_kwargs":false,"variables":[]}},"is_overload":false,"var":{".class":"Var","flags":["is_initialized_in_class","is_property","is_ready","is_inferred"],"fullname":"io.TextIOWrapper.buffer","name":"buffer","type":{".class":"CallableType","arg_kinds":[0],"arg_names":["self"],"arg_types":["io.TextIOWrapper"],"bound_args":[],"def_extras":{"first_arg":"self"},"fallback":"builtins.function","from_concatenate":false,"implicit":false,"imprecise_arg_kinds":false,"is_ellipsis_args":false,"name":"buffer of TextIOWrapper","ret_type":"typing.BinaryIO","type_guard":null,"unpack_kwargs":false,"variables":[]}}}},"closed":{".class":"SymbolTableNode","kind":"Mdef","node":{".class":"Decorator","func":{".class":"FuncDef","abstract_status":0,"arg_kinds":[0],"arg_names":["self"],"dataclass_transform_spec":null,"flags":["is_property","is_decorated"],"fullname":"io.TextIOWrapper.closed","name":"closed","type":{".class":"CallableType","arg_kinds":[0],"arg_names":["self"],"arg_types":["io.TextIOWrapper"],"bound_args":[],"def_extras":{"first_arg":"self"},"fallback":"builtins.function","from_concatenate":false,"implicit":false,"imprecise_arg_kinds":false,"is_ellipsis_args":false,"name":"closed of TextIOWrapper","ret_type":"builtins.bool","type_guard":null,"unpack_kwargs":false,"variables":[]}},"is_overload":false,"var":{".class":"Var","flags":["is_initialized_in_class","is_property","is_ready","is_inferred"],"fullname":"io.TextIOWrapper.closed","name":"closed","type":{".class":"CallableType","arg_kinds":[0],"arg_names":["self"],"arg_types":["io.TextIOWrapper"],"bound_args":[],"def_extras":{"first_arg":"self"},"fallback":"builtins.function","from_concatenate":false,"implicit":false,"imprecise_arg_kinds":false,"is_ellipsis_args":false,"name":"closed of TextIOWrapper","ret_type":"builtins.bool","type_guard":null,"unpack_kwargs":false,"variables":[]}}}},"line_buffering":{".class":"SymbolTableNode","kind":"Mdef","node":{".class":"Decorator","func":{".class":"FuncDef","abstract_status":0,"arg_kinds":[0],"arg_names":["self"],"dataclass_transform_spec":null,"flags":["is_property","is_decorated"],"fullname":"io.TextIOWrapper.line_buffering","name":"line_buffering","type":{".class":"CallableType","arg_kinds":[0],"arg_names":["self"],"arg_types":["io.TextIOWrapper"],"bound_args":[],"def_extras":{"first_arg":"self"},"fallback":"builtins.function","from_concatenate":false,"implicit":false,"imprecise_arg_kinds":false,"is_ellipsis_args":false,"name":"line_buffering of TextIOWrapper","ret_type":"builtins.bool","type_guard":null,"unpack_kwargs":false,"variables":[]}},"is_overload":false,"var":{".class":"Var","flags":["is_initialized_in_class","is_property","is_ready","is_inferred"],"fullname":"io.TextIOWrapper.line_buffering","name":"line_buffering","type":{".class":"CallableType","arg_kinds":[0],"arg_names":["self"],"arg_types":["io.TextIOWrapper"],"bound_args":[],"def_extras":{"first_arg":"self"},"fallback":"builtins.function","from_concatenate":false,"implicit":false,"imprecise_arg_kinds":false,"is_ellipsis_args":false,"name":"line_buffering of TextIOWrapper","ret_type":"builtins.bool","type_guard":null,"unpack_kwargs":false,"variables":[]}}}},"readline":{".class":"SymbolTableNode","kind":"Mdef","node":{".class":"FuncDef","abstract_status":0,"arg_kinds":[0,1],"arg_names":["self",null],"dataclass_transform_spec":null,"flags":[],"fullname":"io.TextIOWrapper.readline","name":"readline","type":{".class":"CallableType","arg_kinds":[0,1],"arg_names":["self",null],"arg_types":["io.TextIOWrapper","builtins.int"],"bound_args":[],"def_extras":{"first_arg":"self"},"fallback":"builtins.function","from_concatenate":false,"implicit":false,"imprecise_arg_kinds":false,"is_ellipsis_args":false,"name":"readline of TextIOWrapper","ret_type":"builtins.str","type_guard":null,"unpack_kwargs":false,"variables":[]}}},"readlines":{".class":"SymbolTableNode","kind":"Mdef","node":{".class":"FuncDef","abstract_status":0,"arg_kinds":[0,1],"arg_names":["self",null],"dataclass_transform_spec":null,"flags":[],"fullname":"io.TextIOWrapper.readlines","name":"readlines","type":{".class":"CallableType","arg_kinds":[0,1],"arg_names":["self",null],"arg_types":["io.TextIOWrapper","builtins.int"],"bound_args":[],"def_extras":{"first_arg":"self"},"fallback":"builtins.function","from_concatenate":false,"implicit":false,"imprecise_arg_kinds":false,"is_ellipsis_args":false,"name":"readlines of TextIOWrapper","ret_type":{".class":"Instance","args":["builtins.str"],"type_ref":"builtins.list"},"type_guard":null,"unpack_kwargs":false,"variables":[]}}},"reconfigure":{".class":"SymbolTableNode","kind":"Mdef","node":{".class":"FuncDef","abstract_status":0,"arg_kinds":[0,5,5,5,5,5],"arg_names":["self","encoding","errors","newline","line_buffering","write_through"],"dataclass_transform_spec":null,"flags":[],"fullname":"io.TextIOWrapper.reconfigure","name":"reconfigure","type":{".class":"CallableType","arg_kinds":[0,5,5,5,5,5],"arg_names":["self","encoding","errors","newline","line_buffering","write_through"],"arg_types":["io.TextIOWrapper",{".class":"UnionType","items":["builtins.str",{".class":"NoneType"}]},{".class":"UnionType","items":["builtins.str",{".class":"NoneType"}]},{".class":"UnionType","items":["builtins.str",{".class":"NoneType"}]},{".class":"UnionType","items":["builtins.bool",{".class":"NoneType"}]},{".class":"UnionType","items":["builtins.bool",{".class":"NoneType"}]}],"bound_args":[],"def_extras":{"first_arg":"self"},"fallback":"builtins.function","from_concatenate":false,"implicit":false,"imprecise_arg_kinds":false,"is_ellipsis_args":false,"name":"reconfigure of TextIOWrapper","ret_type":{".class":"NoneType"},"type_guard":null,"unpack_kwargs":false,"variables":[]}}},"seek":{".class":"SymbolTableNode","kind":"Mdef","node":{".class":"FuncDef","abstract_status":0,"arg_kinds":[0,0,1],"arg_names":["self",null,null],"dataclass_transform_spec":null,"flags":[],"fullname":"io.TextIOWrapper.seek","name":"seek","type":{".class":"CallableType","arg_kinds":[0,0,1],"arg_names":["self",null,null],"arg_types":["io.TextIOWrapper","builtins.int","builtins.int"],"bound_args":[],"def_extras":{"first_arg":"self"},"fallback":"builtins.function","from_concatenate":false,"implicit":false,"imprecise_arg_kinds":false,"is_ellipsis_args":false,"name":"seek of TextIOWrapper","ret_type":"builtins.int","type_guard":null,"unpack_kwargs":false,"variables":[]}}},"write_through":{".class":"SymbolTableNode","kind":"Mdef","node":{".class":"Decorator","func":{".class":"FuncDef","abstract_status":0,"arg_kinds":[0],"arg_names":["self"],"dataclass_transform_spec":null,"flags":["is_property","is_decorated"],"fullname":"io.TextIOWrapper.write_through","name":"write_through","type":{".class":"CallableType","arg_kinds":[0],"arg_names":["self"],"arg_types":["io.TextIOWrapper"],"bound_args":[],"def_extras":{"first_arg":"self"},"fallback":"builtins.function","from_concatenate":false,"implicit":false,"imprecise_arg_kinds":false,"is_ellipsis_args":false,"name":"write_through of TextIOWrapper","ret_type":"builtins.bool","type_guard":null,"unpack_kwargs":false,"variables":[]}},"is_overload":false,"var":{".class":"Var","flags":["is_initialized_in_class","is_property","is_ready","is_inferred"],"fullname":"io.TextIOWrapper.write_through","name":"write_through","type":{".class":"CallableType","arg_kinds":[0],"arg_names":["self"],"arg_types":["io.TextIOWrapper"],"bound_args":[],"def_extras":{"first_arg":"self"},"fallback":"builtins.function","from_concatenate":false,"implicit":false,"imprecise_arg_kinds":false,"is_ellipsis_args":false,"name":"write_through of TextIOWrapper","ret_type":"builtins.bool","type_guard":null,"unpack_kwargs":false,"variables":[]}}}},"writelines":{".class":"SymbolTableNode","kind":"Mdef","node":{".class":"FuncDef","abstract_status":0,"arg_kinds":[0,0],"arg_names":["self",null],"dataclass_transform_spec":null,"flags":[],"fullname":"io.TextIOWrapper.writelines","name":"writelines","type":{".class":"CallableType","arg_kinds":[0,0],"arg_names":["self",null],"arg_types":["io.TextIOWrapper",{".class":"Instance","args":["builtins.str"],"type_ref":"typing.Iterable"}],"bound_args":[],"def_extras":{"first_arg":"self"},"fallback":"builtins.function","from_concatenate":false,"implicit":false,"imprecise_arg_kinds":false,"is_ellipsis_args":false,"name":"writelines of TextIOWrapper","ret_type":{".class":"NoneType"},"type_guard":null,"unpack_kwargs":false,"variables":[]}}}},"self_type":{".class":"TypeVarType","default":{".class":"AnyType","missing_import_name":null,"source_any":null,"type_of_any":4},"fullname":"io.TextIOWrapper.Self","id":0,"name":"Self","namespace":"","upper_bound":"io.TextIOWrapper","values":[],"variance":0},"slots":null,"tuple_type":null,"type_vars":[],"typeddict_type":null}},"TracebackType":{".class":"SymbolTableNode","cross_ref":"types.TracebackType","kind":"Gdef","module_hidden":true,"module_public":false},"TypeVar":{".class":"SymbolTableNode","cross_ref":"typing.TypeVar","kind":"Gdef","module_hidden":true,"module_public":false},"UnsupportedOperation":{".class":"SymbolTableNode","kind":"Gdef","node":{".class":"TypeInfo","_promote":[],"abstract_attributes":[],"alt_promote":null,"bases":["builtins.OSError","builtins.ValueError"],"dataclass_transform_spec":null,"declared_metaclass":null,"defn":{".class":"ClassDef","fullname":"io.UnsupportedOperation","name":"UnsupportedOperation","type_vars":[]},"deletable_attributes":[],"flags":[],"fullname":"io.UnsupportedOperation","has_param_spec_type":false,"metaclass_type":null,"metadata":{},"module_name":"io","mro":["io.UnsupportedOperation","builtins.OSError","builtins.ValueError","builtins.Exception","builtins.BaseException","builtins.object"],"names":{".class":"SymbolTable"},"self_type":null,"slots":null,"tuple_type":null,"type_vars":[],"typeddict_type":null}},"WriteableBuffer":{".class":"SymbolTableNode","cross_ref":"_typeshed.WriteableBuffer","kind":"Gdef","module_hidden":true,"module_public":false},"_Opener":{".class":"SymbolTableNode","cross_ref":"os._Opener","kind":"Gdef","module_hidden":true,"module_public":false},"_T":{".class":"SymbolTableNode","kind":"Gdef","module_public":false,"node":{".class":"TypeVarExpr","default":{".class":"AnyType","missing_import_name":null,"source_any":null,"type_of_any":4},"fullname":"io._T","name":"_T","upper_bound":"builtins.object","values":[],"variance":0}},"__all__":{".class":"SymbolTableNode","kind":"Gdef","module_public":false,"node":{".class":"Var","flags":["is_inferred","has_explicit_value"],"fullname":"io.__all__","name":"__all__","type":{".class":"Instance","args":["builtins.str"],"type_ref":"builtins.list"}}},"__annotations__":{".class":"SymbolTableNode","kind":"Gdef","module_public":false,"node":{".class":"Var","flags":["is_ready"],"fullname":"io.__annotations__","name":"__annotations__","type":{".class":"Instance","args":["builtins.str",{".class":"AnyType","missing_import_name":null,"source_any":null,"type_of_any":6}],"type_ref":"builtins.dict"}}},"__doc__":{".class":"SymbolTableNode","kind":"Gdef","module_public":false,"node":{".class":"Var","flags":["is_ready"],"fullname":"io.__doc__","name":"__doc__","type":"builtins.str"}},"__file__":{".class":"SymbolTableNode","kind":"Gdef","module_public":false,"node":{".class":"Var","flags":["is_ready"],"fullname":"io.__file__","name":"__file__","type":"builtins.str"}},"__name__":{".class":"SymbolTableNode","kind":"Gdef","module_public":false,"node":{".class":"Var","flags":["is_ready"],"fullname":"io.__name__","name":"__name__","type":"builtins.str"}},"__package__":{".class":"SymbolTableNode","kind":"Gdef","module_public":false,"node":{".class":"Var","flags":["is_ready"],"fullname":"io.__package__","name":"__package__","type":"builtins.str"}},"abc":{".class":"SymbolTableNode","cross_ref":"abc","kind":"Gdef","module_hidden":true,"module_public":false},"builtins":{".class":"SymbolTableNode","cross_ref":"builtins","kind":"Gdef","module_hidden":true,"module_public":false},"codecs":{".class":"SymbolTableNode","cross_ref":"codecs","kind":"Gdef","module_hidden":true,"module_public":false},"open":{".class":"SymbolTableNode","kind":"Gdef","node":{".class":"Var","flags":["is_inferred","has_explicit_value"],"fullname":"io.open","name":"open","type":{".class":"Overloaded","items":[{".class":"CallableType","arg_kinds":[0,1,1,1,1,1,1,1],"arg_names":["file","mode","buffering","encoding","errors","newline","closefd","opener"],"arg_types":[{".class":"TypeAliasType","args":[],"type_ref":"_typeshed.FileDescriptorOrPath"},{".class":"TypeAliasType","args":[],"type_ref":"_typeshed.OpenTextMode"},"builtins.int",{".class":"UnionType","items":["builtins.str",{".class":"NoneType"}]},{".class":"UnionType","items":["builtins.str",{".class":"NoneType"}]},{".class":"UnionType","items":["builtins.str",{".class":"NoneType"}]},"builtins.bool",{".class":"UnionType","items":[{".class":"AnyType","missing_import_name":null,"source_any":null,"type_of_any":3},{".class":"NoneType"}]}],"bound_args":[],"def_extras":{"first_arg":null},"fallback":"builtins.function","from_concatenate":false,"implicit":false,"imprecise_arg_kinds":false,"is_ellipsis_args":false,"name":null,"ret_type":"io.TextIOWrapper","type_guard":null,"unpack_kwargs":false,"variables":[]},{".class":"CallableType","arg_kinds":[0,0,0,1,1,1,1,1],"arg_names":["file","mode","buffering","encoding","errors","newline","closefd","opener"],"arg_types":[{".class":"TypeAliasType","args":[],"type_ref":"_typeshed.FileDescriptorOrPath"},{".class":"TypeAliasType","args":[],"type_ref":"_typeshed.OpenBinaryMode"},{".class":"LiteralType","fallback":"builtins.int","value":0},{".class":"NoneType"},{".class":"NoneType"},{".class":"NoneType"},"builtins.bool",{".class":"UnionType","items":[{".class":"AnyType","missing_import_name":null,"source_any":null,"type_of_any":3},{".class":"NoneType"}]}],"bound_args":[],"def_extras":{"first_arg":null},"fallback":"builtins.function","from_concatenate":false,"implicit":false,"imprecise_arg_kinds":false,"is_ellipsis_args":false,"name":null,"ret_type":"io.FileIO","type_guard":null,"unpack_kwargs":false,"variables":[]},{".class":"CallableType","arg_kinds":[0,0,1,1,1,1,1,1],"arg_names":["file","mode","buffering","encoding","errors","newline","closefd","opener"],"arg_types":[{".class":"TypeAliasType","args":[],"type_ref":"_typeshed.FileDescriptorOrPath"},{".class":"TypeAliasType","args":[],"type_ref":"_typeshed.OpenBinaryModeUpdating"},{".class":"UnionType","items":[{".class":"LiteralType","fallback":"builtins.int","value":-1},{".class":"LiteralType","fallback":"builtins.int","value":1}]},{".class":"NoneType"},{".class":"NoneType"},{".class":"NoneType"},"builtins.bool",{".class":"UnionType","items":[{".class":"AnyType","missing_import_name":null,"source_any":null,"type_of_any":3},{".class":"NoneType"}]}],"bound_args":[],"def_extras":{"first_arg":null},"fallback":"builtins.function","from_concatenate":false,"implicit":false,"imprecise_arg_kinds":false,"is_ellipsis_args":false,"name":null,"ret_type":"io.BufferedRandom","type_guard":null,"unpack_kwargs":false,"variables":[]},{".class":"CallableType","arg_kinds":[0,0,1,1,1,1,1,1],"arg_names":["file","mode","buffering","encoding","errors","newline","closefd","opener"],"arg_types":[{".class":"TypeAliasType","args":[],"type_ref":"_typeshed.FileDescriptorOrPath"},{".class":"TypeAliasType","args":[],"type_ref":"_typeshed.OpenBinaryModeWriting"},{".class":"UnionType","items":[{".class":"LiteralType","fallback":"builtins.int","value":-1},{".class":"LiteralType","fallback":"builtins.int","value":1}]},{".class":"NoneType"},{".class":"NoneType"},{".class":"NoneType"},"builtins.bool",{".class":"UnionType","items":[{".class":"AnyType","missing_import_name":null,"source_any":null,"type_of_any":3},{".class":"NoneType"}]}],"bound_args":[],"def_extras":{"first_arg":null},"fallback":"builtins.function","from_concatenate":false,"implicit":false,"imprecise_arg_kinds":false,"is_ellipsis_args":false,"name":null,"ret_type":"io.BufferedWriter","type_guard":null,"unpack_kwargs":false,"variables":[]},{".class":"CallableType","arg_kinds":[0,0,1,1,1,1,1,1],"arg_names":["file","mode","buffering","encoding","errors","newline","closefd","opener"],"arg_types":[{".class":"TypeAliasType","args":[],"type_ref":"_typeshed.FileDescriptorOrPath"},{".class":"TypeAliasType","args":[],"type_ref":"_typeshed.OpenBinaryModeReading"},{".class":"UnionType","items":[{".class":"LiteralType","fallback":"builtins.int","value":-1},{".class":"LiteralType","fallback":"builtins.int","value":1}]},{".class":"NoneType"},{".class":"NoneType"},{".class":"NoneType"},"builtins.bool",{".class":"UnionType","items":[{".class":"AnyType","missing_import_name":null,"source_any":null,"type_of_any":3},{".class":"NoneType"}]}],"bound_args":[],"def_extras":{"first_arg":null},"fallback":"builtins.function","from_concatenate":false,"implicit":false,"imprecise_arg_kinds":false,"is_ellipsis_args":false,"name":null,"ret_type":"io.BufferedReader","type_guard":null,"unpack_kwargs":false,"variables":[]},{".class":"CallableType","arg_kinds":[0,0,1,1,1,1,1,1],"arg_names":["file","mode","buffering","encoding","errors","newline","closefd","opener"],"arg_types":[{".class":"TypeAliasType","args":[],"type_ref":"_typeshed.FileDescriptorOrPath"},{".class":"TypeAliasType","args":[],"type_ref":"_typeshed.OpenBinaryMode"},"builtins.int",{".class":"NoneType"},{".class":"NoneType"},{".class":"NoneType"},"builtins.bool",{".class":"UnionType","items":[{".class":"AnyType","missing_import_name":null,"source_any":null,"type_of_any":3},{".class":"NoneType"}]}],"bound_args":[],"def_extras":{"first_arg":null},"fallback":"builtins.function","from_concatenate":false,"implicit":false,"imprecise_arg_kinds":false,"is_ellipsis_args":false,"name":null,"ret_type":"typing.BinaryIO","type_guard":null,"unpack_kwargs":false,"variables":[]},{".class":"CallableType","arg_kinds":[0,0,1,1,1,1,1,1],"arg_names":["file","mode","buffering","encoding","errors","newline","closefd","opener"],"arg_types":[{".class":"TypeAliasType","args":[],"type_ref":"_typeshed.FileDescriptorOrPath"},"builtins.str","builtins.int",{".class":"UnionType","items":["builtins.str",{".class":"NoneType"}]},{".class":"UnionType","items":["builtins.str",{".class":"NoneType"}]},{".class":"UnionType","items":["builtins.str",{".class":"NoneType"}]},"builtins.bool",{".class":"UnionType","items":[{".class":"AnyType","missing_import_name":null,"source_any":null,"type_of_any":3},{".class":"NoneType"}]}],"bound_args":[],"def_extras":{"first_arg":null},"fallback":"builtins.function","from_concatenate":false,"implicit":false,"imprecise_arg_kinds":false,"is_ellipsis_args":false,"name":null,"ret_type":{".class":"Instance","args":[{".class":"AnyType","missing_import_name":null,"source_any":null,"type_of_any":2}],"type_ref":"typing.IO"},"type_guard":null,"unpack_kwargs":false,"variables":[]}]}}},"open_code":{".class":"SymbolTableNode","kind":"Gdef","node":{".class":"FuncDef","abstract_status":0,"arg_kinds":[0],"arg_names":["path"],"dataclass_transform_spec":null,"flags":[],"fullname":"io.open_code","name":"open_code","type":{".class":"CallableType","arg_kinds":[0],"arg_names":["path"],"arg_types":["builtins.str"],"bound_args":[],"def_extras":{"first_arg":null},"fallback":"builtins.function","from_concatenate":false,"implicit":false,"imprecise_arg_kinds":false,"is_ellipsis_args":false,"name":"open_code","ret_type":{".class":"Instance","args":["builtins.bytes"],"type_ref":"typing.IO"},"type_guard":null,"unpack_kwargs":false,"variables":[]}}},"overload":{".class":"SymbolTableNode","cross_ref":"typing.overload","kind":"Gdef","module_hidden":true,"module_public":false},"sys":{".class":"SymbolTableNode","cross_ref":"sys","kind":"Gdef","module_hidden":true,"module_public":false},"text_encoding":{".class":"SymbolTableNode","kind":"Gdef","node":{".class":"OverloadedFuncDef","flags":[],"fullname":"io.text_encoding","impl":null,"items":[{".class":"Decorator","func":{".class":"FuncDef","abstract_status":0,"arg_kinds":[0,1],"arg_names":[null,null],"dataclass_transform_spec":null,"flags":["is_overload","is_decorated"],"fullname":"io.text_encoding","name":"text_encoding","type":{".class":"CallableType","arg_kinds":[0,1],"arg_names":[null,null],"arg_types":[{".class":"NoneType"},"builtins.int"],"bound_args":[],"def_extras":{"first_arg":null},"fallback":"builtins.function","from_concatenate":false,"implicit":false,"imprecise_arg_kinds":false,"is_ellipsis_args":false,"name":"text_encoding","ret_type":{".class":"UnionType","items":[{".class":"LiteralType","fallback":"builtins.str","value":"locale"},{".class":"LiteralType","fallback":"builtins.str","value":"utf-8"}]},"type_guard":null,"unpack_kwargs":false,"variables":[]}},"is_overload":true,"var":{".class":"Var","flags":["is_ready","is_inferred"],"fullname":"io.text_encoding","name":"text_encoding","type":{".class":"CallableType","arg_kinds":[0,1],"arg_names":[null,null],"arg_types":[{".class":"NoneType"},"builtins.int"],"bound_args":[],"def_extras":{"first_arg":null},"fallback":"builtins.function","from_concatenate":false,"implicit":false,"imprecise_arg_kinds":false,"is_ellipsis_args":false,"name":"text_encoding","ret_type":{".class":"UnionType","items":[{".class":"LiteralType","fallback":"builtins.str","value":"locale"},{".class":"LiteralType","fallback":"builtins.str","value":"utf-8"}]},"type_guard":null,"unpack_kwargs":false,"variables":[]}}},{".class":"Decorator","func":{".class":"FuncDef","abstract_status":0,"arg_kinds":[0,1],"arg_names":[null,null],"dataclass_transform_spec":null,"flags":["is_overload","is_decorated"],"fullname":"io.text_encoding","name":"text_encoding","type":{".class":"CallableType","arg_kinds":[0,1],"arg_names":[null,null],"arg_types":[{".class":"TypeVarType","default":{".class":"AnyType","missing_import_name":null,"source_any":null,"type_of_any":4},"fullname":"io._T","id":-1,"name":"_T","namespace":"","upper_bound":"builtins.object","values":[],"variance":0},"builtins.int"],"bound_args":[],"def_extras":{"first_arg":null},"fallback":"builtins.function","from_concatenate":false,"implicit":false,"imprecise_arg_kinds":false,"is_ellipsis_args":false,"name":"text_encoding","ret_type":{".class":"TypeVarType","default":{".class":"AnyType","missing_import_name":null,"source_any":null,"type_of_any":4},"fullname":"io._T","id":-1,"name":"_T","namespace":"","upper_bound":"builtins.object","values":[],"variance":0},"type_guard":null,"unpack_kwargs":false,"variables":[{".class":"TypeVarType","default":{".class":"AnyType","missing_import_name":null,"source_any":null,"type_of_any":4},"fullname":"io._T","id":-1,"name":"_T","namespace":"","upper_bound":"builtins.object","values":[],"variance":0}]}},"is_overload":true,"var":{".class":"Var","flags":["is_ready","is_inferred"],"fullname":"io.text_encoding","name":"text_encoding","type":{".class":"CallableType","arg_kinds":[0,1],"arg_names":[null,null],"arg_types":[{".class":"TypeVarType","default":{".class":"AnyType","missing_import_name":null,"source_any":null,"type_of_any":4},"fullname":"io._T","id":-1,"name":"_T","namespace":"","upper_bound":"builtins.object","values":[],"variance":0},"builtins.int"],"bound_args":[],"def_extras":{"first_arg":null},"fallback":"builtins.function","from_concatenate":false,"implicit":false,"imprecise_arg_kinds":false,"is_ellipsis_args":false,"name":"text_encoding","ret_type":{".class":"TypeVarType","default":{".class":"AnyType","missing_import_name":null,"source_any":null,"type_of_any":4},"fullname":"io._T","id":-1,"name":"_T","namespace":"","upper_bound":"builtins.object","values":[],"variance":0},"type_guard":null,"unpack_kwargs":false,"variables":[{".class":"TypeVarType","default":{".class":"AnyType","missing_import_name":null,"source_any":null,"type_of_any":4},"fullname":"io._T","id":-1,"name":"_T","namespace":"","upper_bound":"builtins.object","values":[],"variance":0}]}}}],"type":{".class":"Overloaded","items":[{".class":"CallableType","arg_kinds":[0,1],"arg_names":[null,null],"arg_types":[{".class":"NoneType"},"builtins.int"],"bound_args":[],"def_extras":{"first_arg":null},"fallback":"builtins.function","from_concatenate":false,"implicit":false,"imprecise_arg_kinds":false,"is_ellipsis_args":false,"name":"text_encoding","ret_type":{".class":"UnionType","items":[{".class":"LiteralType","fallback":"builtins.str","value":"locale"},{".class":"LiteralType","fallback":"builtins.str","value":"utf-8"}]},"type_guard":null,"unpack_kwargs":false,"variables":[]},{".class":"CallableType","arg_kinds":[0,1],"arg_names":[null,null],"arg_types":[{".class":"TypeVarType","default":{".class":"AnyType","missing_import_name":null,"source_any":null,"type_of_any":4},"fullname":"io._T","id":-1,"name":"_T","namespace":"","upper_bound":"builtins.object","values":[],"variance":0},"builtins.int"],"bound_args":[],"def_extras":{"first_arg":null},"fallback":"builtins.function","from_concatenate":false,"implicit":false,"imprecise_arg_kinds":false,"is_ellipsis_args":false,"name":"text_encoding","ret_type":{".class":"TypeVarType","default":{".class":"AnyType","missing_import_name":null,"source_any":null,"type_of_any":4},"fullname":"io._T","id":-1,"name":"_T","namespace":"","upper_bound":"builtins.object","values":[],"variance":0},"type_guard":null,"unpack_kwargs":false,"variables":[{".class":"TypeVarType","default":{".class":"AnyType","missing_import_name":null,"source_any":null,"type_of_any":4},"fullname":"io._T","id":-1,"name":"_T","namespace":"","upper_bound":"builtins.object","values":[],"variance":0}]}]}}}},"path":"/data/data/com.termux/files/usr/lib/python3.11/site-packages/mypy/typeshed/stdlib/io.pyi"}