{"data_mtime":1711195302,"dep_lines":[6,1,2,3,4,5,7,8,9,10],"dep_prios":[5,10,10,10,10,5,5,5,5,5],"dependencies":["collections.abc","abc","builtins","codecs","sys","_typeshed","os","types","typing","typing_extensions"],"hash":"b241202be15ff2034a61db9612f92155eda9badd0d3ee0de18ee664eccc1b684","id":"io","ignore_all":true,"interface_hash":"ff96ba89fb55e7e9bc19a9237580ab0ced257dc87850289e47feb377a48a3b09","mtime":1711193033,"options":{"allow_redefinition":false,"allow_untyped_globals":false,"always_false":[],"always_true":[],"bazel":false,"check_untyped_defs":true,"disable_bytearray_promotion":false,"disable_error_code":[],"disable_memoryview_promotion":false,"disabled_error_codes":[],"disallow_any_decorated":false,"disallow_any_explicit":false,"disallow_any_expr":false,"disallow_any_generics":true,"disallow_any_unimported":false,"disallow_incomplete_defs":true,"disallow_subclassing_any":true,"disallow_untyped_calls":true,"disallow_untyped_decorators":true,"disallow_untyped_defs":true,"enable_error_code":[],"enabled_error_codes":[],"extra_checks":true,"follow_imports":"normal","follow_imports_for_stubs":false,"ignore_errors":false,"ignore_missing_imports":false,"implicit_optional":false,"implicit_reexport":false,"local_partial_types":false,"mypyc":false,"old_type_inference":false,"platform":"linux","plugins":[],"strict_concatenate":false,"strict_equality":true,"strict_optional":true,"warn_no_return":true,"warn_return_any":true,"warn_unreachable":false,"warn_unused_ignores":true},"path":"/data/data/com.termux/files/usr/lib/python3.11/site-packages/mypy/typeshed/stdlib/io.pyi","plugin_data":null,"size":8156,"suppressed":[],"version_id":"1.9.0"}