{"data_mtime":1711195302,"dep_lines":[13,1,2,14,15,16,17,18,1,1],"dep_prios":[5,10,5,5,5,5,5,5,5,30],"dependencies":["collections.abc","sys","_typeshed","io","os","types","typing","typing_extensions","builtins","abc"],"hash":"2d60490588e809844ab64d41f43be1b3f7bcbd3508b90b1dc6c9180e260aba1a","id":"pathlib","ignore_all":true,"interface_hash":"c7ce1532674ef5aed9eeee187942f48d8437caef403848a6654d0ceae869d23f","mtime":1711193033,"options":{"allow_redefinition":false,"allow_untyped_globals":false,"always_false":[],"always_true":[],"bazel":false,"check_untyped_defs":true,"disable_bytearray_promotion":false,"disable_error_code":[],"disable_memoryview_promotion":false,"disabled_error_codes":[],"disallow_any_decorated":false,"disallow_any_explicit":false,"disallow_any_expr":false,"disallow_any_generics":true,"disallow_any_unimported":false,"disallow_incomplete_defs":true,"disallow_subclassing_any":true,"disallow_untyped_calls":true,"disallow_untyped_decorators":true,"disallow_untyped_defs":true,"enable_error_code":[],"enabled_error_codes":[],"extra_checks":true,"follow_imports":"normal","follow_imports_for_stubs":false,"ignore_errors":false,"ignore_missing_imports":false,"implicit_optional":false,"implicit_reexport":false,"local_partial_types":false,"mypyc":false,"old_type_inference":false,"platform":"linux","plugins":[],"strict_concatenate":false,"strict_equality":true,"strict_optional":true,"warn_no_return":true,"warn_return_any":true,"warn_unreachable":false,"warn_unused_ignores":true},"path":"/data/data/com.termux/files/usr/lib/python3.11/site-packages/mypy/typeshed/stdlib/pathlib.pyi","plugin_data":null,"size":9020,"suppressed":[],"version_id":"1.9.0"}