{"data_mtime":1711195302,"dep_lines":[5,1,2,3,4,6,7,8,11,1,1],"dep_prios":[5,10,10,10,5,5,5,5,5,5,30],"dependencies":["collections.abc","enum","sre_compile","sys","_typeshed","sre_constants","typing","typing_extensions","types","builtins","abc"],"hash":"f0585a2ef03b860e15e991a7037e6da6fa20f1ba63e769f89a256961626ce1c2","id":"re","ignore_all":true,"interface_hash":"f1d01ab1071b8a14b9c8de7e5c089929dbf734eb8cbf14fab9b9a22d05481998","mtime":1711193033,"options":{"allow_redefinition":false,"allow_untyped_globals":false,"always_false":[],"always_true":[],"bazel":false,"check_untyped_defs":true,"disable_bytearray_promotion":false,"disable_error_code":[],"disable_memoryview_promotion":false,"disabled_error_codes":[],"disallow_any_decorated":false,"disallow_any_explicit":false,"disallow_any_expr":false,"disallow_any_generics":true,"disallow_any_unimported":false,"disallow_incomplete_defs":true,"disallow_subclassing_any":true,"disallow_untyped_calls":true,"disallow_untyped_decorators":true,"disallow_untyped_defs":true,"enable_error_code":[],"enabled_error_codes":[],"extra_checks":true,"follow_imports":"normal","follow_imports_for_stubs":false,"ignore_errors":false,"ignore_missing_imports":false,"implicit_optional":false,"implicit_reexport":false,"local_partial_types":false,"mypyc":false,"old_type_inference":false,"platform":"linux","plugins":[],"strict_concatenate":false,"strict_equality":true,"strict_optional":true,"warn_no_return":true,"warn_return_any":true,"warn_unreachable":false,"warn_unused_ignores":true},"path":"/data/data/com.termux/files/usr/lib/python3.11/site-packages/mypy/typeshed/stdlib/re.pyi","plugin_data":null,"size":11305,"suppressed":[],"version_id":"1.9.0"}