{".class":"MypyFile","_fullname":"resource","future_import_flags":[],"is_partial_stub_package":false,"is_stub":true,"names":{".class":"SymbolTable","Final":{".class":"SymbolTableNode","cross_ref":"typing.Final","kind":"Gdef","module_hidden":true,"module_public":false},"RLIMIT_AS":{".class":"SymbolTableNode","kind":"Gdef","node":{".class":"Var","flags":["is_ready"],"fullname":"resource.RLIMIT_AS","name":"RLIMIT_AS","type":"builtins.int"}},"RLIMIT_CORE":{".class":"SymbolTableNode","kind":"Gdef","node":{".class":"Var","flags":["is_ready"],"fullname":"resource.RLIMIT_CORE","name":"RLIMIT_CORE","type":"builtins.int"}},"RLIMIT_CPU":{".class":"SymbolTableNode","kind":"Gdef","node":{".class":"Var","flags":["is_ready"],"fullname":"resource.RLIMIT_CPU","name":"RLIMIT_CPU","type":"builtins.int"}},"RLIMIT_DATA":{".class":"SymbolTableNode","kind":"Gdef","node":{".class":"Var","flags":["is_ready"],"fullname":"resource.RLIMIT_DATA","name":"RLIMIT_DATA","type":"builtins.int"}},"RLIMIT_FSIZE":{".class":"SymbolTableNode","kind":"Gdef","node":{".class":"Var","flags":["is_ready"],"fullname":"resource.RLIMIT_FSIZE","name":"RLIMIT_FSIZE","type":"builtins.int"}},"RLIMIT_MEMLOCK":{".class":"SymbolTableNode","kind":"Gdef","node":{".class":"Var","flags":["is_ready"],"fullname":"resource.RLIMIT_MEMLOCK","name":"RLIMIT_MEMLOCK","type":"builtins.int"}},"RLIMIT_MSGQUEUE":{".class":"SymbolTableNode","kind":"Gdef","node":{".class":"Var","flags":["is_ready"],"fullname":"resource.RLIMIT_MSGQUEUE","name":"RLIMIT_MSGQUEUE","type":"builtins.int"}},"RLIMIT_NICE":{".class":"SymbolTableNode","kind":"Gdef","node":{".class":"Var","flags":["is_ready"],"fullname":"resource.RLIMIT_NICE","name":"RLIMIT_NICE","type":"builtins.int"}},"RLIMIT_NOFILE":{".class":"SymbolTableNode","kind":"Gdef","node":{".class":"Var","flags":["is_ready"],"fullname":"resource.RLIMIT_NOFILE","name":"RLIMIT_NOFILE","type":"builtins.int"}},"RLIMIT_NPROC":{".class":"SymbolTableNode","kind":"Gdef","node":{".class":"Var","flags":["is_ready"],"fullname":"resource.RLIMIT_NPROC","name":"RLIMIT_NPROC","type":"builtins.int"}},"RLIMIT_OFILE":{".class":"SymbolTableNode","kind":"Gdef","node":{".class":"Var","flags":["is_ready"],"fullname":"resource.RLIMIT_OFILE","name":"RLIMIT_OFILE","type":"builtins.int"}},"RLIMIT_RSS":{".class":"SymbolTableNode","kind":"Gdef","node":{".class":"Var","flags":["is_ready"],"fullname":"resource.RLIMIT_RSS","name":"RLIMIT_RSS","type":"builtins.int"}},"RLIMIT_RTPRIO":{".class":"SymbolTableNode","kind":"Gdef","node":{".class":"Var","flags":["is_ready"],"fullname":"resource.RLIMIT_RTPRIO","name":"RLIMIT_RTPRIO","type":"builtins.int"}},"RLIMIT_RTTIME":{".class":"SymbolTableNode","kind":"Gdef","node":{".class":"Var","flags":["is_ready"],"fullname":"resource.RLIMIT_RTTIME","name":"RLIMIT_RTTIME","type":"builtins.int"}},"RLIMIT_SIGPENDING":{".class":"SymbolTableNode","kind":"Gdef","node":{".class":"Var","flags":["is_ready"],"fullname":"resource.RLIMIT_SIGPENDING","name":"RLIMIT_SIGPENDING","type":"builtins.int"}},"RLIMIT_STACK":{".class":"SymbolTableNode","kind":"Gdef","node":{".class":"Var","flags":["is_ready"],"fullname":"resource.RLIMIT_STACK","name":"RLIMIT_STACK","type":"builtins.int"}},"RLIM_INFINITY":{".class":"SymbolTableNode","kind":"Gdef","node":{".class":"Var","flags":["is_ready"],"fullname":"resource.RLIM_INFINITY","name":"RLIM_INFINITY","type":"builtins.int"}},"RUSAGE_CHILDREN":{".class":"SymbolTableNode","kind":"Gdef","node":{".class":"Var","flags":["is_ready"],"fullname":"resource.RUSAGE_CHILDREN","name":"RUSAGE_CHILDREN","type":"builtins.int"}},"RUSAGE_SELF":{".class":"SymbolTableNode","kind":"Gdef","node":{".class":"Var","flags":["is_ready"],"fullname":"resource.RUSAGE_SELF","name":"RUSAGE_SELF","type":"builtins.int"}},"RUSAGE_THREAD":{".class":"SymbolTableNode","kind":"Gdef","node":{".class":"Var","flags":["is_ready"],"fullname":"resource.RUSAGE_THREAD","name":"RUSAGE_THREAD","type":"builtins.int"}},"__annotations__":{".class":"SymbolTableNode","kind":"Gdef","node":{".class":"Var","flags":["is_ready"],"fullname":"resource.__annotations__","name":"__annotations__","type":{".class":"Instance","args":["builtins.str",{".class":"AnyType","missing_import_name":null,"source_any":null,"type_of_any":6}],"type_ref":"builtins.dict"}}},"__doc__":{".class":"SymbolTableNode","kind":"Gdef","node":{".class":"Var","flags":["is_ready"],"fullname":"resource.__doc__","name":"__doc__","type":"builtins.str"}},"__file__":{".class":"SymbolTableNode","kind":"Gdef","node":{".class":"Var","flags":["is_ready"],"fullname":"resource.__file__","name":"__file__","type":"builtins.str"}},"__name__":{".class":"SymbolTableNode","kind":"Gdef","node":{".class":"Var","flags":["is_ready"],"fullname":"resource.__name__","name":"__name__","type":"builtins.str"}},"__package__":{".class":"SymbolTableNode","kind":"Gdef","node":{".class":"Var","flags":["is_ready"],"fullname":"resource.__package__","name":"__package__","type":"builtins.str"}},"error":{".class":"SymbolTableNode","kind":"Gdef","node":{".class":"TypeAlias","alias_tvars":[],"column":4,"fullname":"resource.error","line":92,"no_args":true,"normalized":false,"target":"builtins.OSError"}},"final":{".class":"SymbolTableNode","cross_ref":"typing.final","kind":"Gdef","module_hidden":true,"module_public":false},"getpagesize":{".class":"SymbolTableNode","kind":"Gdef","node":{".class":"FuncDef","abstract_status":0,"arg_kinds":[],"arg_names":[],"dataclass_transform_spec":null,"flags":[],"fullname":"resource.getpagesize","name":"getpagesize","type":{".class":"CallableType","arg_kinds":[],"arg_names":[],"arg_types":[],"bound_args":[],"def_extras":{"first_arg":null},"fallback":"builtins.function","from_concatenate":false,"implicit":false,"imprecise_arg_kinds":false,"is_ellipsis_args":false,"name":"getpagesize","ret_type":"builtins.int","type_guard":null,"unpack_kwargs":false,"variables":[]}}},"getrlimit":{".class":"SymbolTableNode","kind":"Gdef","node":{".class":"FuncDef","abstract_status":0,"arg_kinds":[0],"arg_names":[null],"dataclass_transform_spec":null,"flags":[],"fullname":"resource.getrlimit","name":"getrlimit","type":{".class":"CallableType","arg_kinds":[0],"arg_names":[null],"arg_types":["builtins.int"],"bound_args":[],"def_extras":{"first_arg":null},"fallback":"builtins.function","from_concatenate":false,"implicit":false,"imprecise_arg_kinds":false,"is_ellipsis_args":false,"name":"getrlimit","ret_type":{".class":"TupleType","implicit":false,"items":["builtins.int","builtins.int"],"partial_fallback":{".class":"Instance","args":[{".class":"AnyType","missing_import_name":null,"source_any":null,"type_of_any":6}],"type_ref":"builtins.tuple"}},"type_guard":null,"unpack_kwargs":false,"variables":[]}}},"getrusage":{".class":"SymbolTableNode","kind":"Gdef","node":{".class":"FuncDef","abstract_status":0,"arg_kinds":[0],"arg_names":[null],"dataclass_transform_spec":null,"flags":[],"fullname":"resource.getrusage","name":"getrusage","type":{".class":"CallableType","arg_kinds":[0],"arg_names":[null],"arg_types":["builtins.int"],"bound_args":[],"def_extras":{"first_arg":null},"fallback":"builtins.function","from_concatenate":false,"implicit":false,"imprecise_arg_kinds":false,"is_ellipsis_args":false,"name":"getrusage","ret_type":{".class":"TypeAliasType","args":[],"type_ref":"resource.struct_rusage"},"type_guard":null,"unpack_kwargs":false,"variables":[]}}},"prlimit":{".class":"SymbolTableNode","kind":"Gdef","node":{".class":"FuncDef","abstract_status":0,"arg_kinds":[0,0,1],"arg_names":[null,null,null],"dataclass_transform_spec":null,"flags":[],"fullname":"resource.prlimit","name":"prlimit","type":{".class":"CallableType","arg_kinds":[0,0,1],"arg_names":[null,null,null],"arg_types":["builtins.int","builtins.int",{".class":"TupleType","implicit":false,"items":["builtins.int","builtins.int"],"partial_fallback":{".class":"Instance","args":[{".class":"AnyType","missing_import_name":null,"source_any":null,"type_of_any":6}],"type_ref":"builtins.tuple"}}],"bound_args":[],"def_extras":{"first_arg":null},"fallback":"builtins.function","from_concatenate":false,"implicit":false,"imprecise_arg_kinds":false,"is_ellipsis_args":false,"name":"prlimit","ret_type":{".class":"TupleType","implicit":false,"items":["builtins.int","builtins.int"],"partial_fallback":{".class":"Instance","args":[{".class":"AnyType","missing_import_name":null,"source_any":null,"type_of_any":6}],"type_ref":"builtins.tuple"}},"type_guard":null,"unpack_kwargs":false,"variables":[]}}},"setrlimit":{".class":"SymbolTableNode","kind":"Gdef","node":{".class":"FuncDef","abstract_status":0,"arg_kinds":[0,0],"arg_names":[null,null],"dataclass_transform_spec":null,"flags":[],"fullname":"resource.setrlimit","name":"setrlimit","type":{".class":"CallableType","arg_kinds":[0,0],"arg_names":[null,null],"arg_types":["builtins.int",{".class":"TupleType","implicit":false,"items":["builtins.int","builtins.int"],"partial_fallback":{".class":"Instance","args":[{".class":"AnyType","missing_import_name":null,"source_any":null,"type_of_any":6}],"type_ref":"builtins.tuple"}}],"bound_args":[],"def_extras":{"first_arg":null},"fallback":"builtins.function","from_concatenate":false,"implicit":false,"imprecise_arg_kinds":false,"is_ellipsis_args":false,"name":"setrlimit","ret_type":{".class":"NoneType"},"type_guard":null,"unpack_kwargs":false,"variables":[]}}},"struct_rusage":{".class":"SymbolTableNode","kind":"Gdef","node":{".class":"TypeInfo","_promote":[],"abstract_attributes":[],"alt_promote":null,"bases":[{".class":"Instance","args":["builtins.float"],"type_ref":"_typeshed.structseq"},{".class":"Instance","args":["builtins.object"],"type_ref":"builtins.tuple"}],"dataclass_transform_spec":null,"declared_metaclass":null,"defn":{".class":"ClassDef","fullname":"resource.struct_rusage","name":"struct_rusage","type_vars":[]},"deletable_attributes":[],"flags":["is_final"],"fullname":"resource.struct_rusage","has_param_spec_type":false,"metaclass_type":"abc.ABCMeta","metadata":{},"module_name":"resource","mro":["resource.struct_rusage","_typeshed.structseq","builtins.tuple","typing.Sequence","typing.Collection","typing.Reversible","typing.Iterable","typing.Container","builtins.object"],"names":{".class":"SymbolTable","__match_args__":{".class":"SymbolTableNode","kind":"Mdef","node":{".class":"Var","flags":["is_initialized_in_class","is_final","is_inferred","has_explicit_value","allow_incompatible_override"],"fullname":"resource.struct_rusage.__match_args__","name":"__match_args__","type":{".class":"TupleType","implicit":false,"items":[{".class":"Instance","args":[],"last_known_value":{".class":"LiteralType","fallback":"builtins.str","value":"ru_utime"},"type_ref":"builtins.str"},{".class":"Instance","args":[],"last_known_value":{".class":"LiteralType","fallback":"builtins.str","value":"ru_stime"},"type_ref":"builtins.str"},{".class":"Instance","args":[],"last_known_value":{".class":"LiteralType","fallback":"builtins.str","value":"ru_maxrss"},"type_ref":"builtins.str"},{".class":"Instance","args":[],"last_known_value":{".class":"LiteralType","fallback":"builtins.str","value":"ru_ixrss"},"type_ref":"builtins.str"},{".class":"Instance","args":[],"last_known_value":{".class":"LiteralType","fallback":"builtins.str","value":"ru_idrss"},"type_ref":"builtins.str"},{".class":"Instance","args":[],"last_known_value":{".class":"LiteralType","fallback":"builtins.str","value":"ru_isrss"},"type_ref":"builtins.str"},{".class":"Instance","args":[],"last_known_value":{".class":"LiteralType","fallback":"builtins.str","value":"ru_minflt"},"type_ref":"builtins.str"},{".class":"Instance","args":[],"last_known_value":{".class":"LiteralType","fallback":"builtins.str","value":"ru_majflt"},"type_ref":"builtins.str"},{".class":"Instance","args":[],"last_known_value":{".class":"LiteralType","fallback":"builtins.str","value":"ru_nswap"},"type_ref":"builtins.str"},{".class":"Instance","args":[],"last_known_value":{".class":"LiteralType","fallback":"builtins.str","value":"ru_inblock"},"type_ref":"builtins.str"},{".class":"Instance","args":[],"last_known_value":{".class":"LiteralType","fallback":"builtins.str","value":"ru_oublock"},"type_ref":"builtins.str"},{".class":"Instance","args":[],"last_known_value":{".class":"LiteralType","fallback":"builtins.str","value":"ru_msgsnd"},"type_ref":"builtins.str"},{".class":"Instance","args":[],"last_known_value":{".class":"LiteralType","fallback":"builtins.str","value":"ru_msgrcv"},"type_ref":"builtins.str"},{".class":"Instance","args":[],"last_known_value":{".class":"LiteralType","fallback":"builtins.str","value":"ru_nsignals"},"type_ref":"builtins.str"},{".class":"Instance","args":[],"last_known_value":{".class":"LiteralType","fallback":"builtins.str","value":"ru_nvcsw"},"type_ref":"builtins.str"},{".class":"Instance","args":[],"last_known_value":{".class":"LiteralType","fallback":"builtins.str","value":"ru_nivcsw"},"type_ref":"builtins.str"}],"partial_fallback":{".class":"Instance","args":[{".class":"AnyType","missing_import_name":null,"source_any":null,"type_of_any":6}],"type_ref":"builtins.tuple"}}}},"ru_idrss":{".class":"SymbolTableNode","kind":"Mdef","node":{".class":"Decorator","func":{".class":"FuncDef","abstract_status":0,"arg_kinds":[0],"arg_names":["self"],"dataclass_transform_spec":null,"flags":["is_property","is_decorated"],"fullname":"resource.struct_rusage.ru_idrss","name":"ru_idrss","type":{".class":"CallableType","arg_kinds":[0],"arg_names":["self"],"arg_types":[{".class":"TupleType","implicit":false,"items":["builtins.float","builtins.float","builtins.int","builtins.int","builtins.int","builtins.int","builtins.int","builtins.int","builtins.int","builtins.int","builtins.int","builtins.int","builtins.int","builtins.int","builtins.int","builtins.int"],"partial_fallback":"resource.struct_rusage"}],"bound_args":[],"def_extras":{"first_arg":"self"},"fallback":"builtins.function","from_concatenate":false,"implicit":false,"imprecise_arg_kinds":false,"is_ellipsis_args":false,"name":"ru_idrss of struct_rusage","ret_type":"builtins.int","type_guard":null,"unpack_kwargs":false,"variables":[]}},"is_overload":false,"var":{".class":"Var","flags":["is_initialized_in_class","is_property","is_ready","is_inferred"],"fullname":"resource.struct_rusage.ru_idrss","name":"ru_idrss","type":{".class":"CallableType","arg_kinds":[0],"arg_names":["self"],"arg_types":[{".class":"TupleType","implicit":false,"items":["builtins.float","builtins.float","builtins.int","builtins.int","builtins.int","builtins.int","builtins.int","builtins.int","builtins.int","builtins.int","builtins.int","builtins.int","builtins.int","builtins.int","builtins.int","builtins.int"],"partial_fallback":"resource.struct_rusage"}],"bound_args":[],"def_extras":{"first_arg":"self"},"fallback":"builtins.function","from_concatenate":false,"implicit":false,"imprecise_arg_kinds":false,"is_ellipsis_args":false,"name":"ru_idrss of struct_rusage","ret_type":"builtins.int","type_guard":null,"unpack_kwargs":false,"variables":[]}}}},"ru_inblock":{".class":"SymbolTableNode","kind":"Mdef","node":{".class":"Decorator","func":{".class":"FuncDef","abstract_status":0,"arg_kinds":[0],"arg_names":["self"],"dataclass_transform_spec":null,"flags":["is_property","is_decorated"],"fullname":"resource.struct_rusage.ru_inblock","name":"ru_inblock","type":{".class":"CallableType","arg_kinds":[0],"arg_names":["self"],"arg_types":[{".class":"TupleType","implicit":false,"items":["builtins.float","builtins.float","builtins.int","builtins.int","builtins.int","builtins.int","builtins.int","builtins.int","builtins.int","builtins.int","builtins.int","builtins.int","builtins.int","builtins.int","builtins.int","builtins.int"],"partial_fallback":"resource.struct_rusage"}],"bound_args":[],"def_extras":{"first_arg":"self"},"fallback":"builtins.function","from_concatenate":false,"implicit":false,"imprecise_arg_kinds":false,"is_ellipsis_args":false,"name":"ru_inblock of struct_rusage","ret_type":"builtins.int","type_guard":null,"unpack_kwargs":false,"variables":[]}},"is_overload":false,"var":{".class":"Var","flags":["is_initialized_in_class","is_property","is_ready","is_inferred"],"fullname":"resource.struct_rusage.ru_inblock","name":"ru_inblock","type":{".class":"CallableType","arg_kinds":[0],"arg_names":["self"],"arg_types":[{".class":"TupleType","implicit":false,"items":["builtins.float","builtins.float","builtins.int","builtins.int","builtins.int","builtins.int","builtins.int","builtins.int","builtins.int","builtins.int","builtins.int","builtins.int","builtins.int","builtins.int","builtins.int","builtins.int"],"partial_fallback":"resource.struct_rusage"}],"bound_args":[],"def_extras":{"first_arg":"self"},"fallback":"builtins.function","from_concatenate":false,"implicit":false,"imprecise_arg_kinds":false,"is_ellipsis_args":false,"name":"ru_inblock of struct_rusage","ret_type":"builtins.int","type_guard":null,"unpack_kwargs":false,"variables":[]}}}},"ru_isrss":{".class":"SymbolTableNode","kind":"Mdef","node":{".class":"Decorator","func":{".class":"FuncDef","abstract_status":0,"arg_kinds":[0],"arg_names":["self"],"dataclass_transform_spec":null,"flags":["is_property","is_decorated"],"fullname":"resource.struct_rusage.ru_isrss","name":"ru_isrss","type":{".class":"CallableType","arg_kinds":[0],"arg_names":["self"],"arg_types":[{".class":"TupleType","implicit":false,"items":["builtins.float","builtins.float","builtins.int","builtins.int","builtins.int","builtins.int","builtins.int","builtins.int","builtins.int","builtins.int","builtins.int","builtins.int","builtins.int","builtins.int","builtins.int","builtins.int"],"partial_fallback":"resource.struct_rusage"}],"bound_args":[],"def_extras":{"first_arg":"self"},"fallback":"builtins.function","from_concatenate":false,"implicit":false,"imprecise_arg_kinds":false,"is_ellipsis_args":false,"name":"ru_isrss of struct_rusage","ret_type":"builtins.int","type_guard":null,"unpack_kwargs":false,"variables":[]}},"is_overload":false,"var":{".class":"Var","flags":["is_initialized_in_class","is_property","is_ready","is_inferred"],"fullname":"resource.struct_rusage.ru_isrss","name":"ru_isrss","type":{".class":"CallableType","arg_kinds":[0],"arg_names":["self"],"arg_types":[{".class":"TupleType","implicit":false,"items":["builtins.float","builtins.float","builtins.int","builtins.int","builtins.int","builtins.int","builtins.int","builtins.int","builtins.int","builtins.int","builtins.int","builtins.int","builtins.int","builtins.int","builtins.int","builtins.int"],"partial_fallback":"resource.struct_rusage"}],"bound_args":[],"def_extras":{"first_arg":"self"},"fallback":"builtins.function","from_concatenate":false,"implicit":false,"imprecise_arg_kinds":false,"is_ellipsis_args":false,"name":"ru_isrss of struct_rusage","ret_type":"builtins.int","type_guard":null,"unpack_kwargs":false,"variables":[]}}}},"ru_ixrss":{".class":"SymbolTableNode","kind":"Mdef","node":{".class":"Decorator","func":{".class":"FuncDef","abstract_status":0,"arg_kinds":[0],"arg_names":["self"],"dataclass_transform_spec":null,"flags":["is_property","is_decorated"],"fullname":"resource.struct_rusage.ru_ixrss","name":"ru_ixrss","type":{".class":"CallableType","arg_kinds":[0],"arg_names":["self"],"arg_types":[{".class":"TupleType","implicit":false,"items":["builtins.float","builtins.float","builtins.int","builtins.int","builtins.int","builtins.int","builtins.int","builtins.int","builtins.int","builtins.int","builtins.int","builtins.int","builtins.int","builtins.int","builtins.int","builtins.int"],"partial_fallback":"resource.struct_rusage"}],"bound_args":[],"def_extras":{"first_arg":"self"},"fallback":"builtins.function","from_concatenate":false,"implicit":false,"imprecise_arg_kinds":false,"is_ellipsis_args":false,"name":"ru_ixrss of struct_rusage","ret_type":"builtins.int","type_guard":null,"unpack_kwargs":false,"variables":[]}},"is_overload":false,"var":{".class":"Var","flags":["is_initialized_in_class","is_property","is_ready","is_inferred"],"fullname":"resource.struct_rusage.ru_ixrss","name":"ru_ixrss","type":{".class":"CallableType","arg_kinds":[0],"arg_names":["self"],"arg_types":[{".class":"TupleType","implicit":false,"items":["builtins.float","builtins.float","builtins.int","builtins.int","builtins.int","builtins.int","builtins.int","builtins.int","builtins.int","builtins.int","builtins.int","builtins.int","builtins.int","builtins.int","builtins.int","builtins.int"],"partial_fallback":"resource.struct_rusage"}],"bound_args":[],"def_extras":{"first_arg":"self"},"fallback":"builtins.function","from_concatenate":false,"implicit":false,"imprecise_arg_kinds":false,"is_ellipsis_args":false,"name":"ru_ixrss of struct_rusage","ret_type":"builtins.int","type_guard":null,"unpack_kwargs":false,"variables":[]}}}},"ru_majflt":{".class":"SymbolTableNode","kind":"Mdef","node":{".class":"Decorator","func":{".class":"FuncDef","abstract_status":0,"arg_kinds":[0],"arg_names":["self"],"dataclass_transform_spec":null,"flags":["is_property","is_decorated"],"fullname":"resource.struct_rusage.ru_majflt","name":"ru_majflt","type":{".class":"CallableType","arg_kinds":[0],"arg_names":["self"],"arg_types":[{".class":"TupleType","implicit":false,"items":["builtins.float","builtins.float","builtins.int","builtins.int","builtins.int","builtins.int","builtins.int","builtins.int","builtins.int","builtins.int","builtins.int","builtins.int","builtins.int","builtins.int","builtins.int","builtins.int"],"partial_fallback":"resource.struct_rusage"}],"bound_args":[],"def_extras":{"first_arg":"self"},"fallback":"builtins.function","from_concatenate":false,"implicit":false,"imprecise_arg_kinds":false,"is_ellipsis_args":false,"name":"ru_majflt of struct_rusage","ret_type":"builtins.int","type_guard":null,"unpack_kwargs":false,"variables":[]}},"is_overload":false,"var":{".class":"Var","flags":["is_initialized_in_class","is_property","is_ready","is_inferred"],"fullname":"resource.struct_rusage.ru_majflt","name":"ru_majflt","type":{".class":"CallableType","arg_kinds":[0],"arg_names":["self"],"arg_types":[{".class":"TupleType","implicit":false,"items":["builtins.float","builtins.float","builtins.int","builtins.int","builtins.int","builtins.int","builtins.int","builtins.int","builtins.int","builtins.int","builtins.int","builtins.int","builtins.int","builtins.int","builtins.int","builtins.int"],"partial_fallback":"resource.struct_rusage"}],"bound_args":[],"def_extras":{"first_arg":"self"},"fallback":"builtins.function","from_concatenate":false,"implicit":false,"imprecise_arg_kinds":false,"is_ellipsis_args":false,"name":"ru_majflt of struct_rusage","ret_type":"builtins.int","type_guard":null,"unpack_kwargs":false,"variables":[]}}}},"ru_maxrss":{".class":"SymbolTableNode","kind":"Mdef","node":{".class":"Decorator","func":{".class":"FuncDef","abstract_status":0,"arg_kinds":[0],"arg_names":["self"],"dataclass_transform_spec":null,"flags":["is_property","is_decorated"],"fullname":"resource.struct_rusage.ru_maxrss","name":"ru_maxrss","type":{".class":"CallableType","arg_kinds":[0],"arg_names":["self"],"arg_types":[{".class":"TupleType","implicit":false,"items":["builtins.float","builtins.float","builtins.int","builtins.int","builtins.int","builtins.int","builtins.int","builtins.int","builtins.int","builtins.int","builtins.int","builtins.int","builtins.int","builtins.int","builtins.int","builtins.int"],"partial_fallback":"resource.struct_rusage"}],"bound_args":[],"def_extras":{"first_arg":"self"},"fallback":"builtins.function","from_concatenate":false,"implicit":false,"imprecise_arg_kinds":false,"is_ellipsis_args":false,"name":"ru_maxrss of struct_rusage","ret_type":"builtins.int","type_guard":null,"unpack_kwargs":false,"variables":[]}},"is_overload":false,"var":{".class":"Var","flags":["is_initialized_in_class","is_property","is_ready","is_inferred"],"fullname":"resource.struct_rusage.ru_maxrss","name":"ru_maxrss","type":{".class":"CallableType","arg_kinds":[0],"arg_names":["self"],"arg_types":[{".class":"TupleType","implicit":false,"items":["builtins.float","builtins.float","builtins.int","builtins.int","builtins.int","builtins.int","builtins.int","builtins.int","builtins.int","builtins.int","builtins.int","builtins.int","builtins.int","builtins.int","builtins.int","builtins.int"],"partial_fallback":"resource.struct_rusage"}],"bound_args":[],"def_extras":{"first_arg":"self"},"fallback":"builtins.function","from_concatenate":false,"implicit":false,"imprecise_arg_kinds":false,"is_ellipsis_args":false,"name":"ru_maxrss of struct_rusage","ret_type":"builtins.int","type_guard":null,"unpack_kwargs":false,"variables":[]}}}},"ru_minflt":{".class":"SymbolTableNode","kind":"Mdef","node":{".class":"Decorator","func":{".class":"FuncDef","abstract_status":0,"arg_kinds":[0],"arg_names":["self"],"dataclass_transform_spec":null,"flags":["is_property","is_decorated"],"fullname":"resource.struct_rusage.ru_minflt","name":"ru_minflt","type":{".class":"CallableType","arg_kinds":[0],"arg_names":["self"],"arg_types":[{".class":"TupleType","implicit":false,"items":["builtins.float","builtins.float","builtins.int","builtins.int","builtins.int","builtins.int","builtins.int","builtins.int","builtins.int","builtins.int","builtins.int","builtins.int","builtins.int","builtins.int","builtins.int","builtins.int"],"partial_fallback":"resource.struct_rusage"}],"bound_args":[],"def_extras":{"first_arg":"self"},"fallback":"builtins.function","from_concatenate":false,"implicit":false,"imprecise_arg_kinds":false,"is_ellipsis_args":false,"name":"ru_minflt of struct_rusage","ret_type":"builtins.int","type_guard":null,"unpack_kwargs":false,"variables":[]}},"is_overload":false,"var":{".class":"Var","flags":["is_initialized_in_class","is_property","is_ready","is_inferred"],"fullname":"resource.struct_rusage.ru_minflt","name":"ru_minflt","type":{".class":"CallableType","arg_kinds":[0],"arg_names":["self"],"arg_types":[{".class":"TupleType","implicit":false,"items":["builtins.float","builtins.float","builtins.int","builtins.int","builtins.int","builtins.int","builtins.int","builtins.int","builtins.int","builtins.int","builtins.int","builtins.int","builtins.int","builtins.int","builtins.int","builtins.int"],"partial_fallback":"resource.struct_rusage"}],"bound_args":[],"def_extras":{"first_arg":"self"},"fallback":"builtins.function","from_concatenate":false,"implicit":false,"imprecise_arg_kinds":false,"is_ellipsis_args":false,"name":"ru_minflt of struct_rusage","ret_type":"builtins.int","type_guard":null,"unpack_kwargs":false,"variables":[]}}}},"ru_msgrcv":{".class":"SymbolTableNode","kind":"Mdef","node":{".class":"Decorator","func":{".class":"FuncDef","abstract_status":0,"arg_kinds":[0],"arg_names":["self"],"dataclass_transform_spec":null,"flags":["is_property","is_decorated"],"fullname":"resource.struct_rusage.ru_msgrcv","name":"ru_msgrcv","type":{".class":"CallableType","arg_kinds":[0],"arg_names":["self"],"arg_types":[{".class":"TupleType","implicit":false,"items":["builtins.float","builtins.float","builtins.int","builtins.int","builtins.int","builtins.int","builtins.int","builtins.int","builtins.int","builtins.int","builtins.int","builtins.int","builtins.int","builtins.int","builtins.int","builtins.int"],"partial_fallback":"resource.struct_rusage"}],"bound_args":[],"def_extras":{"first_arg":"self"},"fallback":"builtins.function","from_concatenate":false,"implicit":false,"imprecise_arg_kinds":false,"is_ellipsis_args":false,"name":"ru_msgrcv of struct_rusage","ret_type":"builtins.int","type_guard":null,"unpack_kwargs":false,"variables":[]}},"is_overload":false,"var":{".class":"Var","flags":["is_initialized_in_class","is_property","is_ready","is_inferred"],"fullname":"resource.struct_rusage.ru_msgrcv","name":"ru_msgrcv","type":{".class":"CallableType","arg_kinds":[0],"arg_names":["self"],"arg_types":[{".class":"TupleType","implicit":false,"items":["builtins.float","builtins.float","builtins.int","builtins.int","builtins.int","builtins.int","builtins.int","builtins.int","builtins.int","builtins.int","builtins.int","builtins.int","builtins.int","builtins.int","builtins.int","builtins.int"],"partial_fallback":"resource.struct_rusage"}],"bound_args":[],"def_extras":{"first_arg":"self"},"fallback":"builtins.function","from_concatenate":false,"implicit":false,"imprecise_arg_kinds":false,"is_ellipsis_args":false,"name":"ru_msgrcv of struct_rusage","ret_type":"builtins.int","type_guard":null,"unpack_kwargs":false,"variables":[]}}}},"ru_msgsnd":{".class":"SymbolTableNode","kind":"Mdef","node":{".class":"Decorator","func":{".class":"FuncDef","abstract_status":0,"arg_kinds":[0],"arg_names":["self"],"dataclass_transform_spec":null,"flags":["is_property","is_decorated"],"fullname":"resource.struct_rusage.ru_msgsnd","name":"ru_msgsnd","type":{".class":"CallableType","arg_kinds":[0],"arg_names":["self"],"arg_types":[{".class":"TupleType","implicit":false,"items":["builtins.float","builtins.float","builtins.int","builtins.int","builtins.int","builtins.int","builtins.int","builtins.int","builtins.int","builtins.int","builtins.int","builtins.int","builtins.int","builtins.int","builtins.int","builtins.int"],"partial_fallback":"resource.struct_rusage"}],"bound_args":[],"def_extras":{"first_arg":"self"},"fallback":"builtins.function","from_concatenate":false,"implicit":false,"imprecise_arg_kinds":false,"is_ellipsis_args":false,"name":"ru_msgsnd of struct_rusage","ret_type":"builtins.int","type_guard":null,"unpack_kwargs":false,"variables":[]}},"is_overload":false,"var":{".class":"Var","flags":["is_initialized_in_class","is_property","is_ready","is_inferred"],"fullname":"resource.struct_rusage.ru_msgsnd","name":"ru_msgsnd","type":{".class":"CallableType","arg_kinds":[0],"arg_names":["self"],"arg_types":[{".class":"TupleType","implicit":false,"items":["builtins.float","builtins.float","builtins.int","builtins.int","builtins.int","builtins.int","builtins.int","builtins.int","builtins.int","builtins.int","builtins.int","builtins.int","builtins.int","builtins.int","builtins.int","builtins.int"],"partial_fallback":"resource.struct_rusage"}],"bound_args":[],"def_extras":{"first_arg":"self"},"fallback":"builtins.function","from_concatenate":false,"implicit":false,"imprecise_arg_kinds":false,"is_ellipsis_args":false,"name":"ru_msgsnd of struct_rusage","ret_type":"builtins.int","type_guard":null,"unpack_kwargs":false,"variables":[]}}}},"ru_nivcsw":{".class":"SymbolTableNode","kind":"Mdef","node":{".class":"Decorator","func":{".class":"FuncDef","abstract_status":0,"arg_kinds":[0],"arg_names":["self"],"dataclass_transform_spec":null,"flags":["is_property","is_decorated"],"fullname":"resource.struct_rusage.ru_nivcsw","name":"ru_nivcsw","type":{".class":"CallableType","arg_kinds":[0],"arg_names":["self"],"arg_types":[{".class":"TupleType","implicit":false,"items":["builtins.float","builtins.float","builtins.int","builtins.int","builtins.int","builtins.int","builtins.int","builtins.int","builtins.int","builtins.int","builtins.int","builtins.int","builtins.int","builtins.int","builtins.int","builtins.int"],"partial_fallback":"resource.struct_rusage"}],"bound_args":[],"def_extras":{"first_arg":"self"},"fallback":"builtins.function","from_concatenate":false,"implicit":false,"imprecise_arg_kinds":false,"is_ellipsis_args":false,"name":"ru_nivcsw of struct_rusage","ret_type":"builtins.int","type_guard":null,"unpack_kwargs":false,"variables":[]}},"is_overload":false,"var":{".class":"Var","flags":["is_initialized_in_class","is_property","is_ready","is_inferred"],"fullname":"resource.struct_rusage.ru_nivcsw","name":"ru_nivcsw","type":{".class":"CallableType","arg_kinds":[0],"arg_names":["self"],"arg_types":[{".class":"TupleType","implicit":false,"items":["builtins.float","builtins.float","builtins.int","builtins.int","builtins.int","builtins.int","builtins.int","builtins.int","builtins.int","builtins.int","builtins.int","builtins.int","builtins.int","builtins.int","builtins.int","builtins.int"],"partial_fallback":"resource.struct_rusage"}],"bound_args":[],"def_extras":{"first_arg":"self"},"fallback":"builtins.function","from_concatenate":false,"implicit":false,"imprecise_arg_kinds":false,"is_ellipsis_args":false,"name":"ru_nivcsw of struct_rusage","ret_type":"builtins.int","type_guard":null,"unpack_kwargs":false,"variables":[]}}}},"ru_nsignals":{".class":"SymbolTableNode","kind":"Mdef","node":{".class":"Decorator","func":{".class":"FuncDef","abstract_status":0,"arg_kinds":[0],"arg_names":["self"],"dataclass_transform_spec":null,"flags":["is_property","is_decorated"],"fullname":"resource.struct_rusage.ru_nsignals","name":"ru_nsignals","type":{".class":"CallableType","arg_kinds":[0],"arg_names":["self"],"arg_types":[{".class":"TupleType","implicit":false,"items":["builtins.float","builtins.float","builtins.int","builtins.int","builtins.int","builtins.int","builtins.int","builtins.int","builtins.int","builtins.int","builtins.int","builtins.int","builtins.int","builtins.int","builtins.int","builtins.int"],"partial_fallback":"resource.struct_rusage"}],"bound_args":[],"def_extras":{"first_arg":"self"},"fallback":"builtins.function","from_concatenate":false,"implicit":false,"imprecise_arg_kinds":false,"is_ellipsis_args":false,"name":"ru_nsignals of struct_rusage","ret_type":"builtins.int","type_guard":null,"unpack_kwargs":false,"variables":[]}},"is_overload":false,"var":{".class":"Var","flags":["is_initialized_in_class","is_property","is_ready","is_inferred"],"fullname":"resource.struct_rusage.ru_nsignals","name":"ru_nsignals","type":{".class":"CallableType","arg_kinds":[0],"arg_names":["self"],"arg_types":[{".class":"TupleType","implicit":false,"items":["builtins.float","builtins.float","builtins.int","builtins.int","builtins.int","builtins.int","builtins.int","builtins.int","builtins.int","builtins.int","builtins.int","builtins.int","builtins.int","builtins.int","builtins.int","builtins.int"],"partial_fallback":"resource.struct_rusage"}],"bound_args":[],"def_extras":{"first_arg":"self"},"fallback":"builtins.function","from_concatenate":false,"implicit":false,"imprecise_arg_kinds":false,"is_ellipsis_args":false,"name":"ru_nsignals of struct_rusage","ret_type":"builtins.int","type_guard":null,"unpack_kwargs":false,"variables":[]}}}},"ru_nswap":{".class":"SymbolTableNode","kind":"Mdef","node":{".class":"Decorator","func":{".class":"FuncDef","abstract_status":0,"arg_kinds":[0],"arg_names":["self"],"dataclass_transform_spec":null,"flags":["is_property","is_decorated"],"fullname":"resource.struct_rusage.ru_nswap","name":"ru_nswap","type":{".class":"CallableType","arg_kinds":[0],"arg_names":["self"],"arg_types":[{".class":"TupleType","implicit":false,"items":["builtins.float","builtins.float","builtins.int","builtins.int","builtins.int","builtins.int","builtins.int","builtins.int","builtins.int","builtins.int","builtins.int","builtins.int","builtins.int","builtins.int","builtins.int","builtins.int"],"partial_fallback":"resource.struct_rusage"}],"bound_args":[],"def_extras":{"first_arg":"self"},"fallback":"builtins.function","from_concatenate":false,"implicit":false,"imprecise_arg_kinds":false,"is_ellipsis_args":false,"name":"ru_nswap of struct_rusage","ret_type":"builtins.int","type_guard":null,"unpack_kwargs":false,"variables":[]}},"is_overload":false,"var":{".class":"Var","flags":["is_initialized_in_class","is_property","is_ready","is_inferred"],"fullname":"resource.struct_rusage.ru_nswap","name":"ru_nswap","type":{".class":"CallableType","arg_kinds":[0],"arg_names":["self"],"arg_types":[{".class":"TupleType","implicit":false,"items":["builtins.float","builtins.float","builtins.int","builtins.int","builtins.int","builtins.int","builtins.int","builtins.int","builtins.int","builtins.int","builtins.int","builtins.int","builtins.int","builtins.int","builtins.int","builtins.int"],"partial_fallback":"resource.struct_rusage"}],"bound_args":[],"def_extras":{"first_arg":"self"},"fallback":"builtins.function","from_concatenate":false,"implicit":false,"imprecise_arg_kinds":false,"is_ellipsis_args":false,"name":"ru_nswap of struct_rusage","ret_type":"builtins.int","type_guard":null,"unpack_kwargs":false,"variables":[]}}}},"ru_nvcsw":{".class":"SymbolTableNode","kind":"Mdef","node":{".class":"Decorator","func":{".class":"FuncDef","abstract_status":0,"arg_kinds":[0],"arg_names":["self"],"dataclass_transform_spec":null,"flags":["is_property","is_decorated"],"fullname":"resource.struct_rusage.ru_nvcsw","name":"ru_nvcsw","type":{".class":"CallableType","arg_kinds":[0],"arg_names":["self"],"arg_types":[{".class":"TupleType","implicit":false,"items":["builtins.float","builtins.float","builtins.int","builtins.int","builtins.int","builtins.int","builtins.int","builtins.int","builtins.int","builtins.int","builtins.int","builtins.int","builtins.int","builtins.int","builtins.int","builtins.int"],"partial_fallback":"resource.struct_rusage"}],"bound_args":[],"def_extras":{"first_arg":"self"},"fallback":"builtins.function","from_concatenate":false,"implicit":false,"imprecise_arg_kinds":false,"is_ellipsis_args":false,"name":"ru_nvcsw of struct_rusage","ret_type":"builtins.int","type_guard":null,"unpack_kwargs":false,"variables":[]}},"is_overload":false,"var":{".class":"Var","flags":["is_initialized_in_class","is_property","is_ready","is_inferred"],"fullname":"resource.struct_rusage.ru_nvcsw","name":"ru_nvcsw","type":{".class":"CallableType","arg_kinds":[0],"arg_names":["self"],"arg_types":[{".class":"TupleType","implicit":false,"items":["builtins.float","builtins.float","builtins.int","builtins.int","builtins.int","builtins.int","builtins.int","builtins.int","builtins.int","builtins.int","builtins.int","builtins.int","builtins.int","builtins.int","builtins.int","builtins.int"],"partial_fallback":"resource.struct_rusage"}],"bound_args":[],"def_extras":{"first_arg":"self"},"fallback":"builtins.function","from_concatenate":false,"implicit":false,"imprecise_arg_kinds":false,"is_ellipsis_args":false,"name":"ru_nvcsw of struct_rusage","ret_type":"builtins.int","type_guard":null,"unpack_kwargs":false,"variables":[]}}}},"ru_oublock":{".class":"SymbolTableNode","kind":"Mdef","node":{".class":"Decorator","func":{".class":"FuncDef","abstract_status":0,"arg_kinds":[0],"arg_names":["self"],"dataclass_transform_spec":null,"flags":["is_property","is_decorated"],"fullname":"resource.struct_rusage.ru_oublock","name":"ru_oublock","type":{".class":"CallableType","arg_kinds":[0],"arg_names":["self"],"arg_types":[{".class":"TupleType","implicit":false,"items":["builtins.float","builtins.float","builtins.int","builtins.int","builtins.int","builtins.int","builtins.int","builtins.int","builtins.int","builtins.int","builtins.int","builtins.int","builtins.int","builtins.int","builtins.int","builtins.int"],"partial_fallback":"resource.struct_rusage"}],"bound_args":[],"def_extras":{"first_arg":"self"},"fallback":"builtins.function","from_concatenate":false,"implicit":false,"imprecise_arg_kinds":false,"is_ellipsis_args":false,"name":"ru_oublock of struct_rusage","ret_type":"builtins.int","type_guard":null,"unpack_kwargs":false,"variables":[]}},"is_overload":false,"var":{".class":"Var","flags":["is_initialized_in_class","is_property","is_ready","is_inferred"],"fullname":"resource.struct_rusage.ru_oublock","name":"ru_oublock","type":{".class":"CallableType","arg_kinds":[0],"arg_names":["self"],"arg_types":[{".class":"TupleType","implicit":false,"items":["builtins.float","builtins.float","builtins.int","builtins.int","builtins.int","builtins.int","builtins.int","builtins.int","builtins.int","builtins.int","builtins.int","builtins.int","builtins.int","builtins.int","builtins.int","builtins.int"],"partial_fallback":"resource.struct_rusage"}],"bound_args":[],"def_extras":{"first_arg":"self"},"fallback":"builtins.function","from_concatenate":false,"implicit":false,"imprecise_arg_kinds":false,"is_ellipsis_args":false,"name":"ru_oublock of struct_rusage","ret_type":"builtins.int","type_guard":null,"unpack_kwargs":false,"variables":[]}}}},"ru_stime":{".class":"SymbolTableNode","kind":"Mdef","node":{".class":"Decorator","func":{".class":"FuncDef","abstract_status":0,"arg_kinds":[0],"arg_names":["self"],"dataclass_transform_spec":null,"flags":["is_property","is_decorated"],"fullname":"resource.struct_rusage.ru_stime","name":"ru_stime","type":{".class":"CallableType","arg_kinds":[0],"arg_names":["self"],"arg_types":[{".class":"TupleType","implicit":false,"items":["builtins.float","builtins.float","builtins.int","builtins.int","builtins.int","builtins.int","builtins.int","builtins.int","builtins.int","builtins.int","builtins.int","builtins.int","builtins.int","builtins.int","builtins.int","builtins.int"],"partial_fallback":"resource.struct_rusage"}],"bound_args":[],"def_extras":{"first_arg":"self"},"fallback":"builtins.function","from_concatenate":false,"implicit":false,"imprecise_arg_kinds":false,"is_ellipsis_args":false,"name":"ru_stime of struct_rusage","ret_type":"builtins.float","type_guard":null,"unpack_kwargs":false,"variables":[]}},"is_overload":false,"var":{".class":"Var","flags":["is_initialized_in_class","is_property","is_ready","is_inferred"],"fullname":"resource.struct_rusage.ru_stime","name":"ru_stime","type":{".class":"CallableType","arg_kinds":[0],"arg_names":["self"],"arg_types":[{".class":"TupleType","implicit":false,"items":["builtins.float","builtins.float","builtins.int","builtins.int","builtins.int","builtins.int","builtins.int","builtins.int","builtins.int","builtins.int","builtins.int","builtins.int","builtins.int","builtins.int","builtins.int","builtins.int"],"partial_fallback":"resource.struct_rusage"}],"bound_args":[],"def_extras":{"first_arg":"self"},"fallback":"builtins.function","from_concatenate":false,"implicit":false,"imprecise_arg_kinds":false,"is_ellipsis_args":false,"name":"ru_stime of struct_rusage","ret_type":"builtins.float","type_guard":null,"unpack_kwargs":false,"variables":[]}}}},"ru_utime":{".class":"SymbolTableNode","kind":"Mdef","node":{".class":"Decorator","func":{".class":"FuncDef","abstract_status":0,"arg_kinds":[0],"arg_names":["self"],"dataclass_transform_spec":null,"flags":["is_property","is_decorated"],"fullname":"resource.struct_rusage.ru_utime","name":"ru_utime","type":{".class":"CallableType","arg_kinds":[0],"arg_names":["self"],"arg_types":[{".class":"TupleType","implicit":false,"items":["builtins.float","builtins.float","builtins.int","builtins.int","builtins.int","builtins.int","builtins.int","builtins.int","builtins.int","builtins.int","builtins.int","builtins.int","builtins.int","builtins.int","builtins.int","builtins.int"],"partial_fallback":"resource.struct_rusage"}],"bound_args":[],"def_extras":{"first_arg":"self"},"fallback":"builtins.function","from_concatenate":false,"implicit":false,"imprecise_arg_kinds":false,"is_ellipsis_args":false,"name":"ru_utime of struct_rusage","ret_type":"builtins.float","type_guard":null,"unpack_kwargs":false,"variables":[]}},"is_overload":false,"var":{".class":"Var","flags":["is_initialized_in_class","is_property","is_ready","is_inferred"],"fullname":"resource.struct_rusage.ru_utime","name":"ru_utime","type":{".class":"CallableType","arg_kinds":[0],"arg_names":["self"],"arg_types":[{".class":"TupleType","implicit":false,"items":["builtins.float","builtins.float","builtins.int","builtins.int","builtins.int","builtins.int","builtins.int","builtins.int","builtins.int","builtins.int","builtins.int","builtins.int","builtins.int","builtins.int","builtins.int","builtins.int"],"partial_fallback":"resource.struct_rusage"}],"bound_args":[],"def_extras":{"first_arg":"self"},"fallback":"builtins.function","from_concatenate":false,"implicit":false,"imprecise_arg_kinds":false,"is_ellipsis_args":false,"name":"ru_utime of struct_rusage","ret_type":"builtins.float","type_guard":null,"unpack_kwargs":false,"variables":[]}}}}},"self_type":null,"slots":null,"tuple_type":{".class":"TupleType","implicit":false,"items":["builtins.float","builtins.float","builtins.int","builtins.int","builtins.int","builtins.int","builtins.int","builtins.int","builtins.int","builtins.int","builtins.int","builtins.int","builtins.int","builtins.int","builtins.int","builtins.int"],"partial_fallback":{".class":"Instance","args":["builtins.object"],"type_ref":"builtins.tuple"}},"type_vars":[],"typeddict_type":null}},"structseq":{".class":"SymbolTableNode","cross_ref":"_typeshed.structseq","kind":"Gdef","module_hidden":true,"module_public":false},"sys":{".class":"SymbolTableNode","cross_ref":"sys","kind":"Gdef","module_hidden":true,"module_public":false}},"path":"/data/data/com.termux/files/usr/lib/python3.11/site-packages/mypy/typeshed/stdlib/resource.pyi"}