{"data_mtime":1711195302,"dep_lines":[2,1,3,4,6,7,1,1,1,1],"dep_prios":[5,10,5,5,5,5,5,30,30,30],"dependencies":["collections.abc","sys","re","sre_constants","typing","typing_extensions","builtins","_typeshed","abc","types"],"hash":"f4f4f9f3e436a0c0eab5e8f36d61b60f9f94881a3c9909e9b6201ebe35bb6724","id":"sre_parse","ignore_all":true,"interface_hash":"ae9d17c88fb87f15126abea4b4bf1be4b02ca9915bc90f4df92256e2cd2d99e2","mtime":1711193033,"options":{"allow_redefinition":false,"allow_untyped_globals":false,"always_false":[],"always_true":[],"bazel":false,"check_untyped_defs":true,"disable_bytearray_promotion":false,"disable_error_code":[],"disable_memoryview_promotion":false,"disabled_error_codes":[],"disallow_any_decorated":false,"disallow_any_explicit":false,"disallow_any_expr":false,"disallow_any_generics":true,"disallow_any_unimported":false,"disallow_incomplete_defs":true,"disallow_subclassing_any":true,"disallow_untyped_calls":true,"disallow_untyped_decorators":true,"disallow_untyped_defs":true,"enable_error_code":[],"enabled_error_codes":[],"extra_checks":true,"follow_imports":"normal","follow_imports_for_stubs":false,"ignore_errors":false,"ignore_missing_imports":false,"implicit_optional":false,"implicit_reexport":false,"local_partial_types":false,"mypyc":false,"old_type_inference":false,"platform":"linux","plugins":[],"strict_concatenate":false,"strict_equality":true,"strict_optional":true,"warn_no_return":true,"warn_return_any":true,"warn_unreachable":false,"warn_unused_ignores":true},"path":"/data/data/com.termux/files/usr/lib/python3.11/site-packages/mypy/typeshed/stdlib/sre_parse.pyi","plugin_data":null,"size":3790,"suppressed":[],"version_id":"1.9.0"}