{".class":"MypyFile","_fullname":"string","future_import_flags":[],"is_partial_stub_package":false,"is_stub":true,"names":{".class":"SymbolTable","Any":{".class":"SymbolTableNode","cross_ref":"typing.Any","kind":"Gdef","module_hidden":true,"module_public":false},"ClassVar":{".class":"SymbolTableNode","cross_ref":"typing.ClassVar","kind":"Gdef","module_hidden":true,"module_public":false},"Formatter":{".class":"SymbolTableNode","kind":"Gdef","node":{".class":"TypeInfo","_promote":[],"abstract_attributes":[],"alt_promote":null,"bases":["builtins.object"],"dataclass_transform_spec":null,"declared_metaclass":null,"defn":{".class":"ClassDef","fullname":"string.Formatter","name":"Formatter","type_vars":[]},"deletable_attributes":[],"flags":[],"fullname":"string.Formatter","has_param_spec_type":false,"metaclass_type":null,"metadata":{},"module_name":"string","mro":["string.Formatter","builtins.object"],"names":{".class":"SymbolTable","_vformat":{".class":"SymbolTableNode","kind":"Mdef","node":{".class":"FuncDef","abstract_status":0,"arg_kinds":[0,0,0,0,0,0,1],"arg_names":["self","format_string","args","kwargs","used_args","recursion_depth","auto_arg_index"],"dataclass_transform_spec":null,"flags":[],"fullname":"string.Formatter._vformat","name":"_vformat","type":{".class":"CallableType","arg_kinds":[0,0,0,0,0,0,1],"arg_names":["self","format_string","args","kwargs","used_args","recursion_depth","auto_arg_index"],"arg_types":["string.Formatter","builtins.str",{".class":"Instance","args":[{".class":"AnyType","missing_import_name":null,"source_any":null,"type_of_any":2}],"type_ref":"typing.Sequence"},{".class":"Instance","args":["builtins.str",{".class":"AnyType","missing_import_name":null,"source_any":null,"type_of_any":2}],"type_ref":"typing.Mapping"},{".class":"Instance","args":[{".class":"UnionType","items":["builtins.int","builtins.str"]}],"type_ref":"builtins.set"},"builtins.int","builtins.int"],"bound_args":[],"def_extras":{"first_arg":"self"},"fallback":"builtins.function","from_concatenate":false,"implicit":false,"imprecise_arg_kinds":false,"is_ellipsis_args":false,"name":"_vformat of Formatter","ret_type":{".class":"TupleType","implicit":false,"items":["builtins.str","builtins.int"],"partial_fallback":{".class":"Instance","args":[{".class":"AnyType","missing_import_name":null,"source_any":null,"type_of_any":6}],"type_ref":"builtins.tuple"}},"type_guard":null,"unpack_kwargs":false,"variables":[]}}},"check_unused_args":{".class":"SymbolTableNode","kind":"Mdef","node":{".class":"FuncDef","abstract_status":0,"arg_kinds":[0,0,0,0],"arg_names":["self","used_args","args","kwargs"],"dataclass_transform_spec":null,"flags":[],"fullname":"string.Formatter.check_unused_args","name":"check_unused_args","type":{".class":"CallableType","arg_kinds":[0,0,0,0],"arg_names":["self","used_args","args","kwargs"],"arg_types":["string.Formatter",{".class":"Instance","args":[{".class":"UnionType","items":["builtins.int","builtins.str"]}],"type_ref":"builtins.set"},{".class":"Instance","args":[{".class":"AnyType","missing_import_name":null,"source_any":null,"type_of_any":2}],"type_ref":"typing.Sequence"},{".class":"Instance","args":["builtins.str",{".class":"AnyType","missing_import_name":null,"source_any":null,"type_of_any":2}],"type_ref":"typing.Mapping"}],"bound_args":[],"def_extras":{"first_arg":"self"},"fallback":"builtins.function","from_concatenate":false,"implicit":false,"imprecise_arg_kinds":false,"is_ellipsis_args":false,"name":"check_unused_args of Formatter","ret_type":{".class":"NoneType"},"type_guard":null,"unpack_kwargs":false,"variables":[]}}},"convert_field":{".class":"SymbolTableNode","kind":"Mdef","node":{".class":"FuncDef","abstract_status":0,"arg_kinds":[0,0,0],"arg_names":["self","value","conversion"],"dataclass_transform_spec":null,"flags":[],"fullname":"string.Formatter.convert_field","name":"convert_field","type":{".class":"CallableType","arg_kinds":[0,0,0],"arg_names":["self","value","conversion"],"arg_types":["string.Formatter",{".class":"AnyType","missing_import_name":null,"source_any":null,"type_of_any":2},"builtins.str"],"bound_args":[],"def_extras":{"first_arg":"self"},"fallback":"builtins.function","from_concatenate":false,"implicit":false,"imprecise_arg_kinds":false,"is_ellipsis_args":false,"name":"convert_field of Formatter","ret_type":{".class":"AnyType","missing_import_name":null,"source_any":null,"type_of_any":2},"type_guard":null,"unpack_kwargs":false,"variables":[]}}},"format":{".class":"SymbolTableNode","kind":"Mdef","node":{".class":"OverloadedFuncDef","flags":[],"fullname":"string.Formatter.format","impl":null,"items":[{".class":"Decorator","func":{".class":"FuncDef","abstract_status":0,"arg_kinds":[0,0,2,4],"arg_names":["self",null,"args","kwargs"],"dataclass_transform_spec":null,"flags":["is_overload","is_decorated"],"fullname":"string.Formatter.format","name":"format","type":{".class":"CallableType","arg_kinds":[0,0,2,4],"arg_names":["self",null,"args","kwargs"],"arg_types":["string.Formatter","builtins.str","builtins.str","builtins.str"],"bound_args":[],"def_extras":{"first_arg":"self"},"fallback":"builtins.function","from_concatenate":false,"implicit":false,"imprecise_arg_kinds":false,"is_ellipsis_args":false,"name":"format of Formatter","ret_type":"builtins.str","type_guard":null,"unpack_kwargs":false,"variables":[]}},"is_overload":true,"var":{".class":"Var","flags":["is_ready","is_inferred"],"fullname":"string.Formatter.format","name":"format","type":{".class":"CallableType","arg_kinds":[0,0,2,4],"arg_names":["self",null,"args","kwargs"],"arg_types":["string.Formatter","builtins.str","builtins.str","builtins.str"],"bound_args":[],"def_extras":{"first_arg":"self"},"fallback":"builtins.function","from_concatenate":false,"implicit":false,"imprecise_arg_kinds":false,"is_ellipsis_args":false,"name":"format of Formatter","ret_type":"builtins.str","type_guard":null,"unpack_kwargs":false,"variables":[]}}},{".class":"Decorator","func":{".class":"FuncDef","abstract_status":0,"arg_kinds":[0,0,2,4],"arg_names":["self",null,"args","kwargs"],"dataclass_transform_spec":null,"flags":["is_overload","is_decorated"],"fullname":"string.Formatter.format","name":"format","type":{".class":"CallableType","arg_kinds":[0,0,2,4],"arg_names":["self",null,"args","kwargs"],"arg_types":["string.Formatter","builtins.str",{".class":"AnyType","missing_import_name":null,"source_any":null,"type_of_any":2},{".class":"AnyType","missing_import_name":null,"source_any":null,"type_of_any":2}],"bound_args":[],"def_extras":{"first_arg":"self"},"fallback":"builtins.function","from_concatenate":false,"implicit":false,"imprecise_arg_kinds":false,"is_ellipsis_args":false,"name":"format of Formatter","ret_type":"builtins.str","type_guard":null,"unpack_kwargs":false,"variables":[]}},"is_overload":true,"var":{".class":"Var","flags":["is_ready","is_inferred"],"fullname":"string.Formatter.format","name":"format","type":{".class":"CallableType","arg_kinds":[0,0,2,4],"arg_names":["self",null,"args","kwargs"],"arg_types":["string.Formatter","builtins.str",{".class":"AnyType","missing_import_name":null,"source_any":null,"type_of_any":2},{".class":"AnyType","missing_import_name":null,"source_any":null,"type_of_any":2}],"bound_args":[],"def_extras":{"first_arg":"self"},"fallback":"builtins.function","from_concatenate":false,"implicit":false,"imprecise_arg_kinds":false,"is_ellipsis_args":false,"name":"format of Formatter","ret_type":"builtins.str","type_guard":null,"unpack_kwargs":false,"variables":[]}}}],"type":{".class":"Overloaded","items":[{".class":"CallableType","arg_kinds":[0,0,2,4],"arg_names":["self",null,"args","kwargs"],"arg_types":["string.Formatter","builtins.str","builtins.str","builtins.str"],"bound_args":[],"def_extras":{"first_arg":"self"},"fallback":"builtins.function","from_concatenate":false,"implicit":false,"imprecise_arg_kinds":false,"is_ellipsis_args":false,"name":"format of Formatter","ret_type":"builtins.str","type_guard":null,"unpack_kwargs":false,"variables":[]},{".class":"CallableType","arg_kinds":[0,0,2,4],"arg_names":["self",null,"args","kwargs"],"arg_types":["string.Formatter","builtins.str",{".class":"AnyType","missing_import_name":null,"source_any":null,"type_of_any":2},{".class":"AnyType","missing_import_name":null,"source_any":null,"type_of_any":2}],"bound_args":[],"def_extras":{"first_arg":"self"},"fallback":"builtins.function","from_concatenate":false,"implicit":false,"imprecise_arg_kinds":false,"is_ellipsis_args":false,"name":"format of Formatter","ret_type":"builtins.str","type_guard":null,"unpack_kwargs":false,"variables":[]}]}}},"format_field":{".class":"SymbolTableNode","kind":"Mdef","node":{".class":"FuncDef","abstract_status":0,"arg_kinds":[0,0,0],"arg_names":["self","value","format_spec"],"dataclass_transform_spec":null,"flags":[],"fullname":"string.Formatter.format_field","name":"format_field","type":{".class":"CallableType","arg_kinds":[0,0,0],"arg_names":["self","value","format_spec"],"arg_types":["string.Formatter",{".class":"AnyType","missing_import_name":null,"source_any":null,"type_of_any":2},"builtins.str"],"bound_args":[],"def_extras":{"first_arg":"self"},"fallback":"builtins.function","from_concatenate":false,"implicit":false,"imprecise_arg_kinds":false,"is_ellipsis_args":false,"name":"format_field of Formatter","ret_type":{".class":"AnyType","missing_import_name":null,"source_any":null,"type_of_any":2},"type_guard":null,"unpack_kwargs":false,"variables":[]}}},"get_field":{".class":"SymbolTableNode","kind":"Mdef","node":{".class":"FuncDef","abstract_status":0,"arg_kinds":[0,0,0,0],"arg_names":["self","field_name","args","kwargs"],"dataclass_transform_spec":null,"flags":[],"fullname":"string.Formatter.get_field","name":"get_field","type":{".class":"CallableType","arg_kinds":[0,0,0,0],"arg_names":["self","field_name","args","kwargs"],"arg_types":["string.Formatter","builtins.str",{".class":"Instance","args":[{".class":"AnyType","missing_import_name":null,"source_any":null,"type_of_any":2}],"type_ref":"typing.Sequence"},{".class":"Instance","args":["builtins.str",{".class":"AnyType","missing_import_name":null,"source_any":null,"type_of_any":2}],"type_ref":"typing.Mapping"}],"bound_args":[],"def_extras":{"first_arg":"self"},"fallback":"builtins.function","from_concatenate":false,"implicit":false,"imprecise_arg_kinds":false,"is_ellipsis_args":false,"name":"get_field of Formatter","ret_type":{".class":"AnyType","missing_import_name":null,"source_any":null,"type_of_any":2},"type_guard":null,"unpack_kwargs":false,"variables":[]}}},"get_value":{".class":"SymbolTableNode","kind":"Mdef","node":{".class":"FuncDef","abstract_status":0,"arg_kinds":[0,0,0,0],"arg_names":["self","key","args","kwargs"],"dataclass_transform_spec":null,"flags":[],"fullname":"string.Formatter.get_value","name":"get_value","type":{".class":"CallableType","arg_kinds":[0,0,0,0],"arg_names":["self","key","args","kwargs"],"arg_types":["string.Formatter",{".class":"UnionType","items":["builtins.int","builtins.str"]},{".class":"Instance","args":[{".class":"AnyType","missing_import_name":null,"source_any":null,"type_of_any":2}],"type_ref":"typing.Sequence"},{".class":"Instance","args":["builtins.str",{".class":"AnyType","missing_import_name":null,"source_any":null,"type_of_any":2}],"type_ref":"typing.Mapping"}],"bound_args":[],"def_extras":{"first_arg":"self"},"fallback":"builtins.function","from_concatenate":false,"implicit":false,"imprecise_arg_kinds":false,"is_ellipsis_args":false,"name":"get_value of Formatter","ret_type":{".class":"AnyType","missing_import_name":null,"source_any":null,"type_of_any":2},"type_guard":null,"unpack_kwargs":false,"variables":[]}}},"parse":{".class":"SymbolTableNode","kind":"Mdef","node":{".class":"FuncDef","abstract_status":0,"arg_kinds":[0,0],"arg_names":["self","format_string"],"dataclass_transform_spec":null,"flags":[],"fullname":"string.Formatter.parse","name":"parse","type":{".class":"CallableType","arg_kinds":[0,0],"arg_names":["self","format_string"],"arg_types":["string.Formatter",{".class":"TypeVarType","default":{".class":"AnyType","missing_import_name":null,"source_any":null,"type_of_any":4},"fullname":"_typeshed.StrOrLiteralStr","id":-1,"name":"StrOrLiteralStr","namespace":"","upper_bound":"builtins.object","values":["builtins.str","builtins.str"],"variance":0}],"bound_args":[],"def_extras":{"first_arg":"self"},"fallback":"builtins.function","from_concatenate":false,"implicit":false,"imprecise_arg_kinds":false,"is_ellipsis_args":false,"name":"parse of Formatter","ret_type":{".class":"Instance","args":[{".class":"TupleType","implicit":false,"items":[{".class":"TypeVarType","default":{".class":"AnyType","missing_import_name":null,"source_any":null,"type_of_any":4},"fullname":"_typeshed.StrOrLiteralStr","id":-1,"name":"StrOrLiteralStr","namespace":"","upper_bound":"builtins.object","values":["builtins.str","builtins.str"],"variance":0},{".class":"UnionType","items":[{".class":"TypeVarType","default":{".class":"AnyType","missing_import_name":null,"source_any":null,"type_of_any":4},"fullname":"_typeshed.StrOrLiteralStr","id":-1,"name":"StrOrLiteralStr","namespace":"","upper_bound":"builtins.object","values":["builtins.str","builtins.str"],"variance":0},{".class":"NoneType"}]},{".class":"UnionType","items":[{".class":"TypeVarType","default":{".class":"AnyType","missing_import_name":null,"source_any":null,"type_of_any":4},"fullname":"_typeshed.StrOrLiteralStr","id":-1,"name":"StrOrLiteralStr","namespace":"","upper_bound":"builtins.object","values":["builtins.str","builtins.str"],"variance":0},{".class":"NoneType"}]},{".class":"UnionType","items":[{".class":"TypeVarType","default":{".class":"AnyType","missing_import_name":null,"source_any":null,"type_of_any":4},"fullname":"_typeshed.StrOrLiteralStr","id":-1,"name":"StrOrLiteralStr","namespace":"","upper_bound":"builtins.object","values":["builtins.str","builtins.str"],"variance":0},{".class":"NoneType"}]}],"partial_fallback":{".class":"Instance","args":[{".class":"AnyType","missing_import_name":null,"source_any":null,"type_of_any":6}],"type_ref":"builtins.tuple"}}],"type_ref":"typing.Iterable"},"type_guard":null,"unpack_kwargs":false,"variables":[{".class":"TypeVarType","default":{".class":"AnyType","missing_import_name":null,"source_any":null,"type_of_any":4},"fullname":"_typeshed.StrOrLiteralStr","id":-1,"name":"StrOrLiteralStr","namespace":"","upper_bound":"builtins.object","values":["builtins.str","builtins.str"],"variance":0}]}}},"vformat":{".class":"SymbolTableNode","kind":"Mdef","node":{".class":"OverloadedFuncDef","flags":[],"fullname":"string.Formatter.vformat","impl":null,"items":[{".class":"Decorator","func":{".class":"FuncDef","abstract_status":0,"arg_kinds":[0,0,0,0],"arg_names":["self","format_string","args","kwargs"],"dataclass_transform_spec":null,"flags":["is_overload","is_decorated"],"fullname":"string.Formatter.vformat","name":"vformat","type":{".class":"CallableType","arg_kinds":[0,0,0,0],"arg_names":["self","format_string","args","kwargs"],"arg_types":["string.Formatter","builtins.str",{".class":"Instance","args":["builtins.str"],"type_ref":"typing.Sequence"},{".class":"Instance","args":["builtins.str","builtins.str"],"type_ref":"typing.Mapping"}],"bound_args":[],"def_extras":{"first_arg":"self"},"fallback":"builtins.function","from_concatenate":false,"implicit":false,"imprecise_arg_kinds":false,"is_ellipsis_args":false,"name":"vformat of Formatter","ret_type":"builtins.str","type_guard":null,"unpack_kwargs":false,"variables":[]}},"is_overload":true,"var":{".class":"Var","flags":["is_ready","is_inferred"],"fullname":"string.Formatter.vformat","name":"vformat","type":{".class":"CallableType","arg_kinds":[0,0,0,0],"arg_names":["self","format_string","args","kwargs"],"arg_types":["string.Formatter","builtins.str",{".class":"Instance","args":["builtins.str"],"type_ref":"typing.Sequence"},{".class":"Instance","args":["builtins.str","builtins.str"],"type_ref":"typing.Mapping"}],"bound_args":[],"def_extras":{"first_arg":"self"},"fallback":"builtins.function","from_concatenate":false,"implicit":false,"imprecise_arg_kinds":false,"is_ellipsis_args":false,"name":"vformat of Formatter","ret_type":"builtins.str","type_guard":null,"unpack_kwargs":false,"variables":[]}}},{".class":"Decorator","func":{".class":"FuncDef","abstract_status":0,"arg_kinds":[0,0,0,0],"arg_names":["self","format_string","args","kwargs"],"dataclass_transform_spec":null,"flags":["is_overload","is_decorated"],"fullname":"string.Formatter.vformat","name":"vformat","type":{".class":"CallableType","arg_kinds":[0,0,0,0],"arg_names":["self","format_string","args","kwargs"],"arg_types":["string.Formatter","builtins.str",{".class":"Instance","args":[{".class":"AnyType","missing_import_name":null,"source_any":null,"type_of_any":2}],"type_ref":"typing.Sequence"},{".class":"Instance","args":["builtins.str",{".class":"AnyType","missing_import_name":null,"source_any":null,"type_of_any":2}],"type_ref":"typing.Mapping"}],"bound_args":[],"def_extras":{"first_arg":"self"},"fallback":"builtins.function","from_concatenate":false,"implicit":false,"imprecise_arg_kinds":false,"is_ellipsis_args":false,"name":"vformat of Formatter","ret_type":"builtins.str","type_guard":null,"unpack_kwargs":false,"variables":[]}},"is_overload":true,"var":{".class":"Var","flags":["is_ready","is_inferred"],"fullname":"string.Formatter.vformat","name":"vformat","type":{".class":"CallableType","arg_kinds":[0,0,0,0],"arg_names":["self","format_string","args","kwargs"],"arg_types":["string.Formatter","builtins.str",{".class":"Instance","args":[{".class":"AnyType","missing_import_name":null,"source_any":null,"type_of_any":2}],"type_ref":"typing.Sequence"},{".class":"Instance","args":["builtins.str",{".class":"AnyType","missing_import_name":null,"source_any":null,"type_of_any":2}],"type_ref":"typing.Mapping"}],"bound_args":[],"def_extras":{"first_arg":"self"},"fallback":"builtins.function","from_concatenate":false,"implicit":false,"imprecise_arg_kinds":false,"is_ellipsis_args":false,"name":"vformat of Formatter","ret_type":"builtins.str","type_guard":null,"unpack_kwargs":false,"variables":[]}}}],"type":{".class":"Overloaded","items":[{".class":"CallableType","arg_kinds":[0,0,0,0],"arg_names":["self","format_string","args","kwargs"],"arg_types":["string.Formatter","builtins.str",{".class":"Instance","args":["builtins.str"],"type_ref":"typing.Sequence"},{".class":"Instance","args":["builtins.str","builtins.str"],"type_ref":"typing.Mapping"}],"bound_args":[],"def_extras":{"first_arg":"self"},"fallback":"builtins.function","from_concatenate":false,"implicit":false,"imprecise_arg_kinds":false,"is_ellipsis_args":false,"name":"vformat of Formatter","ret_type":"builtins.str","type_guard":null,"unpack_kwargs":false,"variables":[]},{".class":"CallableType","arg_kinds":[0,0,0,0],"arg_names":["self","format_string","args","kwargs"],"arg_types":["string.Formatter","builtins.str",{".class":"Instance","args":[{".class":"AnyType","missing_import_name":null,"source_any":null,"type_of_any":2}],"type_ref":"typing.Sequence"},{".class":"Instance","args":["builtins.str",{".class":"AnyType","missing_import_name":null,"source_any":null,"type_of_any":2}],"type_ref":"typing.Mapping"}],"bound_args":[],"def_extras":{"first_arg":"self"},"fallback":"builtins.function","from_concatenate":false,"implicit":false,"imprecise_arg_kinds":false,"is_ellipsis_args":false,"name":"vformat of Formatter","ret_type":"builtins.str","type_guard":null,"unpack_kwargs":false,"variables":[]}]}}}},"self_type":{".class":"TypeVarType","default":{".class":"AnyType","missing_import_name":null,"source_any":null,"type_of_any":4},"fullname":"string.Formatter.Self","id":0,"name":"Self","namespace":"","upper_bound":"string.Formatter","values":[],"variance":0},"slots":null,"tuple_type":null,"type_vars":[],"typeddict_type":null}},"Iterable":{".class":"SymbolTableNode","cross_ref":"typing.Iterable","kind":"Gdef","module_hidden":true,"module_public":false},"LiteralString":{".class":"SymbolTableNode","cross_ref":"typing.LiteralString","kind":"Gdef","module_hidden":true,"module_public":false},"Mapping":{".class":"SymbolTableNode","cross_ref":"typing.Mapping","kind":"Gdef","module_hidden":true,"module_public":false},"Pattern":{".class":"SymbolTableNode","cross_ref":"re.Pattern","kind":"Gdef","module_hidden":true,"module_public":false},"RegexFlag":{".class":"SymbolTableNode","cross_ref":"re.RegexFlag","kind":"Gdef","module_hidden":true,"module_public":false},"Sequence":{".class":"SymbolTableNode","cross_ref":"typing.Sequence","kind":"Gdef","module_hidden":true,"module_public":false},"StrOrLiteralStr":{".class":"SymbolTableNode","cross_ref":"_typeshed.StrOrLiteralStr","kind":"Gdef","module_hidden":true,"module_public":false},"Template":{".class":"SymbolTableNode","kind":"Gdef","node":{".class":"TypeInfo","_promote":[],"abstract_attributes":[],"alt_promote":null,"bases":["builtins.object"],"dataclass_transform_spec":null,"declared_metaclass":"builtins.type","defn":{".class":"ClassDef","fullname":"string.Template","name":"Template","type_vars":[]},"deletable_attributes":[],"flags":[],"fullname":"string.Template","has_param_spec_type":false,"metaclass_type":"builtins.type","metadata":{},"module_name":"string","mro":["string.Template","builtins.object"],"names":{".class":"SymbolTable","__init__":{".class":"SymbolTableNode","kind":"Mdef","node":{".class":"FuncDef","abstract_status":0,"arg_kinds":[0,0],"arg_names":["self","template"],"dataclass_transform_spec":null,"flags":[],"fullname":"string.Template.__init__","name":"__init__","type":{".class":"CallableType","arg_kinds":[0,0],"arg_names":["self","template"],"arg_types":["string.Template","builtins.str"],"bound_args":[],"def_extras":{"first_arg":"self"},"fallback":"builtins.function","from_concatenate":false,"implicit":false,"imprecise_arg_kinds":false,"is_ellipsis_args":false,"name":"__init__ of Template","ret_type":{".class":"NoneType"},"type_guard":null,"unpack_kwargs":false,"variables":[]}}},"braceidpattern":{".class":"SymbolTableNode","kind":"Mdef","node":{".class":"Var","flags":["is_initialized_in_class","is_classvar","is_ready"],"fullname":"string.Template.braceidpattern","name":"braceidpattern","type":{".class":"UnionType","items":["builtins.str",{".class":"NoneType"}]}}},"delimiter":{".class":"SymbolTableNode","kind":"Mdef","node":{".class":"Var","flags":["is_initialized_in_class","is_classvar","is_ready"],"fullname":"string.Template.delimiter","name":"delimiter","type":"builtins.str"}},"flags":{".class":"SymbolTableNode","kind":"Mdef","node":{".class":"Var","flags":["is_initialized_in_class","is_classvar","is_ready"],"fullname":"string.Template.flags","name":"flags","type":"re.RegexFlag"}},"get_identifiers":{".class":"SymbolTableNode","kind":"Mdef","node":{".class":"FuncDef","abstract_status":0,"arg_kinds":[0],"arg_names":["self"],"dataclass_transform_spec":null,"flags":[],"fullname":"string.Template.get_identifiers","name":"get_identifiers","type":{".class":"CallableType","arg_kinds":[0],"arg_names":["self"],"arg_types":["string.Template"],"bound_args":[],"def_extras":{"first_arg":"self"},"fallback":"builtins.function","from_concatenate":false,"implicit":false,"imprecise_arg_kinds":false,"is_ellipsis_args":false,"name":"get_identifiers of Template","ret_type":{".class":"Instance","args":["builtins.str"],"type_ref":"builtins.list"},"type_guard":null,"unpack_kwargs":false,"variables":[]}}},"idpattern":{".class":"SymbolTableNode","kind":"Mdef","node":{".class":"Var","flags":["is_initialized_in_class","is_classvar","is_ready"],"fullname":"string.Template.idpattern","name":"idpattern","type":"builtins.str"}},"is_valid":{".class":"SymbolTableNode","kind":"Mdef","node":{".class":"FuncDef","abstract_status":0,"arg_kinds":[0],"arg_names":["self"],"dataclass_transform_spec":null,"flags":[],"fullname":"string.Template.is_valid","name":"is_valid","type":{".class":"CallableType","arg_kinds":[0],"arg_names":["self"],"arg_types":["string.Template"],"bound_args":[],"def_extras":{"first_arg":"self"},"fallback":"builtins.function","from_concatenate":false,"implicit":false,"imprecise_arg_kinds":false,"is_ellipsis_args":false,"name":"is_valid of Template","ret_type":"builtins.bool","type_guard":null,"unpack_kwargs":false,"variables":[]}}},"pattern":{".class":"SymbolTableNode","kind":"Mdef","node":{".class":"Var","flags":["is_initialized_in_class","is_classvar","is_ready"],"fullname":"string.Template.pattern","name":"pattern","type":{".class":"Instance","args":["builtins.str"],"type_ref":"re.Pattern"}}},"safe_substitute":{".class":"SymbolTableNode","kind":"Mdef","node":{".class":"FuncDef","abstract_status":0,"arg_kinds":[0,1,4],"arg_names":["self",null,"kwds"],"dataclass_transform_spec":null,"flags":[],"fullname":"string.Template.safe_substitute","name":"safe_substitute","type":{".class":"CallableType","arg_kinds":[0,1,4],"arg_names":["self",null,"kwds"],"arg_types":["string.Template",{".class":"Instance","args":["builtins.str","builtins.object"],"type_ref":"typing.Mapping"},"builtins.object"],"bound_args":[],"def_extras":{"first_arg":"self"},"fallback":"builtins.function","from_concatenate":false,"implicit":false,"imprecise_arg_kinds":false,"is_ellipsis_args":false,"name":"safe_substitute of Template","ret_type":"builtins.str","type_guard":null,"unpack_kwargs":false,"variables":[]}}},"substitute":{".class":"SymbolTableNode","kind":"Mdef","node":{".class":"FuncDef","abstract_status":0,"arg_kinds":[0,1,4],"arg_names":["self",null,"kwds"],"dataclass_transform_spec":null,"flags":[],"fullname":"string.Template.substitute","name":"substitute","type":{".class":"CallableType","arg_kinds":[0,1,4],"arg_names":["self",null,"kwds"],"arg_types":["string.Template",{".class":"Instance","args":["builtins.str","builtins.object"],"type_ref":"typing.Mapping"},"builtins.object"],"bound_args":[],"def_extras":{"first_arg":"self"},"fallback":"builtins.function","from_concatenate":false,"implicit":false,"imprecise_arg_kinds":false,"is_ellipsis_args":false,"name":"substitute of Template","ret_type":"builtins.str","type_guard":null,"unpack_kwargs":false,"variables":[]}}},"template":{".class":"SymbolTableNode","kind":"Mdef","node":{".class":"Var","flags":["is_initialized_in_class","is_ready"],"fullname":"string.Template.template","name":"template","type":"builtins.str"}}},"self_type":{".class":"TypeVarType","default":{".class":"AnyType","missing_import_name":null,"source_any":null,"type_of_any":4},"fullname":"string.Template.Self","id":0,"name":"Self","namespace":"","upper_bound":"string.Template","values":[],"variance":0},"slots":null,"tuple_type":null,"type_vars":[],"typeddict_type":null}},"TypeAlias":{".class":"SymbolTableNode","cross_ref":"typing.TypeAlias","kind":"Gdef","module_hidden":true,"module_public":false},"_TemplateMetaclass":{".class":"SymbolTableNode","kind":"Gdef","module_public":false,"node":{".class":"TypeAlias","alias_tvars":[],"column":4,"fullname":"string._TemplateMetaclass","line":36,"no_args":true,"normalized":false,"target":"builtins.type"}},"__all__":{".class":"SymbolTableNode","kind":"Gdef","module_public":false,"node":{".class":"Var","flags":["is_inferred","has_explicit_value"],"fullname":"string.__all__","name":"__all__","type":{".class":"Instance","args":["builtins.str"],"type_ref":"builtins.list"}}},"__annotations__":{".class":"SymbolTableNode","kind":"Gdef","module_public":false,"node":{".class":"Var","flags":["is_ready"],"fullname":"string.__annotations__","name":"__annotations__","type":{".class":"Instance","args":["builtins.str",{".class":"AnyType","missing_import_name":null,"source_any":null,"type_of_any":6}],"type_ref":"builtins.dict"}}},"__doc__":{".class":"SymbolTableNode","kind":"Gdef","module_public":false,"node":{".class":"Var","flags":["is_ready"],"fullname":"string.__doc__","name":"__doc__","type":"builtins.str"}},"__file__":{".class":"SymbolTableNode","kind":"Gdef","module_public":false,"node":{".class":"Var","flags":["is_ready"],"fullname":"string.__file__","name":"__file__","type":"builtins.str"}},"__name__":{".class":"SymbolTableNode","kind":"Gdef","module_public":false,"node":{".class":"Var","flags":["is_ready"],"fullname":"string.__name__","name":"__name__","type":"builtins.str"}},"__package__":{".class":"SymbolTableNode","kind":"Gdef","module_public":false,"node":{".class":"Var","flags":["is_ready"],"fullname":"string.__package__","name":"__package__","type":"builtins.str"}},"ascii_letters":{".class":"SymbolTableNode","kind":"Gdef","node":{".class":"Var","flags":["is_ready"],"fullname":"string.ascii_letters","name":"ascii_letters","type":"builtins.str"}},"ascii_lowercase":{".class":"SymbolTableNode","kind":"Gdef","node":{".class":"Var","flags":["is_ready"],"fullname":"string.ascii_lowercase","name":"ascii_lowercase","type":"builtins.str"}},"ascii_uppercase":{".class":"SymbolTableNode","kind":"Gdef","node":{".class":"Var","flags":["is_ready"],"fullname":"string.ascii_uppercase","name":"ascii_uppercase","type":"builtins.str"}},"capwords":{".class":"SymbolTableNode","kind":"Gdef","node":{".class":"FuncDef","abstract_status":0,"arg_kinds":[0,1],"arg_names":["s","sep"],"dataclass_transform_spec":null,"flags":[],"fullname":"string.capwords","name":"capwords","type":{".class":"CallableType","arg_kinds":[0,1],"arg_names":["s","sep"],"arg_types":[{".class":"TypeVarType","default":{".class":"AnyType","missing_import_name":null,"source_any":null,"type_of_any":4},"fullname":"_typeshed.StrOrLiteralStr","id":-1,"name":"StrOrLiteralStr","namespace":"","upper_bound":"builtins.object","values":["builtins.str","builtins.str"],"variance":0},{".class":"UnionType","items":[{".class":"TypeVarType","default":{".class":"AnyType","missing_import_name":null,"source_any":null,"type_of_any":4},"fullname":"_typeshed.StrOrLiteralStr","id":-1,"name":"StrOrLiteralStr","namespace":"","upper_bound":"builtins.object","values":["builtins.str","builtins.str"],"variance":0},{".class":"NoneType"}]}],"bound_args":[],"def_extras":{"first_arg":null},"fallback":"builtins.function","from_concatenate":false,"implicit":false,"imprecise_arg_kinds":false,"is_ellipsis_args":false,"name":"capwords","ret_type":{".class":"TypeVarType","default":{".class":"AnyType","missing_import_name":null,"source_any":null,"type_of_any":4},"fullname":"_typeshed.StrOrLiteralStr","id":-1,"name":"StrOrLiteralStr","namespace":"","upper_bound":"builtins.object","values":["builtins.str","builtins.str"],"variance":0},"type_guard":null,"unpack_kwargs":false,"variables":[{".class":"TypeVarType","default":{".class":"AnyType","missing_import_name":null,"source_any":null,"type_of_any":4},"fullname":"_typeshed.StrOrLiteralStr","id":-1,"name":"StrOrLiteralStr","namespace":"","upper_bound":"builtins.object","values":["builtins.str","builtins.str"],"variance":0}]}}},"digits":{".class":"SymbolTableNode","kind":"Gdef","node":{".class":"Var","flags":["is_ready"],"fullname":"string.digits","name":"digits","type":"builtins.str"}},"hexdigits":{".class":"SymbolTableNode","kind":"Gdef","node":{".class":"Var","flags":["is_ready"],"fullname":"string.hexdigits","name":"hexdigits","type":"builtins.str"}},"octdigits":{".class":"SymbolTableNode","kind":"Gdef","node":{".class":"Var","flags":["is_ready"],"fullname":"string.octdigits","name":"octdigits","type":"builtins.str"}},"overload":{".class":"SymbolTableNode","cross_ref":"typing.overload","kind":"Gdef","module_hidden":true,"module_public":false},"printable":{".class":"SymbolTableNode","kind":"Gdef","node":{".class":"Var","flags":["is_ready"],"fullname":"string.printable","name":"printable","type":"builtins.str"}},"punctuation":{".class":"SymbolTableNode","kind":"Gdef","node":{".class":"Var","flags":["is_ready"],"fullname":"string.punctuation","name":"punctuation","type":"builtins.str"}},"sys":{".class":"SymbolTableNode","cross_ref":"sys","kind":"Gdef","module_hidden":true,"module_public":false},"whitespace":{".class":"SymbolTableNode","kind":"Gdef","node":{".class":"Var","flags":["is_ready"],"fullname":"string.whitespace","name":"whitespace","type":"builtins.str"}}},"path":"/data/data/com.termux/files/usr/lib/python3.11/site-packages/mypy/typeshed/stdlib/string.pyi"}