{"data_mtime":1711195302,"dep_lines":[3,1,2,4,5,6,1,1,1],"dep_prios":[5,10,5,5,5,5,5,30,30],"dependencies":["collections.abc","sys","_typeshed","types","typing","typing_extensions","builtins","abc","os"],"hash":"9e413949e33674adf935df155cf80ee01c07f1da7deb5ad30af573d51def3ef6","id":"subprocess","ignore_all":true,"interface_hash":"c71d63b3d7d5fb0dd21c3dee8830582a026f44dd417f8fc3cf0bb612c4d30f8d","mtime":1711193033,"options":{"allow_redefinition":false,"allow_untyped_globals":false,"always_false":[],"always_true":[],"bazel":false,"check_untyped_defs":true,"disable_bytearray_promotion":false,"disable_error_code":[],"disable_memoryview_promotion":false,"disabled_error_codes":[],"disallow_any_decorated":false,"disallow_any_explicit":false,"disallow_any_expr":false,"disallow_any_generics":true,"disallow_any_unimported":false,"disallow_incomplete_defs":true,"disallow_subclassing_any":true,"disallow_untyped_calls":true,"disallow_untyped_decorators":true,"disallow_untyped_defs":true,"enable_error_code":[],"enabled_error_codes":[],"extra_checks":true,"follow_imports":"normal","follow_imports_for_stubs":false,"ignore_errors":false,"ignore_missing_imports":false,"implicit_optional":false,"implicit_reexport":false,"local_partial_types":false,"mypyc":false,"old_type_inference":false,"platform":"linux","plugins":[],"strict_concatenate":false,"strict_equality":true,"strict_optional":true,"warn_no_return":true,"warn_return_any":true,"warn_unreachable":false,"warn_unused_ignores":true},"path":"/data/data/com.termux/files/usr/lib/python3.11/site-packages/mypy/typeshed/stdlib/subprocess.pyi","plugin_data":null,"size":90836,"suppressed":[],"version_id":"1.9.0"}