{"data_mtime":1711195302,"dep_lines":[3,16,1,2,19,20,595,1,1],"dep_prios":[5,5,10,5,5,5,5,30,30],"dependencies":["collections.abc","importlib.machinery","sys","_typeshed","typing","typing_extensions","builtins","abc","importlib"],"hash":"3af72310c17d9f3ff93edbafe4dda57840364ebc5b5aaf31cbdd8eb88a8840a2","id":"types","ignore_all":true,"interface_hash":"d8d7f5b0bc8483d58c1ca8d6319162641bedf4de6c29800a73d68611dc95093b","mtime":1711193033,"options":{"allow_redefinition":false,"allow_untyped_globals":false,"always_false":[],"always_true":[],"bazel":false,"check_untyped_defs":true,"disable_bytearray_promotion":false,"disable_error_code":[],"disable_memoryview_promotion":false,"disabled_error_codes":[],"disallow_any_decorated":false,"disallow_any_explicit":false,"disallow_any_expr":false,"disallow_any_generics":true,"disallow_any_unimported":false,"disallow_incomplete_defs":true,"disallow_subclassing_any":true,"disallow_untyped_calls":true,"disallow_untyped_decorators":true,"disallow_untyped_defs":true,"enable_error_code":[],"enabled_error_codes":[],"extra_checks":true,"follow_imports":"normal","follow_imports_for_stubs":false,"ignore_errors":false,"ignore_missing_imports":false,"implicit_optional":false,"implicit_reexport":false,"local_partial_types":false,"mypyc":false,"old_type_inference":false,"platform":"linux","plugins":[],"strict_concatenate":false,"strict_equality":true,"strict_optional":true,"warn_no_return":true,"warn_return_any":true,"warn_unreachable":false,"warn_unused_ignores":true},"path":"/data/data/com.termux/files/usr/lib/python3.11/site-packages/mypy/typeshed/stdlib/types.pyi","plugin_data":null,"size":20245,"suppressed":[],"version_id":"1.9.0"}