{"data_mtime":1711195302,"dep_lines":[1,2,3,4,5,73,1],"dep_prios":[10,10,5,5,5,5,5],"dependencies":["abc","sys","typing","_collections_abc","_typeshed","types","builtins"],"hash":"51a8dc006857fed91bb8b96ed974ed183886ee5d37ea067fb1f61c4f3804a9a4","id":"typing_extensions","ignore_all":true,"interface_hash":"840a5f036b57c426c1af6dcd59d0ddd60a14f3665771521ea1e67ff3e4d78b53","mtime":1711193033,"options":{"allow_redefinition":false,"allow_untyped_globals":false,"always_false":[],"always_true":[],"bazel":false,"check_untyped_defs":true,"disable_bytearray_promotion":false,"disable_error_code":[],"disable_memoryview_promotion":false,"disabled_error_codes":[],"disallow_any_decorated":false,"disallow_any_explicit":false,"disallow_any_expr":false,"disallow_any_generics":true,"disallow_any_unimported":false,"disallow_incomplete_defs":true,"disallow_subclassing_any":true,"disallow_untyped_calls":true,"disallow_untyped_decorators":true,"disallow_untyped_defs":true,"enable_error_code":[],"enabled_error_codes":[],"extra_checks":true,"follow_imports":"normal","follow_imports_for_stubs":false,"ignore_errors":false,"ignore_missing_imports":false,"implicit_optional":false,"implicit_reexport":false,"local_partial_types":false,"mypyc":false,"old_type_inference":false,"platform":"linux","plugins":[],"strict_concatenate":false,"strict_equality":true,"strict_optional":true,"warn_no_return":true,"warn_return_any":true,"warn_unreachable":false,"warn_unused_ignores":true},"path":"/data/data/com.termux/files/usr/lib/python3.11/site-packages/mypy/typeshed/stdlib/typing_extensions.pyi","plugin_data":null,"size":15035,"suppressed":[],"version_id":"1.9.0"}