{"data_mtime":1711195302,"dep_lines":[3,4,5,6,7,8,9,10,11,1],"dep_prios":[10,10,5,5,5,5,5,5,5,5],"dependencies":["collections","sys","typing_extensions","_collections_abc","_typeshed","abc","contextlib","re","types","builtins"],"hash":"39d98a27f27251500152dcf2e2374ee23accc3d2984f0a9fc1f54189c30f7c28","id":"typing","ignore_all":true,"interface_hash":"0c4f16255b9e31b8810c84a139b4f4a990a986564c2a98ae13c0a9776fddd9e7","mtime":1711193033,"options":{"allow_redefinition":false,"allow_untyped_globals":false,"always_false":[],"always_true":[],"bazel":false,"check_untyped_defs":true,"disable_bytearray_promotion":false,"disable_error_code":[],"disable_memoryview_promotion":false,"disabled_error_codes":[],"disallow_any_decorated":false,"disallow_any_explicit":false,"disallow_any_expr":false,"disallow_any_generics":true,"disallow_any_unimported":false,"disallow_incomplete_defs":true,"disallow_subclassing_any":true,"disallow_untyped_calls":true,"disallow_untyped_decorators":true,"disallow_untyped_defs":true,"enable_error_code":[],"enabled_error_codes":[],"extra_checks":true,"follow_imports":"normal","follow_imports_for_stubs":false,"ignore_errors":false,"ignore_missing_imports":false,"implicit_optional":false,"implicit_reexport":false,"local_partial_types":false,"mypyc":false,"old_type_inference":false,"platform":"linux","plugins":[],"strict_concatenate":false,"strict_equality":true,"strict_optional":true,"warn_no_return":true,"warn_return_any":true,"warn_unreachable":false,"warn_unused_ignores":true},"path":"/data/data/com.termux/files/usr/lib/python3.11/site-packages/mypy/typeshed/stdlib/typing.pyi","plugin_data":null,"size":33638,"suppressed":[],"version_id":"1.9.0"}