{".class":"MypyFile","_fullname":"importlib.resources","future_import_flags":[],"is_partial_stub_package":false,"is_stub":true,"names":{".class":"SymbolTable","AbstractContextManager":{".class":"SymbolTableNode","cross_ref":"contextlib.AbstractContextManager","kind":"Gdef","module_hidden":true,"module_public":false},"Any":{".class":"SymbolTableNode","cross_ref":"typing.Any","kind":"Gdef","module_hidden":true,"module_public":false},"BinaryIO":{".class":"SymbolTableNode","cross_ref":"typing.BinaryIO","kind":"Gdef","module_hidden":true,"module_public":false},"Iterator":{".class":"SymbolTableNode","cross_ref":"typing.Iterator","kind":"Gdef","module_hidden":true,"module_public":false},"ModuleType":{".class":"SymbolTableNode","cross_ref":"types.ModuleType","kind":"Gdef","module_hidden":true,"module_public":false},"Package":{".class":"SymbolTableNode","kind":"Gdef","node":{".class":"TypeAlias","alias_tvars":[],"column":0,"fullname":"importlib.resources.Package","line":21,"no_args":false,"normalized":false,"target":{".class":"UnionType","items":["builtins.str","types.ModuleType"]}}},"Path":{".class":"SymbolTableNode","cross_ref":"pathlib.Path","kind":"Gdef","module_hidden":true,"module_public":false},"Resource":{".class":"SymbolTableNode","kind":"Gdef","node":{".class":"TypeAlias","alias_tvars":[],"column":4,"fullname":"importlib.resources.Resource","line":24,"no_args":true,"normalized":false,"target":"builtins.str"}},"ResourceReader":{".class":"SymbolTableNode","cross_ref":"importlib.abc.ResourceReader","kind":"Gdef"},"TextIO":{".class":"SymbolTableNode","cross_ref":"typing.TextIO","kind":"Gdef","module_hidden":true,"module_public":false},"Traversable":{".class":"SymbolTableNode","cross_ref":"importlib.abc.Traversable","kind":"Gdef","module_hidden":true,"module_public":false},"TypeAlias":{".class":"SymbolTableNode","cross_ref":"typing.TypeAlias","kind":"Gdef","module_hidden":true,"module_public":false},"__all__":{".class":"SymbolTableNode","kind":"Gdef","module_public":false,"node":{".class":"Var","flags":["is_inferred","has_explicit_value"],"fullname":"importlib.resources.__all__","name":"__all__","type":{".class":"Instance","args":["builtins.str"],"type_ref":"builtins.list"}}},"__annotations__":{".class":"SymbolTableNode","kind":"Gdef","module_public":false,"node":{".class":"Var","flags":["is_ready"],"fullname":"importlib.resources.__annotations__","name":"__annotations__","type":{".class":"Instance","args":["builtins.str",{".class":"AnyType","missing_import_name":null,"source_any":null,"type_of_any":6}],"type_ref":"builtins.dict"}}},"__doc__":{".class":"SymbolTableNode","kind":"Gdef","module_public":false,"node":{".class":"Var","flags":["is_ready"],"fullname":"importlib.resources.__doc__","name":"__doc__","type":"builtins.str"}},"__file__":{".class":"SymbolTableNode","kind":"Gdef","module_public":false,"node":{".class":"Var","flags":["is_ready"],"fullname":"importlib.resources.__file__","name":"__file__","type":"builtins.str"}},"__name__":{".class":"SymbolTableNode","kind":"Gdef","module_public":false,"node":{".class":"Var","flags":["is_ready"],"fullname":"importlib.resources.__name__","name":"__name__","type":"builtins.str"}},"__package__":{".class":"SymbolTableNode","kind":"Gdef","module_public":false,"node":{".class":"Var","flags":["is_ready"],"fullname":"importlib.resources.__package__","name":"__package__","type":"builtins.str"}},"__path__":{".class":"SymbolTableNode","kind":"Gdef","module_public":false,"node":{".class":"Var","flags":["is_ready"],"fullname":"importlib.resources.__path__","name":"__path__","type":{".class":"Instance","args":["builtins.str"],"type_ref":"builtins.list"}}},"as_file":{".class":"SymbolTableNode","kind":"Gdef","node":{".class":"FuncDef","abstract_status":0,"arg_kinds":[0],"arg_names":["path"],"dataclass_transform_spec":null,"flags":[],"fullname":"importlib.resources.as_file","name":"as_file","type":{".class":"CallableType","arg_kinds":[0],"arg_names":["path"],"arg_types":["importlib.abc.Traversable"],"bound_args":[],"def_extras":{"first_arg":null},"fallback":"builtins.function","from_concatenate":false,"implicit":false,"imprecise_arg_kinds":false,"is_ellipsis_args":false,"name":"as_file","ret_type":{".class":"Instance","args":["pathlib.Path"],"type_ref":"contextlib.AbstractContextManager"},"type_guard":null,"unpack_kwargs":false,"variables":[]}}},"contents":{".class":"SymbolTableNode","kind":"Gdef","node":{".class":"FuncDef","abstract_status":0,"arg_kinds":[0],"arg_names":["package"],"dataclass_transform_spec":null,"flags":[],"fullname":"importlib.resources.contents","name":"contents","type":{".class":"CallableType","arg_kinds":[0],"arg_names":["package"],"arg_types":[{".class":"TypeAliasType","args":[],"type_ref":"importlib.resources.Package"}],"bound_args":[],"def_extras":{"first_arg":null},"fallback":"builtins.function","from_concatenate":false,"implicit":false,"imprecise_arg_kinds":false,"is_ellipsis_args":false,"name":"contents","ret_type":{".class":"Instance","args":["builtins.str"],"type_ref":"typing.Iterator"},"type_guard":null,"unpack_kwargs":false,"variables":[]}}},"files":{".class":"SymbolTableNode","kind":"Gdef","node":{".class":"FuncDef","abstract_status":0,"arg_kinds":[0],"arg_names":["package"],"dataclass_transform_spec":null,"flags":[],"fullname":"importlib.resources.files","name":"files","type":{".class":"CallableType","arg_kinds":[0],"arg_names":["package"],"arg_types":[{".class":"TypeAliasType","args":[],"type_ref":"importlib.resources.Package"}],"bound_args":[],"def_extras":{"first_arg":null},"fallback":"builtins.function","from_concatenate":false,"implicit":false,"imprecise_arg_kinds":false,"is_ellipsis_args":false,"name":"files","ret_type":"importlib.abc.Traversable","type_guard":null,"unpack_kwargs":false,"variables":[]}}},"is_resource":{".class":"SymbolTableNode","kind":"Gdef","node":{".class":"FuncDef","abstract_status":0,"arg_kinds":[0,0],"arg_names":["package","name"],"dataclass_transform_spec":null,"flags":[],"fullname":"importlib.resources.is_resource","name":"is_resource","type":{".class":"CallableType","arg_kinds":[0,0],"arg_names":["package","name"],"arg_types":[{".class":"TypeAliasType","args":[],"type_ref":"importlib.resources.Package"},"builtins.str"],"bound_args":[],"def_extras":{"first_arg":null},"fallback":"builtins.function","from_concatenate":false,"implicit":false,"imprecise_arg_kinds":false,"is_ellipsis_args":false,"name":"is_resource","ret_type":"builtins.bool","type_guard":null,"unpack_kwargs":false,"variables":[]}}},"open_binary":{".class":"SymbolTableNode","kind":"Gdef","node":{".class":"FuncDef","abstract_status":0,"arg_kinds":[0,0],"arg_names":["package","resource"],"dataclass_transform_spec":null,"flags":[],"fullname":"importlib.resources.open_binary","name":"open_binary","type":{".class":"CallableType","arg_kinds":[0,0],"arg_names":["package","resource"],"arg_types":[{".class":"TypeAliasType","args":[],"type_ref":"importlib.resources.Package"},"builtins.str"],"bound_args":[],"def_extras":{"first_arg":null},"fallback":"builtins.function","from_concatenate":false,"implicit":false,"imprecise_arg_kinds":false,"is_ellipsis_args":false,"name":"open_binary","ret_type":"typing.BinaryIO","type_guard":null,"unpack_kwargs":false,"variables":[]}}},"open_text":{".class":"SymbolTableNode","kind":"Gdef","node":{".class":"FuncDef","abstract_status":0,"arg_kinds":[0,0,1,1],"arg_names":["package","resource","encoding","errors"],"dataclass_transform_spec":null,"flags":[],"fullname":"importlib.resources.open_text","name":"open_text","type":{".class":"CallableType","arg_kinds":[0,0,1,1],"arg_names":["package","resource","encoding","errors"],"arg_types":[{".class":"TypeAliasType","args":[],"type_ref":"importlib.resources.Package"},"builtins.str","builtins.str","builtins.str"],"bound_args":[],"def_extras":{"first_arg":null},"fallback":"builtins.function","from_concatenate":false,"implicit":false,"imprecise_arg_kinds":false,"is_ellipsis_args":false,"name":"open_text","ret_type":"typing.TextIO","type_guard":null,"unpack_kwargs":false,"variables":[]}}},"os":{".class":"SymbolTableNode","cross_ref":"os","kind":"Gdef","module_hidden":true,"module_public":false},"path":{".class":"SymbolTableNode","kind":"Gdef","node":{".class":"FuncDef","abstract_status":0,"arg_kinds":[0,0],"arg_names":["package","resource"],"dataclass_transform_spec":null,"flags":[],"fullname":"importlib.resources.path","name":"path","type":{".class":"CallableType","arg_kinds":[0,0],"arg_names":["package","resource"],"arg_types":[{".class":"TypeAliasType","args":[],"type_ref":"importlib.resources.Package"},"builtins.str"],"bound_args":[],"def_extras":{"first_arg":null},"fallback":"builtins.function","from_concatenate":false,"implicit":false,"imprecise_arg_kinds":false,"is_ellipsis_args":false,"name":"path","ret_type":{".class":"Instance","args":["pathlib.Path"],"type_ref":"contextlib.AbstractContextManager"},"type_guard":null,"unpack_kwargs":false,"variables":[]}}},"read_binary":{".class":"SymbolTableNode","kind":"Gdef","node":{".class":"FuncDef","abstract_status":0,"arg_kinds":[0,0],"arg_names":["package","resource"],"dataclass_transform_spec":null,"flags":[],"fullname":"importlib.resources.read_binary","name":"read_binary","type":{".class":"CallableType","arg_kinds":[0,0],"arg_names":["package","resource"],"arg_types":[{".class":"TypeAliasType","args":[],"type_ref":"importlib.resources.Package"},"builtins.str"],"bound_args":[],"def_extras":{"first_arg":null},"fallback":"builtins.function","from_concatenate":false,"implicit":false,"imprecise_arg_kinds":false,"is_ellipsis_args":false,"name":"read_binary","ret_type":"builtins.bytes","type_guard":null,"unpack_kwargs":false,"variables":[]}}},"read_text":{".class":"SymbolTableNode","kind":"Gdef","node":{".class":"FuncDef","abstract_status":0,"arg_kinds":[0,0,1,1],"arg_names":["package","resource","encoding","errors"],"dataclass_transform_spec":null,"flags":[],"fullname":"importlib.resources.read_text","name":"read_text","type":{".class":"CallableType","arg_kinds":[0,0,1,1],"arg_names":["package","resource","encoding","errors"],"arg_types":[{".class":"TypeAliasType","args":[],"type_ref":"importlib.resources.Package"},"builtins.str","builtins.str","builtins.str"],"bound_args":[],"def_extras":{"first_arg":null},"fallback":"builtins.function","from_concatenate":false,"implicit":false,"imprecise_arg_kinds":false,"is_ellipsis_args":false,"name":"read_text","ret_type":"builtins.str","type_guard":null,"unpack_kwargs":false,"variables":[]}}},"sys":{".class":"SymbolTableNode","cross_ref":"sys","kind":"Gdef","module_hidden":true,"module_public":false}},"path":"/data/data/com.termux/files/usr/lib/python3.11/site-packages/mypy/typeshed/stdlib/importlib/resources/__init__.pyi"}