{".class":"MypyFile","_fullname":"uel.core.errors.ThrowException","future_import_flags":[],"is_partial_stub_package":false,"is_stub":false,"names":{".class":"SymbolTable","STATUS":{".class":"SymbolTableNode","kind":"Gdef","node":{".class":"Var","flags":["is_ready","is_inferred","has_explicit_value"],"fullname":"uel.core.errors.ThrowException.STATUS","name":"STATUS","type":"builtins.int"}},"ThrowException":{".class":"SymbolTableNode","kind":"Gdef","node":{".class":"TypeInfo","_promote":[],"abstract_attributes":[],"alt_promote":null,"bases":["builtins.object"],"dataclass_transform_spec":null,"declared_metaclass":null,"defn":{".class":"ClassDef","fullname":"uel.core.errors.ThrowException.ThrowException","name":"ThrowException","type_vars":[]},"deletable_attributes":[],"flags":[],"fullname":"uel.core.errors.ThrowException.ThrowException","has_param_spec_type":false,"metaclass_type":null,"metadata":{},"module_name":"uel.core.errors.ThrowException","mro":["uel.core.errors.ThrowException.ThrowException","builtins.object"],"names":{".class":"SymbolTable","throw":{".class":"SymbolTableNode","kind":"Mdef","node":{".class":"Decorator","func":{".class":"FuncDef","abstract_status":0,"arg_kinds":[0],"arg_names":["e"],"dataclass_transform_spec":null,"flags":["is_static","is_decorated"],"fullname":"uel.core.errors.ThrowException.ThrowException.throw","name":"throw","type":{".class":"CallableType","arg_kinds":[0],"arg_names":["e"],"arg_types":["uel.core.errors.UELBaseException.UELBaseException"],"bound_args":[],"def_extras":{"first_arg":null},"fallback":"builtins.function","from_concatenate":false,"implicit":false,"imprecise_arg_kinds":false,"is_ellipsis_args":false,"name":"throw of ThrowException","ret_type":{".class":"NoneType"},"type_guard":null,"unpack_kwargs":false,"variables":[]}},"is_overload":false,"var":{".class":"Var","flags":["is_initialized_in_class","is_staticmethod","is_ready","is_inferred"],"fullname":"uel.core.errors.ThrowException.ThrowException.throw","name":"throw","type":{".class":"CallableType","arg_kinds":[0],"arg_names":["e"],"arg_types":["uel.core.errors.UELBaseException.UELBaseException"],"bound_args":[],"def_extras":{"first_arg":null},"fallback":"builtins.function","from_concatenate":false,"implicit":false,"imprecise_arg_kinds":false,"is_ellipsis_args":false,"name":"throw of ThrowException","ret_type":{".class":"NoneType"},"type_guard":null,"unpack_kwargs":false,"variables":[]}}}}},"self_type":{".class":"TypeVarType","default":{".class":"AnyType","missing_import_name":null,"source_any":null,"type_of_any":4},"fullname":"uel.core.errors.ThrowException.ThrowException.Self","id":0,"name":"Self","namespace":"","upper_bound":"uel.core.errors.ThrowException.ThrowException","values":[],"variance":0},"slots":null,"tuple_type":null,"type_vars":[],"typeddict_type":null}},"UELBaseException":{".class":"SymbolTableNode","cross_ref":"uel.core.errors.UELBaseException.UELBaseException","kind":"Gdef","module_hidden":true,"module_public":false},"__annotations__":{".class":"SymbolTableNode","kind":"Gdef","node":{".class":"Var","flags":["is_ready"],"fullname":"uel.core.errors.ThrowException.__annotations__","name":"__annotations__","type":{".class":"Instance","args":["builtins.str",{".class":"AnyType","missing_import_name":null,"source_any":null,"type_of_any":6}],"type_ref":"builtins.dict"}}},"__doc__":{".class":"SymbolTableNode","kind":"Gdef","node":{".class":"Var","flags":["is_ready"],"fullname":"uel.core.errors.ThrowException.__doc__","name":"__doc__","type":"builtins.str"}},"__file__":{".class":"SymbolTableNode","kind":"Gdef","node":{".class":"Var","flags":["is_ready"],"fullname":"uel.core.errors.ThrowException.__file__","name":"__file__","type":"builtins.str"}},"__name__":{".class":"SymbolTableNode","kind":"Gdef","node":{".class":"Var","flags":["is_ready"],"fullname":"uel.core.errors.ThrowException.__name__","name":"__name__","type":"builtins.str"}},"__package__":{".class":"SymbolTableNode","kind":"Gdef","node":{".class":"Var","flags":["is_ready"],"fullname":"uel.core.errors.ThrowException.__package__","name":"__package__","type":"builtins.str"}},"_exit":{".class":"SymbolTableNode","cross_ref":"os._exit","kind":"Gdef","module_hidden":true,"module_public":false},"stderr":{".class":"SymbolTableNode","cross_ref":"sys.stderr","kind":"Gdef","module_hidden":true,"module_public":false}},"path":"/storage/emulated/0/My_file/web/server/puel/uel/core/errors/ThrowException.py"}