{"data_mtime":1711195356,"dep_lines":[4,1,2,1,1,1,1],"dep_prios":[5,5,5,5,30,30,30],"dependencies":["uel.core.errors.UELBaseException","sys","os","builtins","abc","typing","typing_extensions"],"hash":"bf2abcb683564d3185a911b1032e7adc76795c43134226064e9cf2bec21d2732","id":"uel.core.errors.ThrowException","ignore_all":false,"interface_hash":"fb8431869162a0d8f10d588cd2434bc6c42fbca17f0f07594261921284a1e88f","mtime":1710662404,"options":{"allow_redefinition":false,"allow_untyped_globals":false,"always_false":[],"always_true":[],"bazel":false,"check_untyped_defs":true,"disable_bytearray_promotion":false,"disable_error_code":[],"disable_memoryview_promotion":false,"disabled_error_codes":[],"disallow_any_decorated":false,"disallow_any_explicit":false,"disallow_any_expr":false,"disallow_any_generics":true,"disallow_any_unimported":false,"disallow_incomplete_defs":true,"disallow_subclassing_any":true,"disallow_untyped_calls":true,"disallow_untyped_decorators":true,"disallow_untyped_defs":true,"enable_error_code":[],"enabled_error_codes":[],"extra_checks":true,"follow_imports":"normal","follow_imports_for_stubs":false,"ignore_errors":false,"ignore_missing_imports":false,"implicit_optional":false,"implicit_reexport":false,"local_partial_types":false,"mypyc":false,"old_type_inference":false,"platform":"linux","plugins":[],"strict_concatenate":false,"strict_equality":true,"strict_optional":true,"warn_no_return":true,"warn_return_any":true,"warn_unreachable":false,"warn_unused_ignores":true},"path":"/storage/emulated/0/My_file/web/server/puel/uel/core/errors/ThrowException.py","plugin_data":null,"size":307,"suppressed":[],"version_id":"1.9.0"}