{".class":"MypyFile","_fullname":"uel.core.errors.UELBaseException","future_import_flags":[],"is_partial_stub_package":false,"is_stub":false,"names":{".class":"SymbolTable","UELBaseException":{".class":"SymbolTableNode","kind":"Gdef","node":{".class":"TypeInfo","_promote":[],"abstract_attributes":[],"alt_promote":null,"bases":["builtins.object"],"dataclass_transform_spec":null,"declared_metaclass":null,"defn":{".class":"ClassDef","fullname":"uel.core.errors.UELBaseException.UELBaseException","name":"UELBaseException","type_vars":[]},"deletable_attributes":[],"flags":[],"fullname":"uel.core.errors.UELBaseException.UELBaseException","has_param_spec_type":false,"metaclass_type":null,"metadata":{},"module_name":"uel.core.errors.UELBaseException","mro":["uel.core.errors.UELBaseException.UELBaseException","builtins.object"],"names":{".class":"SymbolTable","__init__":{".class":"SymbolTableNode","kind":"Mdef","node":{".class":"FuncDef","abstract_status":0,"arg_kinds":[0,0],"arg_names":["self","error_message"],"dataclass_transform_spec":null,"flags":[],"fullname":"uel.core.errors.UELBaseException.UELBaseException.__init__","name":"__init__","type":{".class":"CallableType","arg_kinds":[0,0],"arg_names":["self","error_message"],"arg_types":["uel.core.errors.UELBaseException.UELBaseException","builtins.str"],"bound_args":[],"def_extras":{"first_arg":"self"},"fallback":"builtins.function","from_concatenate":false,"implicit":false,"imprecise_arg_kinds":false,"is_ellipsis_args":false,"name":"__init__ of UELBaseException","ret_type":{".class":"NoneType"},"type_guard":null,"unpack_kwargs":false,"variables":[]}}},"__str__":{".class":"SymbolTableNode","kind":"Mdef","node":{".class":"FuncDef","abstract_status":0,"arg_kinds":[0],"arg_names":[null],"dataclass_transform_spec":null,"flags":[],"fullname":"uel.core.errors.UELBaseException.UELBaseException.__str__","name":"__str__","type":{".class":"CallableType","arg_kinds":[0],"arg_names":[null],"arg_types":["uel.core.errors.UELBaseException.UELBaseException"],"bound_args":[],"def_extras":{"first_arg":"self"},"fallback":"builtins.function","from_concatenate":false,"implicit":false,"imprecise_arg_kinds":false,"is_ellipsis_args":false,"name":"__str__ of UELBaseException","ret_type":"builtins.str","type_guard":null,"unpack_kwargs":false,"variables":[]}}},"error_message":{".class":"SymbolTableNode","implicit":true,"kind":"Mdef","node":{".class":"Var","flags":["is_inferred"],"fullname":"uel.core.errors.UELBaseException.UELBaseException.error_message","name":"error_message","type":"builtins.str"}}},"self_type":{".class":"TypeVarType","default":{".class":"AnyType","missing_import_name":null,"source_any":null,"type_of_any":4},"fullname":"uel.core.errors.UELBaseException.UELBaseException.Self","id":0,"name":"Self","namespace":"","upper_bound":"uel.core.errors.UELBaseException.UELBaseException","values":[],"variance":0},"slots":null,"tuple_type":null,"type_vars":[],"typeddict_type":null}},"__annotations__":{".class":"SymbolTableNode","kind":"Gdef","node":{".class":"Var","flags":["is_ready"],"fullname":"uel.core.errors.UELBaseException.__annotations__","name":"__annotations__","type":{".class":"Instance","args":["builtins.str",{".class":"AnyType","missing_import_name":null,"source_any":null,"type_of_any":6}],"type_ref":"builtins.dict"}}},"__doc__":{".class":"SymbolTableNode","kind":"Gdef","node":{".class":"Var","flags":["is_ready"],"fullname":"uel.core.errors.UELBaseException.__doc__","name":"__doc__","type":"builtins.str"}},"__file__":{".class":"SymbolTableNode","kind":"Gdef","node":{".class":"Var","flags":["is_ready"],"fullname":"uel.core.errors.UELBaseException.__file__","name":"__file__","type":"builtins.str"}},"__name__":{".class":"SymbolTableNode","kind":"Gdef","node":{".class":"Var","flags":["is_ready"],"fullname":"uel.core.errors.UELBaseException.__name__","name":"__name__","type":"builtins.str"}},"__package__":{".class":"SymbolTableNode","kind":"Gdef","node":{".class":"Var","flags":["is_ready"],"fullname":"uel.core.errors.UELBaseException.__package__","name":"__package__","type":"builtins.str"}}},"path":"/storage/emulated/0/My_file/web/server/puel/uel/core/errors/UELBaseException.py"}