{".class":"MypyFile","_fullname":"uel.core.errors.UELException","future_import_flags":[],"is_partial_stub_package":false,"is_stub":false,"names":{".class":"SymbolTable","UELBaseException":{".class":"SymbolTableNode","cross_ref":"uel.core.errors.UELBaseException.UELBaseException","kind":"Gdef","module_hidden":true,"module_public":false},"UELException":{".class":"SymbolTableNode","kind":"Gdef","node":{".class":"TypeInfo","_promote":[],"abstract_attributes":[],"alt_promote":null,"bases":["uel.core.errors.UELBaseException.UELBaseException"],"dataclass_transform_spec":null,"declared_metaclass":null,"defn":{".class":"ClassDef","fullname":"uel.core.errors.UELException.UELException","name":"UELException","type_vars":[]},"deletable_attributes":[],"flags":[],"fullname":"uel.core.errors.UELException.UELException","has_param_spec_type":false,"metaclass_type":null,"metadata":{},"module_name":"uel.core.errors.UELException","mro":["uel.core.errors.UELException.UELException","uel.core.errors.UELBaseException.UELBaseException","builtins.object"],"names":{".class":"SymbolTable"},"self_type":{".class":"TypeVarType","default":{".class":"AnyType","missing_import_name":null,"source_any":null,"type_of_any":4},"fullname":"uel.core.errors.UELException.UELException.Self","id":0,"name":"Self","namespace":"","upper_bound":"uel.core.errors.UELException.UELException","values":[],"variance":0},"slots":null,"tuple_type":null,"type_vars":[],"typeddict_type":null}},"__annotations__":{".class":"SymbolTableNode","kind":"Gdef","node":{".class":"Var","flags":["is_ready"],"fullname":"uel.core.errors.UELException.__annotations__","name":"__annotations__","type":{".class":"Instance","args":["builtins.str",{".class":"AnyType","missing_import_name":null,"source_any":null,"type_of_any":6}],"type_ref":"builtins.dict"}}},"__doc__":{".class":"SymbolTableNode","kind":"Gdef","node":{".class":"Var","flags":["is_ready"],"fullname":"uel.core.errors.UELException.__doc__","name":"__doc__","type":"builtins.str"}},"__file__":{".class":"SymbolTableNode","kind":"Gdef","node":{".class":"Var","flags":["is_ready"],"fullname":"uel.core.errors.UELException.__file__","name":"__file__","type":"builtins.str"}},"__name__":{".class":"SymbolTableNode","kind":"Gdef","node":{".class":"Var","flags":["is_ready"],"fullname":"uel.core.errors.UELException.__name__","name":"__name__","type":"builtins.str"}},"__package__":{".class":"SymbolTableNode","kind":"Gdef","node":{".class":"Var","flags":["is_ready"],"fullname":"uel.core.errors.UELException.__package__","name":"__package__","type":"builtins.str"}}},"path":"/storage/emulated/0/My_file/web/server/puel/uel/core/errors/UELException.py"}