{"data_mtime":1711195302,"dep_lines":[24,45,1,2,22,23,25,26,27,28,43,48,978],"dep_prios":[5,10,10,5,5,5,5,5,5,5,5,5,5],"dependencies":["collections.abc","os.path","sys","_typeshed","abc","builtins","contextlib","io","subprocess","typing","typing_extensions","types","resource"],"hash":"6b8c083fa17481b854e56e7cd32670305273a3c8fcb18ea06eb8044770bb23f5","id":"os","ignore_all":true,"interface_hash":"c46c0cc2db7c22f118e393f30aaff8efb0c742267379d95b13a9b87e43395e7e","mtime":1711193034,"options":{"allow_redefinition":false,"allow_untyped_globals":false,"always_false":[],"always_true":[],"bazel":false,"check_untyped_defs":true,"disable_bytearray_promotion":false,"disable_error_code":[],"disable_memoryview_promotion":false,"disabled_error_codes":[],"disallow_any_decorated":false,"disallow_any_explicit":false,"disallow_any_expr":false,"disallow_any_generics":true,"disallow_any_unimported":false,"disallow_incomplete_defs":true,"disallow_subclassing_any":true,"disallow_untyped_calls":true,"disallow_untyped_decorators":true,"disallow_untyped_defs":true,"enable_error_code":[],"enabled_error_codes":[],"extra_checks":true,"follow_imports":"normal","follow_imports_for_stubs":false,"ignore_errors":false,"ignore_missing_imports":false,"implicit_optional":false,"implicit_reexport":false,"local_partial_types":false,"mypyc":false,"old_type_inference":false,"platform":"linux","plugins":[],"strict_concatenate":false,"strict_equality":true,"strict_optional":true,"warn_no_return":true,"warn_return_any":true,"warn_unreachable":false,"warn_unused_ignores":true},"path":"/data/data/com.termux/files/usr/lib/python3.11/site-packages/mypy/typeshed/stdlib/os/__init__.pyi","plugin_data":null,"size":39824,"suppressed":[],"version_id":"1.9.0"}