{"data_mtime":1711195302,"dep_lines":[4,1,2,3,6,7,8,9,1,1],"dep_prios":[5,5,10,5,5,5,5,5,5,30],"dependencies":["collections.abc","io","sys","_typeshed","os","types","typing","typing_extensions","builtins","abc"],"hash":"073cb892d6e72a617672adc5277f5054e2dc62cb205ad764fc98cedf90ee7326","id":"zipfile","ignore_all":true,"interface_hash":"e9802482dbf40fc835ee1a7ccf4f8c5277d6a1398eff6d29e18fa031f62f9740","mtime":1711193034,"options":{"allow_redefinition":false,"allow_untyped_globals":false,"always_false":[],"always_true":[],"bazel":false,"check_untyped_defs":true,"disable_bytearray_promotion":false,"disable_error_code":[],"disable_memoryview_promotion":false,"disabled_error_codes":[],"disallow_any_decorated":false,"disallow_any_explicit":false,"disallow_any_expr":false,"disallow_any_generics":true,"disallow_any_unimported":false,"disallow_incomplete_defs":true,"disallow_subclassing_any":true,"disallow_untyped_calls":true,"disallow_untyped_decorators":true,"disallow_untyped_defs":true,"enable_error_code":[],"enabled_error_codes":[],"extra_checks":true,"follow_imports":"normal","follow_imports_for_stubs":false,"ignore_errors":false,"ignore_missing_imports":false,"implicit_optional":false,"implicit_reexport":false,"local_partial_types":false,"mypyc":false,"old_type_inference":false,"platform":"linux","plugins":[],"strict_concatenate":false,"strict_equality":true,"strict_optional":true,"warn_no_return":true,"warn_return_any":true,"warn_unreachable":false,"warn_unused_ignores":true},"path":"/data/data/com.termux/files/usr/lib/python3.11/site-packages/mypy/typeshed/stdlib/zipfile/__init__.pyi","plugin_data":null,"size":10208,"suppressed":[],"version_id":"1.9.0"}