{".class":"MypyFile","_fullname":"importlib","future_import_flags":[],"is_partial_stub_package":false,"is_stub":true,"names":{".class":"SymbolTable","Loader":{".class":"SymbolTableNode","cross_ref":"importlib._abc.Loader","kind":"Gdef","module_hidden":true,"module_public":false},"Mapping":{".class":"SymbolTableNode","cross_ref":"typing.Mapping","kind":"Gdef","module_hidden":true,"module_public":false},"ModuleType":{".class":"SymbolTableNode","cross_ref":"types.ModuleType","kind":"Gdef","module_hidden":true,"module_public":false},"Sequence":{".class":"SymbolTableNode","cross_ref":"typing.Sequence","kind":"Gdef","module_hidden":true,"module_public":false},"__all__":{".class":"SymbolTableNode","kind":"Gdef","module_public":false,"node":{".class":"Var","flags":["is_inferred","has_explicit_value"],"fullname":"importlib.__all__","name":"__all__","type":{".class":"Instance","args":["builtins.str"],"type_ref":"builtins.list"}}},"__annotations__":{".class":"SymbolTableNode","kind":"Gdef","module_public":false,"node":{".class":"Var","flags":["is_ready"],"fullname":"importlib.__annotations__","name":"__annotations__","type":{".class":"Instance","args":["builtins.str",{".class":"AnyType","missing_import_name":null,"source_any":null,"type_of_any":6}],"type_ref":"builtins.dict"}}},"__doc__":{".class":"SymbolTableNode","kind":"Gdef","module_public":false,"node":{".class":"Var","flags":["is_ready"],"fullname":"importlib.__doc__","name":"__doc__","type":"builtins.str"}},"__file__":{".class":"SymbolTableNode","kind":"Gdef","module_public":false,"node":{".class":"Var","flags":["is_ready"],"fullname":"importlib.__file__","name":"__file__","type":"builtins.str"}},"__import__":{".class":"SymbolTableNode","kind":"Gdef","node":{".class":"FuncDef","abstract_status":0,"arg_kinds":[0,1,1,1,1],"arg_names":["name","globals","locals","fromlist","level"],"dataclass_transform_spec":null,"flags":[],"fullname":"importlib.__import__","name":"__import__","type":{".class":"CallableType","arg_kinds":[0,1,1,1,1],"arg_names":["name","globals","locals","fromlist","level"],"arg_types":["builtins.str",{".class":"UnionType","items":[{".class":"Instance","args":["builtins.str","builtins.object"],"type_ref":"typing.Mapping"},{".class":"NoneType"}]},{".class":"UnionType","items":[{".class":"Instance","args":["builtins.str","builtins.object"],"type_ref":"typing.Mapping"},{".class":"NoneType"}]},{".class":"Instance","args":["builtins.str"],"type_ref":"typing.Sequence"},"builtins.int"],"bound_args":[],"def_extras":{"first_arg":null},"fallback":"builtins.function","from_concatenate":false,"implicit":false,"imprecise_arg_kinds":false,"is_ellipsis_args":false,"name":"__import__","ret_type":"types.ModuleType","type_guard":null,"unpack_kwargs":false,"variables":[]}}},"__name__":{".class":"SymbolTableNode","kind":"Gdef","module_public":false,"node":{".class":"Var","flags":["is_ready"],"fullname":"importlib.__name__","name":"__name__","type":"builtins.str"}},"__package__":{".class":"SymbolTableNode","kind":"Gdef","module_public":false,"node":{".class":"Var","flags":["is_ready"],"fullname":"importlib.__package__","name":"__package__","type":"builtins.str"}},"__path__":{".class":"SymbolTableNode","kind":"Gdef","module_public":false,"node":{".class":"Var","flags":["is_ready"],"fullname":"importlib.__path__","name":"__path__","type":{".class":"Instance","args":["builtins.str"],"type_ref":"builtins.list"}}},"find_loader":{".class":"SymbolTableNode","kind":"Gdef","module_public":false,"node":{".class":"FuncDef","abstract_status":0,"arg_kinds":[0,1],"arg_names":["name","path"],"dataclass_transform_spec":null,"flags":[],"fullname":"importlib.find_loader","name":"find_loader","type":{".class":"CallableType","arg_kinds":[0,1],"arg_names":["name","path"],"arg_types":["builtins.str",{".class":"UnionType","items":["builtins.str",{".class":"NoneType"}]}],"bound_args":[],"def_extras":{"first_arg":null},"fallback":"builtins.function","from_concatenate":false,"implicit":false,"imprecise_arg_kinds":false,"is_ellipsis_args":false,"name":"find_loader","ret_type":{".class":"UnionType","items":["importlib._abc.Loader",{".class":"NoneType"}]},"type_guard":null,"unpack_kwargs":false,"variables":[]}}},"import_module":{".class":"SymbolTableNode","kind":"Gdef","node":{".class":"FuncDef","abstract_status":0,"arg_kinds":[0,1],"arg_names":["name","package"],"dataclass_transform_spec":null,"flags":[],"fullname":"importlib.import_module","name":"import_module","type":{".class":"CallableType","arg_kinds":[0,1],"arg_names":["name","package"],"arg_types":["builtins.str",{".class":"UnionType","items":["builtins.str",{".class":"NoneType"}]}],"bound_args":[],"def_extras":{"first_arg":null},"fallback":"builtins.function","from_concatenate":false,"implicit":false,"imprecise_arg_kinds":false,"is_ellipsis_args":false,"name":"import_module","ret_type":"types.ModuleType","type_guard":null,"unpack_kwargs":false,"variables":[]}}},"invalidate_caches":{".class":"SymbolTableNode","kind":"Gdef","node":{".class":"FuncDef","abstract_status":0,"arg_kinds":[],"arg_names":[],"dataclass_transform_spec":null,"flags":[],"fullname":"importlib.invalidate_caches","name":"invalidate_caches","type":{".class":"CallableType","arg_kinds":[],"arg_names":[],"arg_types":[],"bound_args":[],"def_extras":{"first_arg":null},"fallback":"builtins.function","from_concatenate":false,"implicit":false,"imprecise_arg_kinds":false,"is_ellipsis_args":false,"name":"invalidate_caches","ret_type":{".class":"NoneType"},"type_guard":null,"unpack_kwargs":false,"variables":[]}}},"reload":{".class":"SymbolTableNode","kind":"Gdef","node":{".class":"FuncDef","abstract_status":0,"arg_kinds":[0],"arg_names":["module"],"dataclass_transform_spec":null,"flags":[],"fullname":"importlib.reload","name":"reload","type":{".class":"CallableType","arg_kinds":[0],"arg_names":["module"],"arg_types":["types.ModuleType"],"bound_args":[],"def_extras":{"first_arg":null},"fallback":"builtins.function","from_concatenate":false,"implicit":false,"imprecise_arg_kinds":false,"is_ellipsis_args":false,"name":"reload","ret_type":"types.ModuleType","type_guard":null,"unpack_kwargs":false,"variables":[]}}},"sys":{".class":"SymbolTableNode","cross_ref":"sys","kind":"Gdef","module_hidden":true,"module_public":false}},"path":"/data/data/com.termux/files/usr/lib/python3.11/site-packages/mypy/typeshed/stdlib/importlib/__init__.pyi"}