{".class":"MypyFile","_fullname":"importlib.machinery","future_import_flags":[],"is_partial_stub_package":false,"is_stub":true,"names":{".class":"SymbolTable","Any":{".class":"SymbolTableNode","cross_ref":"typing.Any","kind":"Gdef","module_hidden":true,"module_public":false},"BYTECODE_SUFFIXES":{".class":"SymbolTableNode","kind":"Gdef","node":{".class":"Var","flags":["is_ready"],"fullname":"importlib.machinery.BYTECODE_SUFFIXES","name":"BYTECODE_SUFFIXES","type":{".class":"Instance","args":["builtins.str"],"type_ref":"builtins.list"}}},"BuiltinImporter":{".class":"SymbolTableNode","kind":"Gdef","node":{".class":"TypeInfo","_promote":[],"abstract_attributes":[],"alt_promote":null,"bases":["importlib.abc.MetaPathFinder","importlib.abc.InspectLoader"],"dataclass_transform_spec":null,"declared_metaclass":null,"defn":{".class":"ClassDef","fullname":"importlib.machinery.BuiltinImporter","name":"BuiltinImporter","type_vars":[]},"deletable_attributes":[],"flags":[],"fullname":"importlib.machinery.BuiltinImporter","has_param_spec_type":false,"metaclass_type":"abc.ABCMeta","metadata":{},"module_name":"importlib.machinery","mro":["importlib.machinery.BuiltinImporter","importlib.abc.MetaPathFinder","importlib.abc.InspectLoader","importlib._abc.Loader","builtins.object"],"names":{".class":"SymbolTable","create_module":{".class":"SymbolTableNode","kind":"Mdef","node":{".class":"Decorator","func":{".class":"FuncDef","abstract_status":0,"arg_kinds":[0],"arg_names":["spec"],"dataclass_transform_spec":null,"flags":["is_static","is_decorated"],"fullname":"importlib.machinery.BuiltinImporter.create_module","name":"create_module","type":{".class":"CallableType","arg_kinds":[0],"arg_names":["spec"],"arg_types":["importlib.machinery.ModuleSpec"],"bound_args":[],"def_extras":{"first_arg":null},"fallback":"builtins.function","from_concatenate":false,"implicit":false,"imprecise_arg_kinds":false,"is_ellipsis_args":false,"name":"create_module of BuiltinImporter","ret_type":{".class":"UnionType","items":["types.ModuleType",{".class":"NoneType"}]},"type_guard":null,"unpack_kwargs":false,"variables":[]}},"is_overload":false,"var":{".class":"Var","flags":["is_initialized_in_class","is_staticmethod","is_ready","is_inferred"],"fullname":"importlib.machinery.BuiltinImporter.create_module","name":"create_module","type":{".class":"CallableType","arg_kinds":[0],"arg_names":["spec"],"arg_types":["importlib.machinery.ModuleSpec"],"bound_args":[],"def_extras":{"first_arg":null},"fallback":"builtins.function","from_concatenate":false,"implicit":false,"imprecise_arg_kinds":false,"is_ellipsis_args":false,"name":"create_module of BuiltinImporter","ret_type":{".class":"UnionType","items":["types.ModuleType",{".class":"NoneType"}]},"type_guard":null,"unpack_kwargs":false,"variables":[]}}}},"exec_module":{".class":"SymbolTableNode","kind":"Mdef","node":{".class":"Decorator","func":{".class":"FuncDef","abstract_status":0,"arg_kinds":[0],"arg_names":["module"],"dataclass_transform_spec":null,"flags":["is_static","is_decorated"],"fullname":"importlib.machinery.BuiltinImporter.exec_module","name":"exec_module","type":{".class":"CallableType","arg_kinds":[0],"arg_names":["module"],"arg_types":["types.ModuleType"],"bound_args":[],"def_extras":{"first_arg":null},"fallback":"builtins.function","from_concatenate":false,"implicit":false,"imprecise_arg_kinds":false,"is_ellipsis_args":false,"name":"exec_module of BuiltinImporter","ret_type":{".class":"NoneType"},"type_guard":null,"unpack_kwargs":false,"variables":[]}},"is_overload":false,"var":{".class":"Var","flags":["is_initialized_in_class","is_staticmethod","is_ready","is_inferred"],"fullname":"importlib.machinery.BuiltinImporter.exec_module","name":"exec_module","type":{".class":"CallableType","arg_kinds":[0],"arg_names":["module"],"arg_types":["types.ModuleType"],"bound_args":[],"def_extras":{"first_arg":null},"fallback":"builtins.function","from_concatenate":false,"implicit":false,"imprecise_arg_kinds":false,"is_ellipsis_args":false,"name":"exec_module of BuiltinImporter","ret_type":{".class":"NoneType"},"type_guard":null,"unpack_kwargs":false,"variables":[]}}}},"find_module":{".class":"SymbolTableNode","kind":"Mdef","node":{".class":"Decorator","func":{".class":"FuncDef","abstract_status":0,"arg_kinds":[0,0,1],"arg_names":["cls","fullname","path"],"dataclass_transform_spec":null,"flags":["is_class","is_decorated"],"fullname":"importlib.machinery.BuiltinImporter.find_module","name":"find_module","type":{".class":"CallableType","arg_kinds":[0,0,1],"arg_names":["cls","fullname","path"],"arg_types":[{".class":"TypeType","item":"importlib.machinery.BuiltinImporter"},"builtins.str",{".class":"UnionType","items":[{".class":"Instance","args":["builtins.str"],"type_ref":"typing.Sequence"},{".class":"NoneType"}]}],"bound_args":[],"def_extras":{"first_arg":"cls"},"fallback":"builtins.function","from_concatenate":false,"implicit":false,"imprecise_arg_kinds":false,"is_ellipsis_args":false,"name":"find_module of BuiltinImporter","ret_type":{".class":"UnionType","items":["importlib._abc.Loader",{".class":"NoneType"}]},"type_guard":null,"unpack_kwargs":false,"variables":[]}},"is_overload":false,"var":{".class":"Var","flags":["is_initialized_in_class","is_classmethod","is_ready","is_inferred"],"fullname":"importlib.machinery.BuiltinImporter.find_module","name":"find_module","type":{".class":"CallableType","arg_kinds":[0,0,1],"arg_names":["cls","fullname","path"],"arg_types":[{".class":"TypeType","item":"importlib.machinery.BuiltinImporter"},"builtins.str",{".class":"UnionType","items":[{".class":"Instance","args":["builtins.str"],"type_ref":"typing.Sequence"},{".class":"NoneType"}]}],"bound_args":[],"def_extras":{"first_arg":"cls"},"fallback":"builtins.function","from_concatenate":false,"implicit":false,"imprecise_arg_kinds":false,"is_ellipsis_args":false,"name":"find_module of BuiltinImporter","ret_type":{".class":"UnionType","items":["importlib._abc.Loader",{".class":"NoneType"}]},"type_guard":null,"unpack_kwargs":false,"variables":[]}}}},"find_spec":{".class":"SymbolTableNode","kind":"Mdef","node":{".class":"Decorator","func":{".class":"FuncDef","abstract_status":0,"arg_kinds":[0,0,1,1],"arg_names":["cls","fullname","path","target"],"dataclass_transform_spec":null,"flags":["is_class","is_decorated"],"fullname":"importlib.machinery.BuiltinImporter.find_spec","name":"find_spec","type":{".class":"CallableType","arg_kinds":[0,0,1,1],"arg_names":["cls","fullname","path","target"],"arg_types":[{".class":"TypeType","item":"importlib.machinery.BuiltinImporter"},"builtins.str",{".class":"UnionType","items":[{".class":"Instance","args":["builtins.str"],"type_ref":"typing.Sequence"},{".class":"NoneType"}]},{".class":"UnionType","items":["types.ModuleType",{".class":"NoneType"}]}],"bound_args":[],"def_extras":{"first_arg":"cls"},"fallback":"builtins.function","from_concatenate":false,"implicit":false,"imprecise_arg_kinds":false,"is_ellipsis_args":false,"name":"find_spec of BuiltinImporter","ret_type":{".class":"UnionType","items":["importlib.machinery.ModuleSpec",{".class":"NoneType"}]},"type_guard":null,"unpack_kwargs":false,"variables":[]}},"is_overload":false,"var":{".class":"Var","flags":["is_initialized_in_class","is_classmethod","is_ready","is_inferred"],"fullname":"importlib.machinery.BuiltinImporter.find_spec","name":"find_spec","type":{".class":"CallableType","arg_kinds":[0,0,1,1],"arg_names":["cls","fullname","path","target"],"arg_types":[{".class":"TypeType","item":"importlib.machinery.BuiltinImporter"},"builtins.str",{".class":"UnionType","items":[{".class":"Instance","args":["builtins.str"],"type_ref":"typing.Sequence"},{".class":"NoneType"}]},{".class":"UnionType","items":["types.ModuleType",{".class":"NoneType"}]}],"bound_args":[],"def_extras":{"first_arg":"cls"},"fallback":"builtins.function","from_concatenate":false,"implicit":false,"imprecise_arg_kinds":false,"is_ellipsis_args":false,"name":"find_spec of BuiltinImporter","ret_type":{".class":"UnionType","items":["importlib.machinery.ModuleSpec",{".class":"NoneType"}]},"type_guard":null,"unpack_kwargs":false,"variables":[]}}}},"get_code":{".class":"SymbolTableNode","kind":"Mdef","node":{".class":"Decorator","func":{".class":"FuncDef","abstract_status":0,"arg_kinds":[0,0],"arg_names":["cls","fullname"],"dataclass_transform_spec":null,"flags":["is_class","is_decorated"],"fullname":"importlib.machinery.BuiltinImporter.get_code","name":"get_code","type":{".class":"CallableType","arg_kinds":[0,0],"arg_names":["cls","fullname"],"arg_types":[{".class":"TypeType","item":"importlib.machinery.BuiltinImporter"},"builtins.str"],"bound_args":[],"def_extras":{"first_arg":"cls"},"fallback":"builtins.function","from_concatenate":false,"implicit":false,"imprecise_arg_kinds":false,"is_ellipsis_args":false,"name":"get_code of BuiltinImporter","ret_type":{".class":"NoneType"},"type_guard":null,"unpack_kwargs":false,"variables":[]}},"is_overload":false,"var":{".class":"Var","flags":["is_initialized_in_class","is_classmethod","is_ready","is_inferred"],"fullname":"importlib.machinery.BuiltinImporter.get_code","name":"get_code","type":{".class":"CallableType","arg_kinds":[0,0],"arg_names":["cls","fullname"],"arg_types":[{".class":"TypeType","item":"importlib.machinery.BuiltinImporter"},"builtins.str"],"bound_args":[],"def_extras":{"first_arg":"cls"},"fallback":"builtins.function","from_concatenate":false,"implicit":false,"imprecise_arg_kinds":false,"is_ellipsis_args":false,"name":"get_code of BuiltinImporter","ret_type":{".class":"NoneType"},"type_guard":null,"unpack_kwargs":false,"variables":[]}}}},"get_source":{".class":"SymbolTableNode","kind":"Mdef","node":{".class":"Decorator","func":{".class":"FuncDef","abstract_status":0,"arg_kinds":[0,0],"arg_names":["cls","fullname"],"dataclass_transform_spec":null,"flags":["is_class","is_decorated"],"fullname":"importlib.machinery.BuiltinImporter.get_source","name":"get_source","type":{".class":"CallableType","arg_kinds":[0,0],"arg_names":["cls","fullname"],"arg_types":[{".class":"TypeType","item":"importlib.machinery.BuiltinImporter"},"builtins.str"],"bound_args":[],"def_extras":{"first_arg":"cls"},"fallback":"builtins.function","from_concatenate":false,"implicit":false,"imprecise_arg_kinds":false,"is_ellipsis_args":false,"name":"get_source of BuiltinImporter","ret_type":{".class":"NoneType"},"type_guard":null,"unpack_kwargs":false,"variables":[]}},"is_overload":false,"var":{".class":"Var","flags":["is_initialized_in_class","is_classmethod","is_ready","is_inferred"],"fullname":"importlib.machinery.BuiltinImporter.get_source","name":"get_source","type":{".class":"CallableType","arg_kinds":[0,0],"arg_names":["cls","fullname"],"arg_types":[{".class":"TypeType","item":"importlib.machinery.BuiltinImporter"},"builtins.str"],"bound_args":[],"def_extras":{"first_arg":"cls"},"fallback":"builtins.function","from_concatenate":false,"implicit":false,"imprecise_arg_kinds":false,"is_ellipsis_args":false,"name":"get_source of BuiltinImporter","ret_type":{".class":"NoneType"},"type_guard":null,"unpack_kwargs":false,"variables":[]}}}},"is_package":{".class":"SymbolTableNode","kind":"Mdef","node":{".class":"Decorator","func":{".class":"FuncDef","abstract_status":0,"arg_kinds":[0,0],"arg_names":["cls","fullname"],"dataclass_transform_spec":null,"flags":["is_class","is_decorated"],"fullname":"importlib.machinery.BuiltinImporter.is_package","name":"is_package","type":{".class":"CallableType","arg_kinds":[0,0],"arg_names":["cls","fullname"],"arg_types":[{".class":"TypeType","item":"importlib.machinery.BuiltinImporter"},"builtins.str"],"bound_args":[],"def_extras":{"first_arg":"cls"},"fallback":"builtins.function","from_concatenate":false,"implicit":false,"imprecise_arg_kinds":false,"is_ellipsis_args":false,"name":"is_package of BuiltinImporter","ret_type":"builtins.bool","type_guard":null,"unpack_kwargs":false,"variables":[]}},"is_overload":false,"var":{".class":"Var","flags":["is_initialized_in_class","is_classmethod","is_ready","is_inferred"],"fullname":"importlib.machinery.BuiltinImporter.is_package","name":"is_package","type":{".class":"CallableType","arg_kinds":[0,0],"arg_names":["cls","fullname"],"arg_types":[{".class":"TypeType","item":"importlib.machinery.BuiltinImporter"},"builtins.str"],"bound_args":[],"def_extras":{"first_arg":"cls"},"fallback":"builtins.function","from_concatenate":false,"implicit":false,"imprecise_arg_kinds":false,"is_ellipsis_args":false,"name":"is_package of BuiltinImporter","ret_type":"builtins.bool","type_guard":null,"unpack_kwargs":false,"variables":[]}}}},"load_module":{".class":"SymbolTableNode","kind":"Mdef","node":{".class":"Decorator","func":{".class":"FuncDef","abstract_status":0,"arg_kinds":[0,0],"arg_names":["cls","fullname"],"dataclass_transform_spec":null,"flags":["is_class","is_decorated"],"fullname":"importlib.machinery.BuiltinImporter.load_module","name":"load_module","type":{".class":"CallableType","arg_kinds":[0,0],"arg_names":["cls","fullname"],"arg_types":[{".class":"TypeType","item":"importlib.machinery.BuiltinImporter"},"builtins.str"],"bound_args":[],"def_extras":{"first_arg":"cls"},"fallback":"builtins.function","from_concatenate":false,"implicit":false,"imprecise_arg_kinds":false,"is_ellipsis_args":false,"name":"load_module of BuiltinImporter","ret_type":"types.ModuleType","type_guard":null,"unpack_kwargs":false,"variables":[]}},"is_overload":false,"var":{".class":"Var","flags":["is_initialized_in_class","is_classmethod","is_ready","is_inferred"],"fullname":"importlib.machinery.BuiltinImporter.load_module","name":"load_module","type":{".class":"CallableType","arg_kinds":[0,0],"arg_names":["cls","fullname"],"arg_types":[{".class":"TypeType","item":"importlib.machinery.BuiltinImporter"},"builtins.str"],"bound_args":[],"def_extras":{"first_arg":"cls"},"fallback":"builtins.function","from_concatenate":false,"implicit":false,"imprecise_arg_kinds":false,"is_ellipsis_args":false,"name":"load_module of BuiltinImporter","ret_type":"types.ModuleType","type_guard":null,"unpack_kwargs":false,"variables":[]}}}},"module_repr":{".class":"SymbolTableNode","kind":"Mdef","node":{".class":"Decorator","func":{".class":"FuncDef","abstract_status":0,"arg_kinds":[0],"arg_names":["module"],"dataclass_transform_spec":null,"flags":["is_static","is_decorated"],"fullname":"importlib.machinery.BuiltinImporter.module_repr","name":"module_repr","type":{".class":"CallableType","arg_kinds":[0],"arg_names":["module"],"arg_types":["types.ModuleType"],"bound_args":[],"def_extras":{"first_arg":null},"fallback":"builtins.function","from_concatenate":false,"implicit":false,"imprecise_arg_kinds":false,"is_ellipsis_args":false,"name":"module_repr of BuiltinImporter","ret_type":"builtins.str","type_guard":null,"unpack_kwargs":false,"variables":[]}},"is_overload":false,"var":{".class":"Var","flags":["is_initialized_in_class","is_staticmethod","is_ready","is_inferred"],"fullname":"importlib.machinery.BuiltinImporter.module_repr","name":"module_repr","type":{".class":"CallableType","arg_kinds":[0],"arg_names":["module"],"arg_types":["types.ModuleType"],"bound_args":[],"def_extras":{"first_arg":null},"fallback":"builtins.function","from_concatenate":false,"implicit":false,"imprecise_arg_kinds":false,"is_ellipsis_args":false,"name":"module_repr of BuiltinImporter","ret_type":"builtins.str","type_guard":null,"unpack_kwargs":false,"variables":[]}}}}},"self_type":null,"slots":null,"tuple_type":null,"type_vars":[],"typeddict_type":null}},"Callable":{".class":"SymbolTableNode","cross_ref":"typing.Callable","kind":"Gdef","module_hidden":true,"module_public":false},"DEBUG_BYTECODE_SUFFIXES":{".class":"SymbolTableNode","kind":"Gdef","node":{".class":"Var","flags":["is_ready"],"fullname":"importlib.machinery.DEBUG_BYTECODE_SUFFIXES","name":"DEBUG_BYTECODE_SUFFIXES","type":{".class":"Instance","args":["builtins.str"],"type_ref":"builtins.list"}}},"DistributionFinder":{".class":"SymbolTableNode","cross_ref":"importlib.metadata.DistributionFinder","kind":"Gdef","module_hidden":true,"module_public":false},"EXTENSION_SUFFIXES":{".class":"SymbolTableNode","kind":"Gdef","node":{".class":"Var","flags":["is_ready"],"fullname":"importlib.machinery.EXTENSION_SUFFIXES","name":"EXTENSION_SUFFIXES","type":{".class":"Instance","args":["builtins.str"],"type_ref":"builtins.list"}}},"ExtensionFileLoader":{".class":"SymbolTableNode","kind":"Gdef","node":{".class":"TypeInfo","_promote":[],"abstract_attributes":[],"alt_promote":null,"bases":["importlib.abc.ExecutionLoader"],"dataclass_transform_spec":null,"declared_metaclass":null,"defn":{".class":"ClassDef","fullname":"importlib.machinery.ExtensionFileLoader","name":"ExtensionFileLoader","type_vars":[]},"deletable_attributes":[],"flags":[],"fullname":"importlib.machinery.ExtensionFileLoader","has_param_spec_type":false,"metaclass_type":"abc.ABCMeta","metadata":{},"module_name":"importlib.machinery","mro":["importlib.machinery.ExtensionFileLoader","importlib.abc.ExecutionLoader","importlib.abc.InspectLoader","importlib._abc.Loader","builtins.object"],"names":{".class":"SymbolTable","__eq__":{".class":"SymbolTableNode","kind":"Mdef","node":{".class":"FuncDef","abstract_status":0,"arg_kinds":[0,0],"arg_names":[null,null],"dataclass_transform_spec":null,"flags":[],"fullname":"importlib.machinery.ExtensionFileLoader.__eq__","name":"__eq__","type":{".class":"CallableType","arg_kinds":[0,0],"arg_names":[null,null],"arg_types":["importlib.machinery.ExtensionFileLoader","builtins.object"],"bound_args":[],"def_extras":{"first_arg":"self"},"fallback":"builtins.function","from_concatenate":false,"implicit":false,"imprecise_arg_kinds":false,"is_ellipsis_args":false,"name":"__eq__ of ExtensionFileLoader","ret_type":"builtins.bool","type_guard":null,"unpack_kwargs":false,"variables":[]}}},"__hash__":{".class":"SymbolTableNode","kind":"Mdef","node":{".class":"FuncDef","abstract_status":0,"arg_kinds":[0],"arg_names":["self"],"dataclass_transform_spec":null,"flags":[],"fullname":"importlib.machinery.ExtensionFileLoader.__hash__","name":"__hash__","type":{".class":"CallableType","arg_kinds":[0],"arg_names":["self"],"arg_types":["importlib.machinery.ExtensionFileLoader"],"bound_args":[],"def_extras":{"first_arg":"self"},"fallback":"builtins.function","from_concatenate":false,"implicit":false,"imprecise_arg_kinds":false,"is_ellipsis_args":false,"name":"__hash__ of ExtensionFileLoader","ret_type":"builtins.int","type_guard":null,"unpack_kwargs":false,"variables":[]}}},"__init__":{".class":"SymbolTableNode","kind":"Mdef","node":{".class":"FuncDef","abstract_status":0,"arg_kinds":[0,0,0],"arg_names":["self","name","path"],"dataclass_transform_spec":null,"flags":[],"fullname":"importlib.machinery.ExtensionFileLoader.__init__","name":"__init__","type":{".class":"CallableType","arg_kinds":[0,0,0],"arg_names":["self","name","path"],"arg_types":["importlib.machinery.ExtensionFileLoader","builtins.str","builtins.str"],"bound_args":[],"def_extras":{"first_arg":"self"},"fallback":"builtins.function","from_concatenate":false,"implicit":false,"imprecise_arg_kinds":false,"is_ellipsis_args":false,"name":"__init__ of ExtensionFileLoader","ret_type":{".class":"NoneType"},"type_guard":null,"unpack_kwargs":false,"variables":[]}}},"create_module":{".class":"SymbolTableNode","kind":"Mdef","node":{".class":"FuncDef","abstract_status":0,"arg_kinds":[0,0],"arg_names":["self","spec"],"dataclass_transform_spec":null,"flags":[],"fullname":"importlib.machinery.ExtensionFileLoader.create_module","name":"create_module","type":{".class":"CallableType","arg_kinds":[0,0],"arg_names":["self","spec"],"arg_types":["importlib.machinery.ExtensionFileLoader","importlib.machinery.ModuleSpec"],"bound_args":[],"def_extras":{"first_arg":"self"},"fallback":"builtins.function","from_concatenate":false,"implicit":false,"imprecise_arg_kinds":false,"is_ellipsis_args":false,"name":"create_module of ExtensionFileLoader","ret_type":"types.ModuleType","type_guard":null,"unpack_kwargs":false,"variables":[]}}},"exec_module":{".class":"SymbolTableNode","kind":"Mdef","node":{".class":"FuncDef","abstract_status":0,"arg_kinds":[0,0],"arg_names":["self","module"],"dataclass_transform_spec":null,"flags":[],"fullname":"importlib.machinery.ExtensionFileLoader.exec_module","name":"exec_module","type":{".class":"CallableType","arg_kinds":[0,0],"arg_names":["self","module"],"arg_types":["importlib.machinery.ExtensionFileLoader","types.ModuleType"],"bound_args":[],"def_extras":{"first_arg":"self"},"fallback":"builtins.function","from_concatenate":false,"implicit":false,"imprecise_arg_kinds":false,"is_ellipsis_args":false,"name":"exec_module of ExtensionFileLoader","ret_type":{".class":"NoneType"},"type_guard":null,"unpack_kwargs":false,"variables":[]}}},"get_code":{".class":"SymbolTableNode","kind":"Mdef","node":{".class":"FuncDef","abstract_status":0,"arg_kinds":[0,0],"arg_names":["self","fullname"],"dataclass_transform_spec":null,"flags":[],"fullname":"importlib.machinery.ExtensionFileLoader.get_code","name":"get_code","type":{".class":"CallableType","arg_kinds":[0,0],"arg_names":["self","fullname"],"arg_types":["importlib.machinery.ExtensionFileLoader","builtins.str"],"bound_args":[],"def_extras":{"first_arg":"self"},"fallback":"builtins.function","from_concatenate":false,"implicit":false,"imprecise_arg_kinds":false,"is_ellipsis_args":false,"name":"get_code of ExtensionFileLoader","ret_type":{".class":"NoneType"},"type_guard":null,"unpack_kwargs":false,"variables":[]}}},"get_filename":{".class":"SymbolTableNode","kind":"Mdef","node":{".class":"FuncDef","abstract_status":0,"arg_kinds":[0,1],"arg_names":["self","name"],"dataclass_transform_spec":null,"flags":[],"fullname":"importlib.machinery.ExtensionFileLoader.get_filename","name":"get_filename","type":{".class":"CallableType","arg_kinds":[0,1],"arg_names":["self","name"],"arg_types":["importlib.machinery.ExtensionFileLoader",{".class":"UnionType","items":["builtins.str",{".class":"NoneType"}]}],"bound_args":[],"def_extras":{"first_arg":"self"},"fallback":"builtins.function","from_concatenate":false,"implicit":false,"imprecise_arg_kinds":false,"is_ellipsis_args":false,"name":"get_filename of ExtensionFileLoader","ret_type":"builtins.str","type_guard":null,"unpack_kwargs":false,"variables":[]}}},"get_source":{".class":"SymbolTableNode","kind":"Mdef","node":{".class":"FuncDef","abstract_status":0,"arg_kinds":[0,0],"arg_names":["self","fullname"],"dataclass_transform_spec":null,"flags":[],"fullname":"importlib.machinery.ExtensionFileLoader.get_source","name":"get_source","type":{".class":"CallableType","arg_kinds":[0,0],"arg_names":["self","fullname"],"arg_types":["importlib.machinery.ExtensionFileLoader","builtins.str"],"bound_args":[],"def_extras":{"first_arg":"self"},"fallback":"builtins.function","from_concatenate":false,"implicit":false,"imprecise_arg_kinds":false,"is_ellipsis_args":false,"name":"get_source of ExtensionFileLoader","ret_type":{".class":"NoneType"},"type_guard":null,"unpack_kwargs":false,"variables":[]}}}},"self_type":null,"slots":null,"tuple_type":null,"type_vars":[],"typeddict_type":null}},"FileFinder":{".class":"SymbolTableNode","kind":"Gdef","node":{".class":"TypeInfo","_promote":[],"abstract_attributes":[],"alt_promote":null,"bases":["importlib.abc.PathEntryFinder"],"dataclass_transform_spec":null,"declared_metaclass":null,"defn":{".class":"ClassDef","fullname":"importlib.machinery.FileFinder","name":"FileFinder","type_vars":[]},"deletable_attributes":[],"flags":[],"fullname":"importlib.machinery.FileFinder","has_param_spec_type":false,"metaclass_type":"abc.ABCMeta","metadata":{},"module_name":"importlib.machinery","mro":["importlib.machinery.FileFinder","importlib.abc.PathEntryFinder","builtins.object"],"names":{".class":"SymbolTable","__init__":{".class":"SymbolTableNode","kind":"Mdef","node":{".class":"FuncDef","abstract_status":0,"arg_kinds":[0,0,2],"arg_names":["self","path","loader_details"],"dataclass_transform_spec":null,"flags":[],"fullname":"importlib.machinery.FileFinder.__init__","name":"__init__","type":{".class":"CallableType","arg_kinds":[0,0,2],"arg_names":["self","path","loader_details"],"arg_types":["importlib.machinery.FileFinder","builtins.str",{".class":"TupleType","implicit":false,"items":[{".class":"TypeType","item":"importlib._abc.Loader"},{".class":"Instance","args":["builtins.str"],"type_ref":"builtins.list"}],"partial_fallback":{".class":"Instance","args":[{".class":"AnyType","missing_import_name":null,"source_any":null,"type_of_any":6}],"type_ref":"builtins.tuple"}}],"bound_args":[],"def_extras":{"first_arg":"self"},"fallback":"builtins.function","from_concatenate":false,"implicit":false,"imprecise_arg_kinds":false,"is_ellipsis_args":false,"name":"__init__ of FileFinder","ret_type":{".class":"NoneType"},"type_guard":null,"unpack_kwargs":false,"variables":[]}}},"path":{".class":"SymbolTableNode","kind":"Mdef","node":{".class":"Var","flags":["is_initialized_in_class","is_ready"],"fullname":"importlib.machinery.FileFinder.path","name":"path","type":"builtins.str"}},"path_hook":{".class":"SymbolTableNode","kind":"Mdef","node":{".class":"Decorator","func":{".class":"FuncDef","abstract_status":0,"arg_kinds":[0,2],"arg_names":["cls","loader_details"],"dataclass_transform_spec":null,"flags":["is_class","is_decorated"],"fullname":"importlib.machinery.FileFinder.path_hook","name":"path_hook","type":{".class":"CallableType","arg_kinds":[0,2],"arg_names":["cls","loader_details"],"arg_types":[{".class":"TypeType","item":"importlib.machinery.FileFinder"},{".class":"TupleType","implicit":false,"items":[{".class":"TypeType","item":"importlib._abc.Loader"},{".class":"Instance","args":["builtins.str"],"type_ref":"builtins.list"}],"partial_fallback":{".class":"Instance","args":[{".class":"AnyType","missing_import_name":null,"source_any":null,"type_of_any":6}],"type_ref":"builtins.tuple"}}],"bound_args":[],"def_extras":{"first_arg":"cls"},"fallback":"builtins.function","from_concatenate":false,"implicit":false,"imprecise_arg_kinds":false,"is_ellipsis_args":false,"name":"path_hook of FileFinder","ret_type":{".class":"CallableType","arg_kinds":[0],"arg_names":[null],"arg_types":["builtins.str"],"bound_args":[],"def_extras":{},"fallback":"builtins.function","from_concatenate":false,"implicit":false,"imprecise_arg_kinds":false,"is_ellipsis_args":false,"name":null,"ret_type":"importlib.abc.PathEntryFinder","type_guard":null,"unpack_kwargs":false,"variables":[]},"type_guard":null,"unpack_kwargs":false,"variables":[]}},"is_overload":false,"var":{".class":"Var","flags":["is_initialized_in_class","is_classmethod","is_ready","is_inferred"],"fullname":"importlib.machinery.FileFinder.path_hook","name":"path_hook","type":{".class":"CallableType","arg_kinds":[0,2],"arg_names":["cls","loader_details"],"arg_types":[{".class":"TypeType","item":"importlib.machinery.FileFinder"},{".class":"TupleType","implicit":false,"items":[{".class":"TypeType","item":"importlib._abc.Loader"},{".class":"Instance","args":["builtins.str"],"type_ref":"builtins.list"}],"partial_fallback":{".class":"Instance","args":[{".class":"AnyType","missing_import_name":null,"source_any":null,"type_of_any":6}],"type_ref":"builtins.tuple"}}],"bound_args":[],"def_extras":{"first_arg":"cls"},"fallback":"builtins.function","from_concatenate":false,"implicit":false,"imprecise_arg_kinds":false,"is_ellipsis_args":false,"name":"path_hook of FileFinder","ret_type":{".class":"CallableType","arg_kinds":[0],"arg_names":[null],"arg_types":["builtins.str"],"bound_args":[],"def_extras":{},"fallback":"builtins.function","from_concatenate":false,"implicit":false,"imprecise_arg_kinds":false,"is_ellipsis_args":false,"name":null,"ret_type":"importlib.abc.PathEntryFinder","type_guard":null,"unpack_kwargs":false,"variables":[]},"type_guard":null,"unpack_kwargs":false,"variables":[]}}}}},"self_type":null,"slots":null,"tuple_type":null,"type_vars":[],"typeddict_type":null}},"FrozenImporter":{".class":"SymbolTableNode","kind":"Gdef","node":{".class":"TypeInfo","_promote":[],"abstract_attributes":[],"alt_promote":null,"bases":["importlib.abc.MetaPathFinder","importlib.abc.InspectLoader"],"dataclass_transform_spec":null,"declared_metaclass":null,"defn":{".class":"ClassDef","fullname":"importlib.machinery.FrozenImporter","name":"FrozenImporter","type_vars":[]},"deletable_attributes":[],"flags":[],"fullname":"importlib.machinery.FrozenImporter","has_param_spec_type":false,"metaclass_type":"abc.ABCMeta","metadata":{},"module_name":"importlib.machinery","mro":["importlib.machinery.FrozenImporter","importlib.abc.MetaPathFinder","importlib.abc.InspectLoader","importlib._abc.Loader","builtins.object"],"names":{".class":"SymbolTable","create_module":{".class":"SymbolTableNode","kind":"Mdef","node":{".class":"Decorator","func":{".class":"FuncDef","abstract_status":0,"arg_kinds":[0],"arg_names":["spec"],"dataclass_transform_spec":null,"flags":["is_static","is_decorated"],"fullname":"importlib.machinery.FrozenImporter.create_module","name":"create_module","type":{".class":"CallableType","arg_kinds":[0],"arg_names":["spec"],"arg_types":["importlib.machinery.ModuleSpec"],"bound_args":[],"def_extras":{"first_arg":null},"fallback":"builtins.function","from_concatenate":false,"implicit":false,"imprecise_arg_kinds":false,"is_ellipsis_args":false,"name":"create_module of FrozenImporter","ret_type":{".class":"UnionType","items":["types.ModuleType",{".class":"NoneType"}]},"type_guard":null,"unpack_kwargs":false,"variables":[]}},"is_overload":false,"var":{".class":"Var","flags":["is_initialized_in_class","is_staticmethod","is_ready","is_inferred"],"fullname":"importlib.machinery.FrozenImporter.create_module","name":"create_module","type":{".class":"CallableType","arg_kinds":[0],"arg_names":["spec"],"arg_types":["importlib.machinery.ModuleSpec"],"bound_args":[],"def_extras":{"first_arg":null},"fallback":"builtins.function","from_concatenate":false,"implicit":false,"imprecise_arg_kinds":false,"is_ellipsis_args":false,"name":"create_module of FrozenImporter","ret_type":{".class":"UnionType","items":["types.ModuleType",{".class":"NoneType"}]},"type_guard":null,"unpack_kwargs":false,"variables":[]}}}},"exec_module":{".class":"SymbolTableNode","kind":"Mdef","node":{".class":"Decorator","func":{".class":"FuncDef","abstract_status":0,"arg_kinds":[0],"arg_names":["module"],"dataclass_transform_spec":null,"flags":["is_static","is_decorated"],"fullname":"importlib.machinery.FrozenImporter.exec_module","name":"exec_module","type":{".class":"CallableType","arg_kinds":[0],"arg_names":["module"],"arg_types":["types.ModuleType"],"bound_args":[],"def_extras":{"first_arg":null},"fallback":"builtins.function","from_concatenate":false,"implicit":false,"imprecise_arg_kinds":false,"is_ellipsis_args":false,"name":"exec_module of FrozenImporter","ret_type":{".class":"NoneType"},"type_guard":null,"unpack_kwargs":false,"variables":[]}},"is_overload":false,"var":{".class":"Var","flags":["is_initialized_in_class","is_staticmethod","is_ready","is_inferred"],"fullname":"importlib.machinery.FrozenImporter.exec_module","name":"exec_module","type":{".class":"CallableType","arg_kinds":[0],"arg_names":["module"],"arg_types":["types.ModuleType"],"bound_args":[],"def_extras":{"first_arg":null},"fallback":"builtins.function","from_concatenate":false,"implicit":false,"imprecise_arg_kinds":false,"is_ellipsis_args":false,"name":"exec_module of FrozenImporter","ret_type":{".class":"NoneType"},"type_guard":null,"unpack_kwargs":false,"variables":[]}}}},"find_module":{".class":"SymbolTableNode","kind":"Mdef","node":{".class":"Decorator","func":{".class":"FuncDef","abstract_status":0,"arg_kinds":[0,0,1],"arg_names":["cls","fullname","path"],"dataclass_transform_spec":null,"flags":["is_class","is_decorated"],"fullname":"importlib.machinery.FrozenImporter.find_module","name":"find_module","type":{".class":"CallableType","arg_kinds":[0,0,1],"arg_names":["cls","fullname","path"],"arg_types":[{".class":"TypeType","item":"importlib.machinery.FrozenImporter"},"builtins.str",{".class":"UnionType","items":[{".class":"Instance","args":["builtins.str"],"type_ref":"typing.Sequence"},{".class":"NoneType"}]}],"bound_args":[],"def_extras":{"first_arg":"cls"},"fallback":"builtins.function","from_concatenate":false,"implicit":false,"imprecise_arg_kinds":false,"is_ellipsis_args":false,"name":"find_module of FrozenImporter","ret_type":{".class":"UnionType","items":["importlib._abc.Loader",{".class":"NoneType"}]},"type_guard":null,"unpack_kwargs":false,"variables":[]}},"is_overload":false,"var":{".class":"Var","flags":["is_initialized_in_class","is_classmethod","is_ready","is_inferred"],"fullname":"importlib.machinery.FrozenImporter.find_module","name":"find_module","type":{".class":"CallableType","arg_kinds":[0,0,1],"arg_names":["cls","fullname","path"],"arg_types":[{".class":"TypeType","item":"importlib.machinery.FrozenImporter"},"builtins.str",{".class":"UnionType","items":[{".class":"Instance","args":["builtins.str"],"type_ref":"typing.Sequence"},{".class":"NoneType"}]}],"bound_args":[],"def_extras":{"first_arg":"cls"},"fallback":"builtins.function","from_concatenate":false,"implicit":false,"imprecise_arg_kinds":false,"is_ellipsis_args":false,"name":"find_module of FrozenImporter","ret_type":{".class":"UnionType","items":["importlib._abc.Loader",{".class":"NoneType"}]},"type_guard":null,"unpack_kwargs":false,"variables":[]}}}},"find_spec":{".class":"SymbolTableNode","kind":"Mdef","node":{".class":"Decorator","func":{".class":"FuncDef","abstract_status":0,"arg_kinds":[0,0,1,1],"arg_names":["cls","fullname","path","target"],"dataclass_transform_spec":null,"flags":["is_class","is_decorated"],"fullname":"importlib.machinery.FrozenImporter.find_spec","name":"find_spec","type":{".class":"CallableType","arg_kinds":[0,0,1,1],"arg_names":["cls","fullname","path","target"],"arg_types":[{".class":"TypeType","item":"importlib.machinery.FrozenImporter"},"builtins.str",{".class":"UnionType","items":[{".class":"Instance","args":["builtins.str"],"type_ref":"typing.Sequence"},{".class":"NoneType"}]},{".class":"UnionType","items":["types.ModuleType",{".class":"NoneType"}]}],"bound_args":[],"def_extras":{"first_arg":"cls"},"fallback":"builtins.function","from_concatenate":false,"implicit":false,"imprecise_arg_kinds":false,"is_ellipsis_args":false,"name":"find_spec of FrozenImporter","ret_type":{".class":"UnionType","items":["importlib.machinery.ModuleSpec",{".class":"NoneType"}]},"type_guard":null,"unpack_kwargs":false,"variables":[]}},"is_overload":false,"var":{".class":"Var","flags":["is_initialized_in_class","is_classmethod","is_ready","is_inferred"],"fullname":"importlib.machinery.FrozenImporter.find_spec","name":"find_spec","type":{".class":"CallableType","arg_kinds":[0,0,1,1],"arg_names":["cls","fullname","path","target"],"arg_types":[{".class":"TypeType","item":"importlib.machinery.FrozenImporter"},"builtins.str",{".class":"UnionType","items":[{".class":"Instance","args":["builtins.str"],"type_ref":"typing.Sequence"},{".class":"NoneType"}]},{".class":"UnionType","items":["types.ModuleType",{".class":"NoneType"}]}],"bound_args":[],"def_extras":{"first_arg":"cls"},"fallback":"builtins.function","from_concatenate":false,"implicit":false,"imprecise_arg_kinds":false,"is_ellipsis_args":false,"name":"find_spec of FrozenImporter","ret_type":{".class":"UnionType","items":["importlib.machinery.ModuleSpec",{".class":"NoneType"}]},"type_guard":null,"unpack_kwargs":false,"variables":[]}}}},"get_code":{".class":"SymbolTableNode","kind":"Mdef","node":{".class":"Decorator","func":{".class":"FuncDef","abstract_status":0,"arg_kinds":[0,0],"arg_names":["cls","fullname"],"dataclass_transform_spec":null,"flags":["is_class","is_decorated"],"fullname":"importlib.machinery.FrozenImporter.get_code","name":"get_code","type":{".class":"CallableType","arg_kinds":[0,0],"arg_names":["cls","fullname"],"arg_types":[{".class":"TypeType","item":"importlib.machinery.FrozenImporter"},"builtins.str"],"bound_args":[],"def_extras":{"first_arg":"cls"},"fallback":"builtins.function","from_concatenate":false,"implicit":false,"imprecise_arg_kinds":false,"is_ellipsis_args":false,"name":"get_code of FrozenImporter","ret_type":{".class":"NoneType"},"type_guard":null,"unpack_kwargs":false,"variables":[]}},"is_overload":false,"var":{".class":"Var","flags":["is_initialized_in_class","is_classmethod","is_ready","is_inferred"],"fullname":"importlib.machinery.FrozenImporter.get_code","name":"get_code","type":{".class":"CallableType","arg_kinds":[0,0],"arg_names":["cls","fullname"],"arg_types":[{".class":"TypeType","item":"importlib.machinery.FrozenImporter"},"builtins.str"],"bound_args":[],"def_extras":{"first_arg":"cls"},"fallback":"builtins.function","from_concatenate":false,"implicit":false,"imprecise_arg_kinds":false,"is_ellipsis_args":false,"name":"get_code of FrozenImporter","ret_type":{".class":"NoneType"},"type_guard":null,"unpack_kwargs":false,"variables":[]}}}},"get_source":{".class":"SymbolTableNode","kind":"Mdef","node":{".class":"Decorator","func":{".class":"FuncDef","abstract_status":0,"arg_kinds":[0,0],"arg_names":["cls","fullname"],"dataclass_transform_spec":null,"flags":["is_class","is_decorated"],"fullname":"importlib.machinery.FrozenImporter.get_source","name":"get_source","type":{".class":"CallableType","arg_kinds":[0,0],"arg_names":["cls","fullname"],"arg_types":[{".class":"TypeType","item":"importlib.machinery.FrozenImporter"},"builtins.str"],"bound_args":[],"def_extras":{"first_arg":"cls"},"fallback":"builtins.function","from_concatenate":false,"implicit":false,"imprecise_arg_kinds":false,"is_ellipsis_args":false,"name":"get_source of FrozenImporter","ret_type":{".class":"NoneType"},"type_guard":null,"unpack_kwargs":false,"variables":[]}},"is_overload":false,"var":{".class":"Var","flags":["is_initialized_in_class","is_classmethod","is_ready","is_inferred"],"fullname":"importlib.machinery.FrozenImporter.get_source","name":"get_source","type":{".class":"CallableType","arg_kinds":[0,0],"arg_names":["cls","fullname"],"arg_types":[{".class":"TypeType","item":"importlib.machinery.FrozenImporter"},"builtins.str"],"bound_args":[],"def_extras":{"first_arg":"cls"},"fallback":"builtins.function","from_concatenate":false,"implicit":false,"imprecise_arg_kinds":false,"is_ellipsis_args":false,"name":"get_source of FrozenImporter","ret_type":{".class":"NoneType"},"type_guard":null,"unpack_kwargs":false,"variables":[]}}}},"is_package":{".class":"SymbolTableNode","kind":"Mdef","node":{".class":"Decorator","func":{".class":"FuncDef","abstract_status":0,"arg_kinds":[0,0],"arg_names":["cls","fullname"],"dataclass_transform_spec":null,"flags":["is_class","is_decorated"],"fullname":"importlib.machinery.FrozenImporter.is_package","name":"is_package","type":{".class":"CallableType","arg_kinds":[0,0],"arg_names":["cls","fullname"],"arg_types":[{".class":"TypeType","item":"importlib.machinery.FrozenImporter"},"builtins.str"],"bound_args":[],"def_extras":{"first_arg":"cls"},"fallback":"builtins.function","from_concatenate":false,"implicit":false,"imprecise_arg_kinds":false,"is_ellipsis_args":false,"name":"is_package of FrozenImporter","ret_type":"builtins.bool","type_guard":null,"unpack_kwargs":false,"variables":[]}},"is_overload":false,"var":{".class":"Var","flags":["is_initialized_in_class","is_classmethod","is_ready","is_inferred"],"fullname":"importlib.machinery.FrozenImporter.is_package","name":"is_package","type":{".class":"CallableType","arg_kinds":[0,0],"arg_names":["cls","fullname"],"arg_types":[{".class":"TypeType","item":"importlib.machinery.FrozenImporter"},"builtins.str"],"bound_args":[],"def_extras":{"first_arg":"cls"},"fallback":"builtins.function","from_concatenate":false,"implicit":false,"imprecise_arg_kinds":false,"is_ellipsis_args":false,"name":"is_package of FrozenImporter","ret_type":"builtins.bool","type_guard":null,"unpack_kwargs":false,"variables":[]}}}},"load_module":{".class":"SymbolTableNode","kind":"Mdef","node":{".class":"Decorator","func":{".class":"FuncDef","abstract_status":0,"arg_kinds":[0,0],"arg_names":["cls","fullname"],"dataclass_transform_spec":null,"flags":["is_class","is_decorated"],"fullname":"importlib.machinery.FrozenImporter.load_module","name":"load_module","type":{".class":"CallableType","arg_kinds":[0,0],"arg_names":["cls","fullname"],"arg_types":[{".class":"TypeType","item":"importlib.machinery.FrozenImporter"},"builtins.str"],"bound_args":[],"def_extras":{"first_arg":"cls"},"fallback":"builtins.function","from_concatenate":false,"implicit":false,"imprecise_arg_kinds":false,"is_ellipsis_args":false,"name":"load_module of FrozenImporter","ret_type":"types.ModuleType","type_guard":null,"unpack_kwargs":false,"variables":[]}},"is_overload":false,"var":{".class":"Var","flags":["is_initialized_in_class","is_classmethod","is_ready","is_inferred"],"fullname":"importlib.machinery.FrozenImporter.load_module","name":"load_module","type":{".class":"CallableType","arg_kinds":[0,0],"arg_names":["cls","fullname"],"arg_types":[{".class":"TypeType","item":"importlib.machinery.FrozenImporter"},"builtins.str"],"bound_args":[],"def_extras":{"first_arg":"cls"},"fallback":"builtins.function","from_concatenate":false,"implicit":false,"imprecise_arg_kinds":false,"is_ellipsis_args":false,"name":"load_module of FrozenImporter","ret_type":"types.ModuleType","type_guard":null,"unpack_kwargs":false,"variables":[]}}}},"module_repr":{".class":"SymbolTableNode","kind":"Mdef","node":{".class":"Decorator","func":{".class":"FuncDef","abstract_status":0,"arg_kinds":[0],"arg_names":["m"],"dataclass_transform_spec":null,"flags":["is_static","is_decorated"],"fullname":"importlib.machinery.FrozenImporter.module_repr","name":"module_repr","type":{".class":"CallableType","arg_kinds":[0],"arg_names":["m"],"arg_types":["types.ModuleType"],"bound_args":[],"def_extras":{"first_arg":null},"fallback":"builtins.function","from_concatenate":false,"implicit":false,"imprecise_arg_kinds":false,"is_ellipsis_args":false,"name":"module_repr of FrozenImporter","ret_type":"builtins.str","type_guard":null,"unpack_kwargs":false,"variables":[]}},"is_overload":false,"var":{".class":"Var","flags":["is_initialized_in_class","is_staticmethod","is_ready","is_inferred"],"fullname":"importlib.machinery.FrozenImporter.module_repr","name":"module_repr","type":{".class":"CallableType","arg_kinds":[0],"arg_names":["m"],"arg_types":["types.ModuleType"],"bound_args":[],"def_extras":{"first_arg":null},"fallback":"builtins.function","from_concatenate":false,"implicit":false,"imprecise_arg_kinds":false,"is_ellipsis_args":false,"name":"module_repr of FrozenImporter","ret_type":"builtins.str","type_guard":null,"unpack_kwargs":false,"variables":[]}}}}},"self_type":null,"slots":null,"tuple_type":null,"type_vars":[],"typeddict_type":null}},"Iterable":{".class":"SymbolTableNode","cross_ref":"typing.Iterable","kind":"Gdef","module_hidden":true,"module_public":false},"Literal":{".class":"SymbolTableNode","cross_ref":"typing.Literal","kind":"Gdef","module_hidden":true,"module_public":false},"ModuleSpec":{".class":"SymbolTableNode","kind":"Gdef","node":{".class":"TypeInfo","_promote":[],"abstract_attributes":[],"alt_promote":null,"bases":["builtins.object"],"dataclass_transform_spec":null,"declared_metaclass":null,"defn":{".class":"ClassDef","fullname":"importlib.machinery.ModuleSpec","name":"ModuleSpec","type_vars":[]},"deletable_attributes":[],"flags":[],"fullname":"importlib.machinery.ModuleSpec","has_param_spec_type":false,"metaclass_type":null,"metadata":{},"module_name":"importlib.machinery","mro":["importlib.machinery.ModuleSpec","builtins.object"],"names":{".class":"SymbolTable","__eq__":{".class":"SymbolTableNode","kind":"Mdef","node":{".class":"FuncDef","abstract_status":0,"arg_kinds":[0,0],"arg_names":[null,null],"dataclass_transform_spec":null,"flags":[],"fullname":"importlib.machinery.ModuleSpec.__eq__","name":"__eq__","type":{".class":"CallableType","arg_kinds":[0,0],"arg_names":[null,null],"arg_types":["importlib.machinery.ModuleSpec","builtins.object"],"bound_args":[],"def_extras":{"first_arg":"self"},"fallback":"builtins.function","from_concatenate":false,"implicit":false,"imprecise_arg_kinds":false,"is_ellipsis_args":false,"name":"__eq__ of ModuleSpec","ret_type":"builtins.bool","type_guard":null,"unpack_kwargs":false,"variables":[]}}},"__init__":{".class":"SymbolTableNode","kind":"Mdef","node":{".class":"FuncDef","abstract_status":0,"arg_kinds":[0,0,0,5,5,5],"arg_names":["self","name","loader","origin","loader_state","is_package"],"dataclass_transform_spec":null,"flags":[],"fullname":"importlib.machinery.ModuleSpec.__init__","name":"__init__","type":{".class":"CallableType","arg_kinds":[0,0,0,5,5,5],"arg_names":["self","name","loader","origin","loader_state","is_package"],"arg_types":["importlib.machinery.ModuleSpec","builtins.str",{".class":"UnionType","items":["importlib._abc.Loader",{".class":"NoneType"}]},{".class":"UnionType","items":["builtins.str",{".class":"NoneType"}]},{".class":"AnyType","missing_import_name":null,"source_any":null,"type_of_any":2},{".class":"UnionType","items":["builtins.bool",{".class":"NoneType"}]}],"bound_args":[],"def_extras":{"first_arg":"self"},"fallback":"builtins.function","from_concatenate":false,"implicit":false,"imprecise_arg_kinds":false,"is_ellipsis_args":false,"name":"__init__ of ModuleSpec","ret_type":{".class":"NoneType"},"type_guard":null,"unpack_kwargs":false,"variables":[]}}},"cached":{".class":"SymbolTableNode","kind":"Mdef","node":{".class":"Var","flags":["is_initialized_in_class","is_ready"],"fullname":"importlib.machinery.ModuleSpec.cached","name":"cached","type":{".class":"UnionType","items":["builtins.str",{".class":"NoneType"}]}}},"has_location":{".class":"SymbolTableNode","kind":"Mdef","node":{".class":"Var","flags":["is_initialized_in_class","is_ready"],"fullname":"importlib.machinery.ModuleSpec.has_location","name":"has_location","type":"builtins.bool"}},"loader":{".class":"SymbolTableNode","kind":"Mdef","node":{".class":"Var","flags":["is_initialized_in_class","is_ready"],"fullname":"importlib.machinery.ModuleSpec.loader","name":"loader","type":{".class":"UnionType","items":["importlib._abc.Loader",{".class":"NoneType"}]}}},"loader_state":{".class":"SymbolTableNode","kind":"Mdef","node":{".class":"Var","flags":["is_initialized_in_class","is_ready"],"fullname":"importlib.machinery.ModuleSpec.loader_state","name":"loader_state","type":{".class":"AnyType","missing_import_name":null,"source_any":null,"type_of_any":2}}},"name":{".class":"SymbolTableNode","kind":"Mdef","node":{".class":"Var","flags":["is_initialized_in_class","is_ready"],"fullname":"importlib.machinery.ModuleSpec.name","name":"name","type":"builtins.str"}},"origin":{".class":"SymbolTableNode","kind":"Mdef","node":{".class":"Var","flags":["is_initialized_in_class","is_ready"],"fullname":"importlib.machinery.ModuleSpec.origin","name":"origin","type":{".class":"UnionType","items":["builtins.str",{".class":"NoneType"}]}}},"parent":{".class":"SymbolTableNode","kind":"Mdef","node":{".class":"Decorator","func":{".class":"FuncDef","abstract_status":0,"arg_kinds":[0],"arg_names":["self"],"dataclass_transform_spec":null,"flags":["is_property","is_decorated"],"fullname":"importlib.machinery.ModuleSpec.parent","name":"parent","type":{".class":"CallableType","arg_kinds":[0],"arg_names":["self"],"arg_types":["importlib.machinery.ModuleSpec"],"bound_args":[],"def_extras":{"first_arg":"self"},"fallback":"builtins.function","from_concatenate":false,"implicit":false,"imprecise_arg_kinds":false,"is_ellipsis_args":false,"name":"parent of ModuleSpec","ret_type":{".class":"UnionType","items":["builtins.str",{".class":"NoneType"}]},"type_guard":null,"unpack_kwargs":false,"variables":[]}},"is_overload":false,"var":{".class":"Var","flags":["is_initialized_in_class","is_property","is_ready","is_inferred"],"fullname":"importlib.machinery.ModuleSpec.parent","name":"parent","type":{".class":"CallableType","arg_kinds":[0],"arg_names":["self"],"arg_types":["importlib.machinery.ModuleSpec"],"bound_args":[],"def_extras":{"first_arg":"self"},"fallback":"builtins.function","from_concatenate":false,"implicit":false,"imprecise_arg_kinds":false,"is_ellipsis_args":false,"name":"parent of ModuleSpec","ret_type":{".class":"UnionType","items":["builtins.str",{".class":"NoneType"}]},"type_guard":null,"unpack_kwargs":false,"variables":[]}}}},"submodule_search_locations":{".class":"SymbolTableNode","kind":"Mdef","node":{".class":"Var","flags":["is_initialized_in_class","is_ready"],"fullname":"importlib.machinery.ModuleSpec.submodule_search_locations","name":"submodule_search_locations","type":{".class":"UnionType","items":[{".class":"Instance","args":["builtins.str"],"type_ref":"builtins.list"},{".class":"NoneType"}]}}}},"self_type":null,"slots":null,"tuple_type":null,"type_vars":[],"typeddict_type":null}},"MutableSequence":{".class":"SymbolTableNode","cross_ref":"typing.MutableSequence","kind":"Gdef","module_hidden":true,"module_public":false},"NamespaceLoader":{".class":"SymbolTableNode","kind":"Gdef","node":{".class":"TypeInfo","_promote":[],"abstract_attributes":[],"alt_promote":null,"bases":["importlib.abc.InspectLoader"],"dataclass_transform_spec":null,"declared_metaclass":null,"defn":{".class":"ClassDef","fullname":"importlib.machinery.NamespaceLoader","name":"NamespaceLoader","type_vars":[]},"deletable_attributes":[],"flags":[],"fullname":"importlib.machinery.NamespaceLoader","has_param_spec_type":false,"metaclass_type":"abc.ABCMeta","metadata":{},"module_name":"importlib.machinery","mro":["importlib.machinery.NamespaceLoader","importlib.abc.InspectLoader","importlib._abc.Loader","builtins.object"],"names":{".class":"SymbolTable","__init__":{".class":"SymbolTableNode","kind":"Mdef","node":{".class":"FuncDef","abstract_status":0,"arg_kinds":[0,0,0,0],"arg_names":["self","name","path","path_finder"],"dataclass_transform_spec":null,"flags":[],"fullname":"importlib.machinery.NamespaceLoader.__init__","name":"__init__","type":{".class":"CallableType","arg_kinds":[0,0,0,0],"arg_names":["self","name","path","path_finder"],"arg_types":["importlib.machinery.NamespaceLoader","builtins.str",{".class":"Instance","args":["builtins.str"],"type_ref":"typing.MutableSequence"},{".class":"CallableType","arg_kinds":[0,0],"arg_names":[null,null],"arg_types":["builtins.str",{".class":"Instance","args":["builtins.str"],"type_ref":"builtins.tuple"}],"bound_args":[],"def_extras":{},"fallback":"builtins.function","from_concatenate":false,"implicit":false,"imprecise_arg_kinds":false,"is_ellipsis_args":false,"name":null,"ret_type":"importlib.machinery.ModuleSpec","type_guard":null,"unpack_kwargs":false,"variables":[]}],"bound_args":[],"def_extras":{"first_arg":"self"},"fallback":"builtins.function","from_concatenate":false,"implicit":false,"imprecise_arg_kinds":false,"is_ellipsis_args":false,"name":"__init__ of NamespaceLoader","ret_type":{".class":"NoneType"},"type_guard":null,"unpack_kwargs":false,"variables":[]}}},"create_module":{".class":"SymbolTableNode","kind":"Mdef","node":{".class":"FuncDef","abstract_status":0,"arg_kinds":[0,0],"arg_names":["self","spec"],"dataclass_transform_spec":null,"flags":[],"fullname":"importlib.machinery.NamespaceLoader.create_module","name":"create_module","type":{".class":"CallableType","arg_kinds":[0,0],"arg_names":["self","spec"],"arg_types":["importlib.machinery.NamespaceLoader","importlib.machinery.ModuleSpec"],"bound_args":[],"def_extras":{"first_arg":"self"},"fallback":"builtins.function","from_concatenate":false,"implicit":false,"imprecise_arg_kinds":false,"is_ellipsis_args":false,"name":"create_module of NamespaceLoader","ret_type":{".class":"NoneType"},"type_guard":null,"unpack_kwargs":false,"variables":[]}}},"exec_module":{".class":"SymbolTableNode","kind":"Mdef","node":{".class":"FuncDef","abstract_status":0,"arg_kinds":[0,0],"arg_names":["self","module"],"dataclass_transform_spec":null,"flags":[],"fullname":"importlib.machinery.NamespaceLoader.exec_module","name":"exec_module","type":{".class":"CallableType","arg_kinds":[0,0],"arg_names":["self","module"],"arg_types":["importlib.machinery.NamespaceLoader","types.ModuleType"],"bound_args":[],"def_extras":{"first_arg":"self"},"fallback":"builtins.function","from_concatenate":false,"implicit":false,"imprecise_arg_kinds":false,"is_ellipsis_args":false,"name":"exec_module of NamespaceLoader","ret_type":{".class":"NoneType"},"type_guard":null,"unpack_kwargs":false,"variables":[]}}},"get_code":{".class":"SymbolTableNode","kind":"Mdef","node":{".class":"FuncDef","abstract_status":0,"arg_kinds":[0,0],"arg_names":["self","fullname"],"dataclass_transform_spec":null,"flags":[],"fullname":"importlib.machinery.NamespaceLoader.get_code","name":"get_code","type":{".class":"CallableType","arg_kinds":[0,0],"arg_names":["self","fullname"],"arg_types":["importlib.machinery.NamespaceLoader","builtins.str"],"bound_args":[],"def_extras":{"first_arg":"self"},"fallback":"builtins.function","from_concatenate":false,"implicit":false,"imprecise_arg_kinds":false,"is_ellipsis_args":false,"name":"get_code of NamespaceLoader","ret_type":"types.CodeType","type_guard":null,"unpack_kwargs":false,"variables":[]}}},"get_resource_reader":{".class":"SymbolTableNode","kind":"Mdef","node":{".class":"FuncDef","abstract_status":0,"arg_kinds":[0,0],"arg_names":["self","module"],"dataclass_transform_spec":null,"flags":[],"fullname":"importlib.machinery.NamespaceLoader.get_resource_reader","name":"get_resource_reader","type":{".class":"CallableType","arg_kinds":[0,0],"arg_names":["self","module"],"arg_types":["importlib.machinery.NamespaceLoader","types.ModuleType"],"bound_args":[],"def_extras":{"first_arg":"self"},"fallback":"builtins.function","from_concatenate":false,"implicit":false,"imprecise_arg_kinds":false,"is_ellipsis_args":false,"name":"get_resource_reader of NamespaceLoader","ret_type":"importlib.readers.NamespaceReader","type_guard":null,"unpack_kwargs":false,"variables":[]}}},"get_source":{".class":"SymbolTableNode","kind":"Mdef","node":{".class":"FuncDef","abstract_status":0,"arg_kinds":[0,0],"arg_names":["self","fullname"],"dataclass_transform_spec":null,"flags":[],"fullname":"importlib.machinery.NamespaceLoader.get_source","name":"get_source","type":{".class":"CallableType","arg_kinds":[0,0],"arg_names":["self","fullname"],"arg_types":["importlib.machinery.NamespaceLoader","builtins.str"],"bound_args":[],"def_extras":{"first_arg":"self"},"fallback":"builtins.function","from_concatenate":false,"implicit":false,"imprecise_arg_kinds":false,"is_ellipsis_args":false,"name":"get_source of NamespaceLoader","ret_type":{".class":"LiteralType","fallback":"builtins.str","value":""},"type_guard":null,"unpack_kwargs":false,"variables":[]}}},"is_package":{".class":"SymbolTableNode","kind":"Mdef","node":{".class":"FuncDef","abstract_status":0,"arg_kinds":[0,0],"arg_names":["self","fullname"],"dataclass_transform_spec":null,"flags":[],"fullname":"importlib.machinery.NamespaceLoader.is_package","name":"is_package","type":{".class":"CallableType","arg_kinds":[0,0],"arg_names":["self","fullname"],"arg_types":["importlib.machinery.NamespaceLoader","builtins.str"],"bound_args":[],"def_extras":{"first_arg":"self"},"fallback":"builtins.function","from_concatenate":false,"implicit":false,"imprecise_arg_kinds":false,"is_ellipsis_args":false,"name":"is_package of NamespaceLoader","ret_type":{".class":"LiteralType","fallback":"builtins.bool","value":true},"type_guard":null,"unpack_kwargs":false,"variables":[]}}},"load_module":{".class":"SymbolTableNode","kind":"Mdef","node":{".class":"Decorator","func":{".class":"FuncDef","abstract_status":0,"arg_kinds":[0,0],"arg_names":["self","fullname"],"dataclass_transform_spec":null,"flags":["is_decorated"],"fullname":"importlib.machinery.NamespaceLoader.load_module","name":"load_module","type":{".class":"CallableType","arg_kinds":[0,0],"arg_names":["self","fullname"],"arg_types":["importlib.machinery.NamespaceLoader","builtins.str"],"bound_args":[],"def_extras":{"first_arg":"self"},"fallback":"builtins.function","from_concatenate":false,"implicit":false,"imprecise_arg_kinds":false,"is_ellipsis_args":false,"name":"load_module of NamespaceLoader","ret_type":"types.ModuleType","type_guard":null,"unpack_kwargs":false,"variables":[]}},"is_overload":false,"var":{".class":"Var","flags":["is_initialized_in_class","is_ready","is_inferred"],"fullname":"importlib.machinery.NamespaceLoader.load_module","name":"load_module","type":{".class":"CallableType","arg_kinds":[0,0],"arg_names":["self","fullname"],"arg_types":["importlib.machinery.NamespaceLoader","builtins.str"],"bound_args":[],"def_extras":{"first_arg":"self"},"fallback":"builtins.function","from_concatenate":false,"implicit":false,"imprecise_arg_kinds":false,"is_ellipsis_args":false,"name":"load_module of NamespaceLoader","ret_type":"types.ModuleType","type_guard":null,"unpack_kwargs":false,"variables":[]}}}},"module_repr":{".class":"SymbolTableNode","kind":"Mdef","node":{".class":"Decorator","func":{".class":"FuncDef","abstract_status":0,"arg_kinds":[0],"arg_names":["module"],"dataclass_transform_spec":null,"flags":["is_static","is_decorated"],"fullname":"importlib.machinery.NamespaceLoader.module_repr","name":"module_repr","type":{".class":"CallableType","arg_kinds":[0],"arg_names":["module"],"arg_types":["types.ModuleType"],"bound_args":[],"def_extras":{"first_arg":null},"fallback":"builtins.function","from_concatenate":false,"implicit":false,"imprecise_arg_kinds":false,"is_ellipsis_args":false,"name":"module_repr of NamespaceLoader","ret_type":"builtins.str","type_guard":null,"unpack_kwargs":false,"variables":[]}},"is_overload":false,"var":{".class":"Var","flags":["is_initialized_in_class","is_staticmethod","is_ready","is_inferred"],"fullname":"importlib.machinery.NamespaceLoader.module_repr","name":"module_repr","type":{".class":"CallableType","arg_kinds":[0],"arg_names":["module"],"arg_types":["types.ModuleType"],"bound_args":[],"def_extras":{"first_arg":null},"fallback":"builtins.function","from_concatenate":false,"implicit":false,"imprecise_arg_kinds":false,"is_ellipsis_args":false,"name":"module_repr of NamespaceLoader","ret_type":"builtins.str","type_guard":null,"unpack_kwargs":false,"variables":[]}}}}},"self_type":null,"slots":null,"tuple_type":null,"type_vars":[],"typeddict_type":null}},"OPTIMIZED_BYTECODE_SUFFIXES":{".class":"SymbolTableNode","kind":"Gdef","node":{".class":"Var","flags":["is_ready"],"fullname":"importlib.machinery.OPTIMIZED_BYTECODE_SUFFIXES","name":"OPTIMIZED_BYTECODE_SUFFIXES","type":{".class":"Instance","args":["builtins.str"],"type_ref":"builtins.list"}}},"PathDistribution":{".class":"SymbolTableNode","cross_ref":"importlib.metadata.PathDistribution","kind":"Gdef","module_hidden":true,"module_public":false},"PathFinder":{".class":"SymbolTableNode","kind":"Gdef","node":{".class":"TypeInfo","_promote":[],"abstract_attributes":[],"alt_promote":null,"bases":["builtins.object"],"dataclass_transform_spec":null,"declared_metaclass":null,"defn":{".class":"ClassDef","fullname":"importlib.machinery.PathFinder","name":"PathFinder","type_vars":[]},"deletable_attributes":[],"flags":[],"fullname":"importlib.machinery.PathFinder","has_param_spec_type":false,"metaclass_type":null,"metadata":{},"module_name":"importlib.machinery","mro":["importlib.machinery.PathFinder","builtins.object"],"names":{".class":"SymbolTable","find_distributions":{".class":"SymbolTableNode","kind":"Mdef","node":{".class":"Decorator","func":{".class":"FuncDef","abstract_status":0,"arg_kinds":[1],"arg_names":["context"],"dataclass_transform_spec":null,"flags":["is_static","is_decorated"],"fullname":"importlib.machinery.PathFinder.find_distributions","name":"find_distributions","type":{".class":"CallableType","arg_kinds":[1],"arg_names":["context"],"arg_types":["importlib.metadata.DistributionFinder.Context"],"bound_args":[],"def_extras":{"first_arg":null},"fallback":"builtins.function","from_concatenate":false,"implicit":false,"imprecise_arg_kinds":false,"is_ellipsis_args":false,"name":"find_distributions of PathFinder","ret_type":{".class":"Instance","args":["importlib.metadata.PathDistribution"],"type_ref":"typing.Iterable"},"type_guard":null,"unpack_kwargs":false,"variables":[]}},"is_overload":false,"var":{".class":"Var","flags":["is_initialized_in_class","is_staticmethod","is_ready","is_inferred"],"fullname":"importlib.machinery.PathFinder.find_distributions","name":"find_distributions","type":{".class":"CallableType","arg_kinds":[1],"arg_names":["context"],"arg_types":["importlib.metadata.DistributionFinder.Context"],"bound_args":[],"def_extras":{"first_arg":null},"fallback":"builtins.function","from_concatenate":false,"implicit":false,"imprecise_arg_kinds":false,"is_ellipsis_args":false,"name":"find_distributions of PathFinder","ret_type":{".class":"Instance","args":["importlib.metadata.PathDistribution"],"type_ref":"typing.Iterable"},"type_guard":null,"unpack_kwargs":false,"variables":[]}}}},"find_module":{".class":"SymbolTableNode","kind":"Mdef","node":{".class":"Decorator","func":{".class":"FuncDef","abstract_status":0,"arg_kinds":[0,0,1],"arg_names":["cls","fullname","path"],"dataclass_transform_spec":null,"flags":["is_class","is_decorated"],"fullname":"importlib.machinery.PathFinder.find_module","name":"find_module","type":{".class":"CallableType","arg_kinds":[0,0,1],"arg_names":["cls","fullname","path"],"arg_types":[{".class":"TypeType","item":"importlib.machinery.PathFinder"},"builtins.str",{".class":"UnionType","items":[{".class":"Instance","args":["builtins.str"],"type_ref":"typing.Sequence"},{".class":"NoneType"}]}],"bound_args":[],"def_extras":{"first_arg":"cls"},"fallback":"builtins.function","from_concatenate":false,"implicit":false,"imprecise_arg_kinds":false,"is_ellipsis_args":false,"name":"find_module of PathFinder","ret_type":{".class":"UnionType","items":["importlib._abc.Loader",{".class":"NoneType"}]},"type_guard":null,"unpack_kwargs":false,"variables":[]}},"is_overload":false,"var":{".class":"Var","flags":["is_initialized_in_class","is_classmethod","is_ready","is_inferred"],"fullname":"importlib.machinery.PathFinder.find_module","name":"find_module","type":{".class":"CallableType","arg_kinds":[0,0,1],"arg_names":["cls","fullname","path"],"arg_types":[{".class":"TypeType","item":"importlib.machinery.PathFinder"},"builtins.str",{".class":"UnionType","items":[{".class":"Instance","args":["builtins.str"],"type_ref":"typing.Sequence"},{".class":"NoneType"}]}],"bound_args":[],"def_extras":{"first_arg":"cls"},"fallback":"builtins.function","from_concatenate":false,"implicit":false,"imprecise_arg_kinds":false,"is_ellipsis_args":false,"name":"find_module of PathFinder","ret_type":{".class":"UnionType","items":["importlib._abc.Loader",{".class":"NoneType"}]},"type_guard":null,"unpack_kwargs":false,"variables":[]}}}},"find_spec":{".class":"SymbolTableNode","kind":"Mdef","node":{".class":"Decorator","func":{".class":"FuncDef","abstract_status":0,"arg_kinds":[0,0,1,1],"arg_names":["cls","fullname","path","target"],"dataclass_transform_spec":null,"flags":["is_class","is_decorated"],"fullname":"importlib.machinery.PathFinder.find_spec","name":"find_spec","type":{".class":"CallableType","arg_kinds":[0,0,1,1],"arg_names":["cls","fullname","path","target"],"arg_types":[{".class":"TypeType","item":"importlib.machinery.PathFinder"},"builtins.str",{".class":"UnionType","items":[{".class":"Instance","args":["builtins.str"],"type_ref":"typing.Sequence"},{".class":"NoneType"}]},{".class":"UnionType","items":["types.ModuleType",{".class":"NoneType"}]}],"bound_args":[],"def_extras":{"first_arg":"cls"},"fallback":"builtins.function","from_concatenate":false,"implicit":false,"imprecise_arg_kinds":false,"is_ellipsis_args":false,"name":"find_spec of PathFinder","ret_type":{".class":"UnionType","items":["importlib.machinery.ModuleSpec",{".class":"NoneType"}]},"type_guard":null,"unpack_kwargs":false,"variables":[]}},"is_overload":false,"var":{".class":"Var","flags":["is_initialized_in_class","is_classmethod","is_ready","is_inferred"],"fullname":"importlib.machinery.PathFinder.find_spec","name":"find_spec","type":{".class":"CallableType","arg_kinds":[0,0,1,1],"arg_names":["cls","fullname","path","target"],"arg_types":[{".class":"TypeType","item":"importlib.machinery.PathFinder"},"builtins.str",{".class":"UnionType","items":[{".class":"Instance","args":["builtins.str"],"type_ref":"typing.Sequence"},{".class":"NoneType"}]},{".class":"UnionType","items":["types.ModuleType",{".class":"NoneType"}]}],"bound_args":[],"def_extras":{"first_arg":"cls"},"fallback":"builtins.function","from_concatenate":false,"implicit":false,"imprecise_arg_kinds":false,"is_ellipsis_args":false,"name":"find_spec of PathFinder","ret_type":{".class":"UnionType","items":["importlib.machinery.ModuleSpec",{".class":"NoneType"}]},"type_guard":null,"unpack_kwargs":false,"variables":[]}}}},"invalidate_caches":{".class":"SymbolTableNode","kind":"Mdef","node":{".class":"Decorator","func":{".class":"FuncDef","abstract_status":0,"arg_kinds":[],"arg_names":[],"dataclass_transform_spec":null,"flags":["is_static","is_decorated"],"fullname":"importlib.machinery.PathFinder.invalidate_caches","name":"invalidate_caches","type":{".class":"CallableType","arg_kinds":[],"arg_names":[],"arg_types":[],"bound_args":[],"def_extras":{"first_arg":null},"fallback":"builtins.function","from_concatenate":false,"implicit":false,"imprecise_arg_kinds":false,"is_ellipsis_args":false,"name":"invalidate_caches of PathFinder","ret_type":{".class":"NoneType"},"type_guard":null,"unpack_kwargs":false,"variables":[]}},"is_overload":false,"var":{".class":"Var","flags":["is_initialized_in_class","is_staticmethod","is_ready","is_inferred"],"fullname":"importlib.machinery.PathFinder.invalidate_caches","name":"invalidate_caches","type":{".class":"CallableType","arg_kinds":[],"arg_names":[],"arg_types":[],"bound_args":[],"def_extras":{"first_arg":null},"fallback":"builtins.function","from_concatenate":false,"implicit":false,"imprecise_arg_kinds":false,"is_ellipsis_args":false,"name":"invalidate_caches of PathFinder","ret_type":{".class":"NoneType"},"type_guard":null,"unpack_kwargs":false,"variables":[]}}}}},"self_type":null,"slots":null,"tuple_type":null,"type_vars":[],"typeddict_type":null}},"ReadableBuffer":{".class":"SymbolTableNode","cross_ref":"_typeshed.ReadableBuffer","kind":"Gdef","module_hidden":true,"module_public":false},"SOURCE_SUFFIXES":{".class":"SymbolTableNode","kind":"Gdef","node":{".class":"Var","flags":["is_ready"],"fullname":"importlib.machinery.SOURCE_SUFFIXES","name":"SOURCE_SUFFIXES","type":{".class":"Instance","args":["builtins.str"],"type_ref":"builtins.list"}}},"Sequence":{".class":"SymbolTableNode","cross_ref":"typing.Sequence","kind":"Gdef","module_hidden":true,"module_public":false},"SourceFileLoader":{".class":"SymbolTableNode","kind":"Gdef","node":{".class":"TypeInfo","_promote":[],"abstract_attributes":[],"alt_promote":null,"bases":["importlib.abc.FileLoader","importlib.abc.SourceLoader"],"dataclass_transform_spec":null,"declared_metaclass":null,"defn":{".class":"ClassDef","fullname":"importlib.machinery.SourceFileLoader","name":"SourceFileLoader","type_vars":[]},"deletable_attributes":[],"flags":[],"fullname":"importlib.machinery.SourceFileLoader","has_param_spec_type":false,"metaclass_type":"abc.ABCMeta","metadata":{},"module_name":"importlib.machinery","mro":["importlib.machinery.SourceFileLoader","importlib.abc.FileLoader","importlib.abc.SourceLoader","importlib.abc.ResourceLoader","importlib.abc.ExecutionLoader","importlib.abc.InspectLoader","importlib._abc.Loader","builtins.object"],"names":{".class":"SymbolTable","set_data":{".class":"SymbolTableNode","kind":"Mdef","node":{".class":"FuncDef","abstract_status":0,"arg_kinds":[0,0,0,5],"arg_names":["self","path","data","_mode"],"dataclass_transform_spec":null,"flags":[],"fullname":"importlib.machinery.SourceFileLoader.set_data","name":"set_data","type":{".class":"CallableType","arg_kinds":[0,0,0,5],"arg_names":["self","path","data","_mode"],"arg_types":["importlib.machinery.SourceFileLoader","builtins.str","typing_extensions.Buffer","builtins.int"],"bound_args":[],"def_extras":{"first_arg":"self"},"fallback":"builtins.function","from_concatenate":false,"implicit":false,"imprecise_arg_kinds":false,"is_ellipsis_args":false,"name":"set_data of SourceFileLoader","ret_type":{".class":"NoneType"},"type_guard":null,"unpack_kwargs":false,"variables":[]}}}},"self_type":null,"slots":null,"tuple_type":null,"type_vars":[],"typeddict_type":null}},"SourcelessFileLoader":{".class":"SymbolTableNode","kind":"Gdef","node":{".class":"TypeInfo","_promote":[],"abstract_attributes":[],"alt_promote":null,"bases":["importlib.abc.FileLoader","importlib.abc.SourceLoader"],"dataclass_transform_spec":null,"declared_metaclass":null,"defn":{".class":"ClassDef","fullname":"importlib.machinery.SourcelessFileLoader","name":"SourcelessFileLoader","type_vars":[]},"deletable_attributes":[],"flags":[],"fullname":"importlib.machinery.SourcelessFileLoader","has_param_spec_type":false,"metaclass_type":"abc.ABCMeta","metadata":{},"module_name":"importlib.machinery","mro":["importlib.machinery.SourcelessFileLoader","importlib.abc.FileLoader","importlib.abc.SourceLoader","importlib.abc.ResourceLoader","importlib.abc.ExecutionLoader","importlib.abc.InspectLoader","importlib._abc.Loader","builtins.object"],"names":{".class":"SymbolTable"},"self_type":null,"slots":null,"tuple_type":null,"type_vars":[],"typeddict_type":null}},"WindowsRegistryFinder":{".class":"SymbolTableNode","kind":"Gdef","node":{".class":"TypeInfo","_promote":[],"abstract_attributes":[],"alt_promote":null,"bases":["importlib.abc.MetaPathFinder"],"dataclass_transform_spec":null,"declared_metaclass":null,"defn":{".class":"ClassDef","fullname":"importlib.machinery.WindowsRegistryFinder","name":"WindowsRegistryFinder","type_vars":[]},"deletable_attributes":[],"flags":[],"fullname":"importlib.machinery.WindowsRegistryFinder","has_param_spec_type":false,"metaclass_type":"abc.ABCMeta","metadata":{},"module_name":"importlib.machinery","mro":["importlib.machinery.WindowsRegistryFinder","importlib.abc.MetaPathFinder","builtins.object"],"names":{".class":"SymbolTable","find_module":{".class":"SymbolTableNode","kind":"Mdef","node":{".class":"Decorator","func":{".class":"FuncDef","abstract_status":0,"arg_kinds":[0,0,1],"arg_names":["cls","fullname","path"],"dataclass_transform_spec":null,"flags":["is_class","is_decorated"],"fullname":"importlib.machinery.WindowsRegistryFinder.find_module","name":"find_module","type":{".class":"CallableType","arg_kinds":[0,0,1],"arg_names":["cls","fullname","path"],"arg_types":[{".class":"TypeType","item":"importlib.machinery.WindowsRegistryFinder"},"builtins.str",{".class":"UnionType","items":[{".class":"Instance","args":["builtins.str"],"type_ref":"typing.Sequence"},{".class":"NoneType"}]}],"bound_args":[],"def_extras":{"first_arg":"cls"},"fallback":"builtins.function","from_concatenate":false,"implicit":false,"imprecise_arg_kinds":false,"is_ellipsis_args":false,"name":"find_module of WindowsRegistryFinder","ret_type":{".class":"UnionType","items":["importlib._abc.Loader",{".class":"NoneType"}]},"type_guard":null,"unpack_kwargs":false,"variables":[]}},"is_overload":false,"var":{".class":"Var","flags":["is_initialized_in_class","is_classmethod","is_ready","is_inferred"],"fullname":"importlib.machinery.WindowsRegistryFinder.find_module","name":"find_module","type":{".class":"CallableType","arg_kinds":[0,0,1],"arg_names":["cls","fullname","path"],"arg_types":[{".class":"TypeType","item":"importlib.machinery.WindowsRegistryFinder"},"builtins.str",{".class":"UnionType","items":[{".class":"Instance","args":["builtins.str"],"type_ref":"typing.Sequence"},{".class":"NoneType"}]}],"bound_args":[],"def_extras":{"first_arg":"cls"},"fallback":"builtins.function","from_concatenate":false,"implicit":false,"imprecise_arg_kinds":false,"is_ellipsis_args":false,"name":"find_module of WindowsRegistryFinder","ret_type":{".class":"UnionType","items":["importlib._abc.Loader",{".class":"NoneType"}]},"type_guard":null,"unpack_kwargs":false,"variables":[]}}}},"find_spec":{".class":"SymbolTableNode","kind":"Mdef","node":{".class":"Decorator","func":{".class":"FuncDef","abstract_status":0,"arg_kinds":[0,0,1,1],"arg_names":["cls","fullname","path","target"],"dataclass_transform_spec":null,"flags":["is_class","is_decorated"],"fullname":"importlib.machinery.WindowsRegistryFinder.find_spec","name":"find_spec","type":{".class":"CallableType","arg_kinds":[0,0,1,1],"arg_names":["cls","fullname","path","target"],"arg_types":[{".class":"TypeType","item":"importlib.machinery.WindowsRegistryFinder"},"builtins.str",{".class":"UnionType","items":[{".class":"Instance","args":["builtins.str"],"type_ref":"typing.Sequence"},{".class":"NoneType"}]},{".class":"UnionType","items":["types.ModuleType",{".class":"NoneType"}]}],"bound_args":[],"def_extras":{"first_arg":"cls"},"fallback":"builtins.function","from_concatenate":false,"implicit":false,"imprecise_arg_kinds":false,"is_ellipsis_args":false,"name":"find_spec of WindowsRegistryFinder","ret_type":{".class":"UnionType","items":["importlib.machinery.ModuleSpec",{".class":"NoneType"}]},"type_guard":null,"unpack_kwargs":false,"variables":[]}},"is_overload":false,"var":{".class":"Var","flags":["is_initialized_in_class","is_classmethod","is_ready","is_inferred"],"fullname":"importlib.machinery.WindowsRegistryFinder.find_spec","name":"find_spec","type":{".class":"CallableType","arg_kinds":[0,0,1,1],"arg_names":["cls","fullname","path","target"],"arg_types":[{".class":"TypeType","item":"importlib.machinery.WindowsRegistryFinder"},"builtins.str",{".class":"UnionType","items":[{".class":"Instance","args":["builtins.str"],"type_ref":"typing.Sequence"},{".class":"NoneType"}]},{".class":"UnionType","items":["types.ModuleType",{".class":"NoneType"}]}],"bound_args":[],"def_extras":{"first_arg":"cls"},"fallback":"builtins.function","from_concatenate":false,"implicit":false,"imprecise_arg_kinds":false,"is_ellipsis_args":false,"name":"find_spec of WindowsRegistryFinder","ret_type":{".class":"UnionType","items":["importlib.machinery.ModuleSpec",{".class":"NoneType"}]},"type_guard":null,"unpack_kwargs":false,"variables":[]}}}}},"self_type":null,"slots":null,"tuple_type":null,"type_vars":[],"typeddict_type":null}},"__annotations__":{".class":"SymbolTableNode","kind":"Gdef","node":{".class":"Var","flags":["is_ready"],"fullname":"importlib.machinery.__annotations__","name":"__annotations__","type":{".class":"Instance","args":["builtins.str",{".class":"AnyType","missing_import_name":null,"source_any":null,"type_of_any":6}],"type_ref":"builtins.dict"}}},"__doc__":{".class":"SymbolTableNode","kind":"Gdef","node":{".class":"Var","flags":["is_ready"],"fullname":"importlib.machinery.__doc__","name":"__doc__","type":"builtins.str"}},"__file__":{".class":"SymbolTableNode","kind":"Gdef","node":{".class":"Var","flags":["is_ready"],"fullname":"importlib.machinery.__file__","name":"__file__","type":"builtins.str"}},"__name__":{".class":"SymbolTableNode","kind":"Gdef","node":{".class":"Var","flags":["is_ready"],"fullname":"importlib.machinery.__name__","name":"__name__","type":"builtins.str"}},"__package__":{".class":"SymbolTableNode","kind":"Gdef","node":{".class":"Var","flags":["is_ready"],"fullname":"importlib.machinery.__package__","name":"__package__","type":"builtins.str"}},"all_suffixes":{".class":"SymbolTableNode","kind":"Gdef","node":{".class":"FuncDef","abstract_status":0,"arg_kinds":[],"arg_names":[],"dataclass_transform_spec":null,"flags":[],"fullname":"importlib.machinery.all_suffixes","name":"all_suffixes","type":{".class":"CallableType","arg_kinds":[],"arg_names":[],"arg_types":[],"bound_args":[],"def_extras":{"first_arg":null},"fallback":"builtins.function","from_concatenate":false,"implicit":false,"imprecise_arg_kinds":false,"is_ellipsis_args":false,"name":"all_suffixes","ret_type":{".class":"Instance","args":["builtins.str"],"type_ref":"builtins.list"},"type_guard":null,"unpack_kwargs":false,"variables":[]}}},"deprecated":{".class":"SymbolTableNode","cross_ref":"typing_extensions.deprecated","kind":"Gdef","module_hidden":true,"module_public":false},"importlib":{".class":"SymbolTableNode","cross_ref":"importlib","kind":"Gdef","module_hidden":true,"module_public":false},"sys":{".class":"SymbolTableNode","cross_ref":"sys","kind":"Gdef","module_hidden":true,"module_public":false},"types":{".class":"SymbolTableNode","cross_ref":"types","kind":"Gdef","module_hidden":true,"module_public":false}},"path":"/data/data/com.termux/files/usr/lib/python3.11/site-packages/mypy/typeshed/stdlib/importlib/machinery.pyi"}