{"data_mtime":1711195302,"dep_lines":[15,9,15,5,6,7,8,10,11,12,15,1,1,1,1,1],"dep_prios":[10,5,20,10,10,10,5,5,5,5,20,5,30,30,30,30],"dependencies":["importlib.resources.abc","collections.abc","importlib.resources","pathlib","sys","zipfile","_typeshed","io","typing","typing_extensions","importlib","builtins","abc","importlib.abc","os","types"],"hash":"fe8a5f9e5b24778d65bf0d9ff686b81a463db2c1b13e190a844780cc3bcc1743","id":"importlib.readers","ignore_all":true,"interface_hash":"385c64dc819ee80c3aec6a47a8584b0e53e2f5924d02c9a3cfa70982e58943ee","mtime":1711193034,"options":{"allow_redefinition":false,"allow_untyped_globals":false,"always_false":[],"always_true":[],"bazel":false,"check_untyped_defs":true,"disable_bytearray_promotion":false,"disable_error_code":[],"disable_memoryview_promotion":false,"disabled_error_codes":[],"disallow_any_decorated":false,"disallow_any_explicit":false,"disallow_any_expr":false,"disallow_any_generics":true,"disallow_any_unimported":false,"disallow_incomplete_defs":true,"disallow_subclassing_any":true,"disallow_untyped_calls":true,"disallow_untyped_decorators":true,"disallow_untyped_defs":true,"enable_error_code":[],"enabled_error_codes":[],"extra_checks":true,"follow_imports":"normal","follow_imports_for_stubs":false,"ignore_errors":false,"ignore_missing_imports":false,"implicit_optional":false,"implicit_reexport":false,"local_partial_types":false,"mypyc":false,"old_type_inference":false,"platform":"linux","plugins":[],"strict_concatenate":false,"strict_equality":true,"strict_optional":true,"warn_no_return":true,"warn_return_any":true,"warn_unreachable":false,"warn_unused_ignores":true},"path":"/data/data/com.termux/files/usr/lib/python3.11/site-packages/mypy/typeshed/stdlib/importlib/readers.pyi","plugin_data":null,"size":2584,"suppressed":[],"version_id":"1.9.0"}