{".class":"MypyFile","_fullname":"importlib.readers","future_import_flags":[],"is_partial_stub_package":false,"is_stub":true,"names":{".class":"SymbolTable","BufferedReader":{".class":"SymbolTableNode","cross_ref":"io.BufferedReader","kind":"Gdef","module_hidden":true,"module_public":false},"FileReader":{".class":"SymbolTableNode","kind":"Gdef","node":{".class":"TypeInfo","_promote":[],"abstract_attributes":[],"alt_promote":null,"bases":["importlib.abc.TraversableResources"],"dataclass_transform_spec":null,"declared_metaclass":null,"defn":{".class":"ClassDef","fullname":"importlib.readers.FileReader","name":"FileReader","type_vars":[]},"deletable_attributes":[],"flags":[],"fullname":"importlib.readers.FileReader","has_param_spec_type":false,"metaclass_type":"abc.ABCMeta","metadata":{},"module_name":"importlib.readers","mro":["importlib.readers.FileReader","importlib.abc.TraversableResources","importlib.abc.ResourceReader","builtins.object"],"names":{".class":"SymbolTable","__init__":{".class":"SymbolTableNode","kind":"Mdef","node":{".class":"FuncDef","abstract_status":0,"arg_kinds":[0,0],"arg_names":["self","loader"],"dataclass_transform_spec":null,"flags":[],"fullname":"importlib.readers.FileReader.__init__","name":"__init__","type":{".class":"CallableType","arg_kinds":[0,0],"arg_names":["self","loader"],"arg_types":["importlib.readers.FileReader",{".class":"AnyType","missing_import_name":null,"source_any":null,"type_of_any":1}],"bound_args":[],"def_extras":{"first_arg":"self"},"fallback":"builtins.function","from_concatenate":false,"implicit":false,"imprecise_arg_kinds":false,"is_ellipsis_args":false,"name":"__init__ of FileReader","ret_type":{".class":"NoneType"},"type_guard":null,"unpack_kwargs":false,"variables":[]}}},"files":{".class":"SymbolTableNode","kind":"Mdef","node":{".class":"FuncDef","abstract_status":0,"arg_kinds":[0],"arg_names":["self"],"dataclass_transform_spec":null,"flags":[],"fullname":"importlib.readers.FileReader.files","name":"files","type":{".class":"CallableType","arg_kinds":[0],"arg_names":["self"],"arg_types":["importlib.readers.FileReader"],"bound_args":[],"def_extras":{"first_arg":"self"},"fallback":"builtins.function","from_concatenate":false,"implicit":false,"imprecise_arg_kinds":false,"is_ellipsis_args":false,"name":"files of FileReader","ret_type":"pathlib.Path","type_guard":null,"unpack_kwargs":false,"variables":[]}}},"path":{".class":"SymbolTableNode","kind":"Mdef","node":{".class":"Var","flags":["is_initialized_in_class","is_ready"],"fullname":"importlib.readers.FileReader.path","name":"path","type":"pathlib.Path"}},"resource_path":{".class":"SymbolTableNode","kind":"Mdef","node":{".class":"FuncDef","abstract_status":0,"arg_kinds":[0,0],"arg_names":["self","resource"],"dataclass_transform_spec":null,"flags":[],"fullname":"importlib.readers.FileReader.resource_path","name":"resource_path","type":{".class":"CallableType","arg_kinds":[0,0],"arg_names":["self","resource"],"arg_types":["importlib.readers.FileReader",{".class":"TypeAliasType","args":[],"type_ref":"_typeshed.StrPath"}],"bound_args":[],"def_extras":{"first_arg":"self"},"fallback":"builtins.function","from_concatenate":false,"implicit":false,"imprecise_arg_kinds":false,"is_ellipsis_args":false,"name":"resource_path of FileReader","ret_type":"builtins.str","type_guard":null,"unpack_kwargs":false,"variables":[]}}}},"self_type":null,"slots":null,"tuple_type":null,"type_vars":[],"typeddict_type":null}},"Incomplete":{".class":"SymbolTableNode","cross_ref":"_typeshed.Incomplete","kind":"Gdef","module_hidden":true,"module_public":false},"Iterable":{".class":"SymbolTableNode","cross_ref":"typing.Iterable","kind":"Gdef","module_hidden":true,"module_public":false},"Iterator":{".class":"SymbolTableNode","cross_ref":"typing.Iterator","kind":"Gdef","module_hidden":true,"module_public":false},"Literal":{".class":"SymbolTableNode","cross_ref":"typing.Literal","kind":"Gdef","module_hidden":true,"module_public":false},"MultiplexedPath":{".class":"SymbolTableNode","kind":"Gdef","node":{".class":"TypeInfo","_promote":[],"abstract_attributes":[],"alt_promote":null,"bases":["importlib.abc.Traversable"],"dataclass_transform_spec":null,"declared_metaclass":null,"defn":{".class":"ClassDef","fullname":"importlib.readers.MultiplexedPath","name":"MultiplexedPath","type_vars":[]},"deletable_attributes":[],"flags":[],"fullname":"importlib.readers.MultiplexedPath","has_param_spec_type":false,"metaclass_type":"abc.ABCMeta","metadata":{},"module_name":"importlib.readers","mro":["importlib.readers.MultiplexedPath","importlib.abc.Traversable","builtins.object"],"names":{".class":"SymbolTable","__init__":{".class":"SymbolTableNode","kind":"Mdef","node":{".class":"FuncDef","abstract_status":0,"arg_kinds":[0,2],"arg_names":["self","paths"],"dataclass_transform_spec":null,"flags":[],"fullname":"importlib.readers.MultiplexedPath.__init__","name":"__init__","type":{".class":"CallableType","arg_kinds":[0,2],"arg_names":["self","paths"],"arg_types":["importlib.readers.MultiplexedPath","importlib.abc.Traversable"],"bound_args":[],"def_extras":{"first_arg":"self"},"fallback":"builtins.function","from_concatenate":false,"implicit":false,"imprecise_arg_kinds":false,"is_ellipsis_args":false,"name":"__init__ of MultiplexedPath","ret_type":{".class":"NoneType"},"type_guard":null,"unpack_kwargs":false,"variables":[]}}},"__truediv__":{".class":"SymbolTableNode","kind":"Mdef","node":{".class":"Var","flags":["is_initialized_in_class","is_inferred","has_explicit_value"],"fullname":"importlib.readers.MultiplexedPath.__truediv__","name":"__truediv__","type":{".class":"CallableType","arg_kinds":[0,0],"arg_names":["self","child"],"arg_types":["importlib.readers.MultiplexedPath","builtins.str"],"bound_args":[],"def_extras":{"first_arg":"self"},"fallback":"builtins.function","from_concatenate":false,"implicit":false,"imprecise_arg_kinds":false,"is_ellipsis_args":false,"name":null,"ret_type":"importlib.abc.Traversable","type_guard":null,"unpack_kwargs":false,"variables":[]}}},"is_dir":{".class":"SymbolTableNode","kind":"Mdef","node":{".class":"FuncDef","abstract_status":0,"arg_kinds":[0],"arg_names":["self"],"dataclass_transform_spec":null,"flags":[],"fullname":"importlib.readers.MultiplexedPath.is_dir","name":"is_dir","type":{".class":"CallableType","arg_kinds":[0],"arg_names":["self"],"arg_types":["importlib.readers.MultiplexedPath"],"bound_args":[],"def_extras":{"first_arg":"self"},"fallback":"builtins.function","from_concatenate":false,"implicit":false,"imprecise_arg_kinds":false,"is_ellipsis_args":false,"name":"is_dir of MultiplexedPath","ret_type":{".class":"LiteralType","fallback":"builtins.bool","value":true},"type_guard":null,"unpack_kwargs":false,"variables":[]}}},"is_file":{".class":"SymbolTableNode","kind":"Mdef","node":{".class":"FuncDef","abstract_status":0,"arg_kinds":[0],"arg_names":["self"],"dataclass_transform_spec":null,"flags":[],"fullname":"importlib.readers.MultiplexedPath.is_file","name":"is_file","type":{".class":"CallableType","arg_kinds":[0],"arg_names":["self"],"arg_types":["importlib.readers.MultiplexedPath"],"bound_args":[],"def_extras":{"first_arg":"self"},"fallback":"builtins.function","from_concatenate":false,"implicit":false,"imprecise_arg_kinds":false,"is_ellipsis_args":false,"name":"is_file of MultiplexedPath","ret_type":{".class":"LiteralType","fallback":"builtins.bool","value":false},"type_guard":null,"unpack_kwargs":false,"variables":[]}}},"iterdir":{".class":"SymbolTableNode","kind":"Mdef","node":{".class":"FuncDef","abstract_status":0,"arg_kinds":[0],"arg_names":["self"],"dataclass_transform_spec":null,"flags":[],"fullname":"importlib.readers.MultiplexedPath.iterdir","name":"iterdir","type":{".class":"CallableType","arg_kinds":[0],"arg_names":["self"],"arg_types":["importlib.readers.MultiplexedPath"],"bound_args":[],"def_extras":{"first_arg":"self"},"fallback":"builtins.function","from_concatenate":false,"implicit":false,"imprecise_arg_kinds":false,"is_ellipsis_args":false,"name":"iterdir of MultiplexedPath","ret_type":{".class":"Instance","args":["importlib.abc.Traversable"],"type_ref":"typing.Iterator"},"type_guard":null,"unpack_kwargs":false,"variables":[]}}},"joinpath":{".class":"SymbolTableNode","kind":"Mdef","node":{".class":"FuncDef","abstract_status":0,"arg_kinds":[0,0],"arg_names":["self","child"],"dataclass_transform_spec":null,"flags":[],"fullname":"importlib.readers.MultiplexedPath.joinpath","name":"joinpath","type":{".class":"CallableType","arg_kinds":[0,0],"arg_names":["self","child"],"arg_types":["importlib.readers.MultiplexedPath","builtins.str"],"bound_args":[],"def_extras":{"first_arg":"self"},"fallback":"builtins.function","from_concatenate":false,"implicit":false,"imprecise_arg_kinds":false,"is_ellipsis_args":false,"name":"joinpath of MultiplexedPath","ret_type":"importlib.abc.Traversable","type_guard":null,"unpack_kwargs":false,"variables":[]}}},"name":{".class":"SymbolTableNode","kind":"Mdef","node":{".class":"Decorator","func":{".class":"FuncDef","abstract_status":0,"arg_kinds":[0],"arg_names":["self"],"dataclass_transform_spec":null,"flags":["is_property","is_decorated"],"fullname":"importlib.readers.MultiplexedPath.name","name":"name","type":{".class":"CallableType","arg_kinds":[0],"arg_names":["self"],"arg_types":["importlib.readers.MultiplexedPath"],"bound_args":[],"def_extras":{"first_arg":"self"},"fallback":"builtins.function","from_concatenate":false,"implicit":false,"imprecise_arg_kinds":false,"is_ellipsis_args":false,"name":"name of MultiplexedPath","ret_type":"builtins.str","type_guard":null,"unpack_kwargs":false,"variables":[]}},"is_overload":false,"var":{".class":"Var","flags":["is_initialized_in_class","is_property","is_ready","is_inferred"],"fullname":"importlib.readers.MultiplexedPath.name","name":"name","type":{".class":"CallableType","arg_kinds":[0],"arg_names":["self"],"arg_types":["importlib.readers.MultiplexedPath"],"bound_args":[],"def_extras":{"first_arg":"self"},"fallback":"builtins.function","from_concatenate":false,"implicit":false,"imprecise_arg_kinds":false,"is_ellipsis_args":false,"name":"name of MultiplexedPath","ret_type":"builtins.str","type_guard":null,"unpack_kwargs":false,"variables":[]}}}},"open":{".class":"SymbolTableNode","kind":"Mdef","node":{".class":"FuncDef","abstract_status":0,"arg_kinds":[0,2,4],"arg_names":["self","args","kwargs"],"dataclass_transform_spec":null,"flags":[],"fullname":"importlib.readers.MultiplexedPath.open","name":"open","type":{".class":"CallableType","arg_kinds":[0,2,4],"arg_names":["self","args","kwargs"],"arg_types":["importlib.readers.MultiplexedPath",{".class":"UninhabitedType","is_noreturn":true},{".class":"UninhabitedType","is_noreturn":true}],"bound_args":[],"def_extras":{"first_arg":"self"},"fallback":"builtins.function","from_concatenate":false,"implicit":false,"imprecise_arg_kinds":false,"is_ellipsis_args":false,"name":"open of MultiplexedPath","ret_type":{".class":"UninhabitedType","is_noreturn":true},"type_guard":null,"unpack_kwargs":false,"variables":[]}}},"read_bytes":{".class":"SymbolTableNode","kind":"Mdef","node":{".class":"FuncDef","abstract_status":0,"arg_kinds":[0],"arg_names":["self"],"dataclass_transform_spec":null,"flags":[],"fullname":"importlib.readers.MultiplexedPath.read_bytes","name":"read_bytes","type":{".class":"CallableType","arg_kinds":[0],"arg_names":["self"],"arg_types":["importlib.readers.MultiplexedPath"],"bound_args":[],"def_extras":{"first_arg":"self"},"fallback":"builtins.function","from_concatenate":false,"implicit":false,"imprecise_arg_kinds":false,"is_ellipsis_args":false,"name":"read_bytes of MultiplexedPath","ret_type":{".class":"UninhabitedType","is_noreturn":true},"type_guard":null,"unpack_kwargs":false,"variables":[]}}},"read_text":{".class":"SymbolTableNode","kind":"Mdef","node":{".class":"FuncDef","abstract_status":0,"arg_kinds":[0,2,4],"arg_names":["self","args","kwargs"],"dataclass_transform_spec":null,"flags":[],"fullname":"importlib.readers.MultiplexedPath.read_text","name":"read_text","type":{".class":"CallableType","arg_kinds":[0,2,4],"arg_names":["self","args","kwargs"],"arg_types":["importlib.readers.MultiplexedPath",{".class":"UninhabitedType","is_noreturn":true},{".class":"UninhabitedType","is_noreturn":true}],"bound_args":[],"def_extras":{"first_arg":"self"},"fallback":"builtins.function","from_concatenate":false,"implicit":false,"imprecise_arg_kinds":false,"is_ellipsis_args":false,"name":"read_text of MultiplexedPath","ret_type":{".class":"UninhabitedType","is_noreturn":true},"type_guard":null,"unpack_kwargs":false,"variables":[]}}}},"self_type":null,"slots":null,"tuple_type":null,"type_vars":[],"typeddict_type":null}},"NamespaceReader":{".class":"SymbolTableNode","kind":"Gdef","node":{".class":"TypeInfo","_promote":[],"abstract_attributes":[],"alt_promote":null,"bases":["importlib.abc.TraversableResources"],"dataclass_transform_spec":null,"declared_metaclass":null,"defn":{".class":"ClassDef","fullname":"importlib.readers.NamespaceReader","name":"NamespaceReader","type_vars":[]},"deletable_attributes":[],"flags":[],"fullname":"importlib.readers.NamespaceReader","has_param_spec_type":false,"metaclass_type":"abc.ABCMeta","metadata":{},"module_name":"importlib.readers","mro":["importlib.readers.NamespaceReader","importlib.abc.TraversableResources","importlib.abc.ResourceReader","builtins.object"],"names":{".class":"SymbolTable","__init__":{".class":"SymbolTableNode","kind":"Mdef","node":{".class":"FuncDef","abstract_status":0,"arg_kinds":[0,0],"arg_names":["self","namespace_path"],"dataclass_transform_spec":null,"flags":[],"fullname":"importlib.readers.NamespaceReader.__init__","name":"__init__","type":{".class":"CallableType","arg_kinds":[0,0],"arg_names":["self","namespace_path"],"arg_types":["importlib.readers.NamespaceReader",{".class":"AnyType","missing_import_name":null,"source_any":null,"type_of_any":1}],"bound_args":[],"def_extras":{"first_arg":"self"},"fallback":"builtins.function","from_concatenate":false,"implicit":false,"imprecise_arg_kinds":false,"is_ellipsis_args":false,"name":"__init__ of NamespaceReader","ret_type":{".class":"NoneType"},"type_guard":null,"unpack_kwargs":false,"variables":[]}}},"files":{".class":"SymbolTableNode","kind":"Mdef","node":{".class":"FuncDef","abstract_status":0,"arg_kinds":[0],"arg_names":["self"],"dataclass_transform_spec":null,"flags":[],"fullname":"importlib.readers.NamespaceReader.files","name":"files","type":{".class":"CallableType","arg_kinds":[0],"arg_names":["self"],"arg_types":["importlib.readers.NamespaceReader"],"bound_args":[],"def_extras":{"first_arg":"self"},"fallback":"builtins.function","from_concatenate":false,"implicit":false,"imprecise_arg_kinds":false,"is_ellipsis_args":false,"name":"files of NamespaceReader","ret_type":"importlib.readers.MultiplexedPath","type_guard":null,"unpack_kwargs":false,"variables":[]}}},"path":{".class":"SymbolTableNode","kind":"Mdef","node":{".class":"Var","flags":["is_initialized_in_class","is_ready"],"fullname":"importlib.readers.NamespaceReader.path","name":"path","type":"importlib.readers.MultiplexedPath"}},"resource_path":{".class":"SymbolTableNode","kind":"Mdef","node":{".class":"FuncDef","abstract_status":0,"arg_kinds":[0,0],"arg_names":["self","resource"],"dataclass_transform_spec":null,"flags":[],"fullname":"importlib.readers.NamespaceReader.resource_path","name":"resource_path","type":{".class":"CallableType","arg_kinds":[0,0],"arg_names":["self","resource"],"arg_types":["importlib.readers.NamespaceReader","builtins.str"],"bound_args":[],"def_extras":{"first_arg":"self"},"fallback":"builtins.function","from_concatenate":false,"implicit":false,"imprecise_arg_kinds":false,"is_ellipsis_args":false,"name":"resource_path of NamespaceReader","ret_type":"builtins.str","type_guard":null,"unpack_kwargs":false,"variables":[]}}}},"self_type":null,"slots":null,"tuple_type":null,"type_vars":[],"typeddict_type":null}},"Never":{".class":"SymbolTableNode","cross_ref":"typing.Never","kind":"Gdef","module_hidden":true,"module_public":false},"NoReturn":{".class":"SymbolTableNode","cross_ref":"typing.NoReturn","kind":"Gdef","module_hidden":true,"module_public":false},"StrPath":{".class":"SymbolTableNode","cross_ref":"_typeshed.StrPath","kind":"Gdef","module_hidden":true,"module_public":false},"TypeVar":{".class":"SymbolTableNode","cross_ref":"typing.TypeVar","kind":"Gdef","module_hidden":true,"module_public":false},"ZipReader":{".class":"SymbolTableNode","kind":"Gdef","node":{".class":"TypeInfo","_promote":[],"abstract_attributes":[],"alt_promote":null,"bases":["importlib.abc.TraversableResources"],"dataclass_transform_spec":null,"declared_metaclass":null,"defn":{".class":"ClassDef","fullname":"importlib.readers.ZipReader","name":"ZipReader","type_vars":[]},"deletable_attributes":[],"flags":[],"fullname":"importlib.readers.ZipReader","has_param_spec_type":false,"metaclass_type":"abc.ABCMeta","metadata":{},"module_name":"importlib.readers","mro":["importlib.readers.ZipReader","importlib.abc.TraversableResources","importlib.abc.ResourceReader","builtins.object"],"names":{".class":"SymbolTable","__init__":{".class":"SymbolTableNode","kind":"Mdef","node":{".class":"FuncDef","abstract_status":0,"arg_kinds":[0,0,0],"arg_names":["self","loader","module"],"dataclass_transform_spec":null,"flags":[],"fullname":"importlib.readers.ZipReader.__init__","name":"__init__","type":{".class":"CallableType","arg_kinds":[0,0,0],"arg_names":["self","loader","module"],"arg_types":["importlib.readers.ZipReader",{".class":"AnyType","missing_import_name":null,"source_any":null,"type_of_any":1},"builtins.str"],"bound_args":[],"def_extras":{"first_arg":"self"},"fallback":"builtins.function","from_concatenate":false,"implicit":false,"imprecise_arg_kinds":false,"is_ellipsis_args":false,"name":"__init__ of ZipReader","ret_type":{".class":"NoneType"},"type_guard":null,"unpack_kwargs":false,"variables":[]}}},"archive":{".class":"SymbolTableNode","kind":"Mdef","node":{".class":"Var","flags":["is_initialized_in_class","is_ready"],"fullname":"importlib.readers.ZipReader.archive","name":"archive","type":{".class":"TypeAliasType","args":[],"type_ref":"_typeshed.Incomplete"}}},"files":{".class":"SymbolTableNode","kind":"Mdef","node":{".class":"FuncDef","abstract_status":0,"arg_kinds":[0],"arg_names":["self"],"dataclass_transform_spec":null,"flags":[],"fullname":"importlib.readers.ZipReader.files","name":"files","type":{".class":"CallableType","arg_kinds":[0],"arg_names":["self"],"arg_types":["importlib.readers.ZipReader"],"bound_args":[],"def_extras":{"first_arg":"self"},"fallback":"builtins.function","from_concatenate":false,"implicit":false,"imprecise_arg_kinds":false,"is_ellipsis_args":false,"name":"files of ZipReader","ret_type":"zipfile.Path","type_guard":null,"unpack_kwargs":false,"variables":[]}}},"is_resource":{".class":"SymbolTableNode","kind":"Mdef","node":{".class":"FuncDef","abstract_status":0,"arg_kinds":[0,0],"arg_names":["self","path"],"dataclass_transform_spec":null,"flags":[],"fullname":"importlib.readers.ZipReader.is_resource","name":"is_resource","type":{".class":"CallableType","arg_kinds":[0,0],"arg_names":["self","path"],"arg_types":["importlib.readers.ZipReader",{".class":"TypeAliasType","args":[],"type_ref":"_typeshed.StrPath"}],"bound_args":[],"def_extras":{"first_arg":"self"},"fallback":"builtins.function","from_concatenate":false,"implicit":false,"imprecise_arg_kinds":false,"is_ellipsis_args":false,"name":"is_resource of ZipReader","ret_type":"builtins.bool","type_guard":null,"unpack_kwargs":false,"variables":[]}}},"open_resource":{".class":"SymbolTableNode","kind":"Mdef","node":{".class":"FuncDef","abstract_status":0,"arg_kinds":[0,0],"arg_names":["self","resource"],"dataclass_transform_spec":null,"flags":[],"fullname":"importlib.readers.ZipReader.open_resource","name":"open_resource","type":{".class":"CallableType","arg_kinds":[0,0],"arg_names":["self","resource"],"arg_types":["importlib.readers.ZipReader","builtins.str"],"bound_args":[],"def_extras":{"first_arg":"self"},"fallback":"builtins.function","from_concatenate":false,"implicit":false,"imprecise_arg_kinds":false,"is_ellipsis_args":false,"name":"open_resource of ZipReader","ret_type":"io.BufferedReader","type_guard":null,"unpack_kwargs":false,"variables":[]}}},"prefix":{".class":"SymbolTableNode","kind":"Mdef","node":{".class":"Var","flags":["is_initialized_in_class","is_ready"],"fullname":"importlib.readers.ZipReader.prefix","name":"prefix","type":"builtins.str"}}},"self_type":null,"slots":null,"tuple_type":null,"type_vars":[],"typeddict_type":null}},"__all__":{".class":"SymbolTableNode","kind":"Gdef","module_public":false,"node":{".class":"Var","flags":["is_inferred","has_explicit_value"],"fullname":"importlib.readers.__all__","name":"__all__","type":{".class":"Instance","args":["builtins.str"],"type_ref":"builtins.list"}}},"__annotations__":{".class":"SymbolTableNode","kind":"Gdef","module_public":false,"node":{".class":"Var","flags":["is_ready"],"fullname":"importlib.readers.__annotations__","name":"__annotations__","type":{".class":"Instance","args":["builtins.str",{".class":"AnyType","missing_import_name":null,"source_any":null,"type_of_any":6}],"type_ref":"builtins.dict"}}},"__doc__":{".class":"SymbolTableNode","kind":"Gdef","module_public":false,"node":{".class":"Var","flags":["is_ready"],"fullname":"importlib.readers.__doc__","name":"__doc__","type":"builtins.str"}},"__file__":{".class":"SymbolTableNode","kind":"Gdef","module_public":false,"node":{".class":"Var","flags":["is_ready"],"fullname":"importlib.readers.__file__","name":"__file__","type":"builtins.str"}},"__name__":{".class":"SymbolTableNode","kind":"Gdef","module_public":false,"node":{".class":"Var","flags":["is_ready"],"fullname":"importlib.readers.__name__","name":"__name__","type":"builtins.str"}},"__package__":{".class":"SymbolTableNode","kind":"Gdef","module_public":false,"node":{".class":"Var","flags":["is_ready"],"fullname":"importlib.readers.__package__","name":"__package__","type":"builtins.str"}},"abc":{".class":"SymbolTableNode","cross_ref":"importlib.resources.abc","kind":"Gdef","module_hidden":true,"module_public":false},"pathlib":{".class":"SymbolTableNode","cross_ref":"pathlib","kind":"Gdef","module_hidden":true,"module_public":false},"sys":{".class":"SymbolTableNode","cross_ref":"sys","kind":"Gdef","module_hidden":true,"module_public":false},"zipfile":{".class":"SymbolTableNode","cross_ref":"zipfile","kind":"Gdef","module_hidden":true,"module_public":false}},"path":"/data/data/com.termux/files/usr/lib/python3.11/site-packages/mypy/typeshed/stdlib/importlib/readers.pyi"}