{"data_mtime":1711195302,"dep_lines":[4,5,6,2,3,7,8,9,10,1,1],"dep_prios":[5,5,5,5,5,5,5,5,5,30,30],"dependencies":["collections.abc","importlib.abc","importlib.machinery","_typeshed","builtins","io","types","typing","typing_extensions","abc","importlib"],"hash":"ef0d54d72b92a5730be0d0d3c881be6d7c28e2ef503eecd6186c1ffc0897308d","id":"sys","ignore_all":true,"interface_hash":"161d28282d8e65f03fe8aa1aa1cfd4a732f3b892fc9875fdc20cafcfe9e9efe9","mtime":1711193034,"options":{"allow_redefinition":false,"allow_untyped_globals":false,"always_false":[],"always_true":[],"bazel":false,"check_untyped_defs":true,"disable_bytearray_promotion":false,"disable_error_code":[],"disable_memoryview_promotion":false,"disabled_error_codes":[],"disallow_any_decorated":false,"disallow_any_explicit":false,"disallow_any_expr":false,"disallow_any_generics":true,"disallow_any_unimported":false,"disallow_incomplete_defs":true,"disallow_subclassing_any":true,"disallow_untyped_calls":true,"disallow_untyped_decorators":true,"disallow_untyped_defs":true,"enable_error_code":[],"enabled_error_codes":[],"extra_checks":true,"follow_imports":"normal","follow_imports_for_stubs":false,"ignore_errors":false,"ignore_missing_imports":false,"implicit_optional":false,"implicit_reexport":false,"local_partial_types":false,"mypyc":false,"old_type_inference":false,"platform":"linux","plugins":[],"strict_concatenate":false,"strict_equality":true,"strict_optional":true,"warn_no_return":true,"warn_return_any":true,"warn_unreachable":false,"warn_unused_ignores":true},"path":"/data/data/com.termux/files/usr/lib/python3.11/site-packages/mypy/typeshed/stdlib/sys/__init__.pyi","plugin_data":null,"size":12333,"suppressed":[],"version_id":"1.9.0"}