{"data_mtime":1711195302,"dep_lines":[1,1,1],"dep_prios":[5,30,30],"dependencies":["builtins","abc","typing"],"hash":"053a432a425c04f5d5d910fe37f2a16eddb87d2778d84e7825ec5e956321a847","id":"uel.Constants","ignore_all":false,"interface_hash":"a2c228d4d9c5fc83ec921d9e2e4f82b3f5c7766523ab94acbd86c542d1ab65c9","mtime":1710648268,"options":{"allow_redefinition":false,"allow_untyped_globals":false,"always_false":[],"always_true":[],"bazel":false,"check_untyped_defs":true,"disable_bytearray_promotion":false,"disable_error_code":[],"disable_memoryview_promotion":false,"disabled_error_codes":[],"disallow_any_decorated":false,"disallow_any_explicit":false,"disallow_any_expr":false,"disallow_any_generics":true,"disallow_any_unimported":false,"disallow_incomplete_defs":true,"disallow_subclassing_any":true,"disallow_untyped_calls":true,"disallow_untyped_decorators":true,"disallow_untyped_defs":true,"enable_error_code":[],"enabled_error_codes":[],"extra_checks":true,"follow_imports":"normal","follow_imports_for_stubs":false,"ignore_errors":false,"ignore_missing_imports":false,"implicit_optional":false,"implicit_reexport":false,"local_partial_types":false,"mypyc":false,"old_type_inference":false,"platform":"linux","plugins":[],"strict_concatenate":false,"strict_equality":true,"strict_optional":true,"warn_no_return":true,"warn_return_any":true,"warn_unreachable":false,"warn_unused_ignores":true},"path":"/storage/emulated/0/My_file/web/server/puel/uel/Constants.py","plugin_data":null,"size":18,"suppressed":[],"version_id":"1.9.0"}