{"id":"uel.core","path":"/storage/emulated/0/My_file/web/server/puel/uel/core","mtime":1711257441,"size":4096,"hash":"","data_mtime":1711195303,"dependencies":["builtins","abc","typing"],"suppressed":[],"options":{"disable_memoryview_promotion":false,"implicit_optional":false,"warn_return_any":true,"always_true":[],"mypyc":false,"old_type_inference":false,"warn_unreachable":false,"disallow_untyped_decorators":true,"disable_bytearray_promotion":false,"implicit_reexport":false,"warn_unused_ignores":true,"disallow_any_decorated":false,"warn_no_return":true,"disallow_untyped_calls":true,"platform":"linux","disallow_any_generics":true,"disallow_subclassing_any":true,"follow_imports_for_stubs":false,"disallow_incomplete_defs":true,"strict_optional":true,"disallow_any_expr":false,"ignore_errors":false,"ignore_missing_imports":false,"bazel":false,"follow_imports":"normal","allow_untyped_globals":false,"always_false":[],"disallow_untyped_defs":true,"disabled_error_codes":[],"enable_error_code":[],"enabled_error_codes":[],"strict_concatenate":false,"plugins":[],"disallow_any_unimported":false,"strict_equality":true,"disallow_any_explicit":false,"local_partial_types":false,"disable_error_code":[],"allow_redefinition":false,"extra_checks":true,"check_untyped_defs":true},"dep_prios":[5,30,30],"dep_lines":[1,1,1],"interface_hash":"59172ce506299a2e2d49e488bda20a9f096e33c2ec02b0b5927e9481231018b3","version_id":"1.9.0","ignore_all":false,"plugin_data":null}