{"data_mtime":1711195302,"dep_lines":[36,6,7,8,1,2,3,4,5,9,11,12,13,1,1],"dep_prios":[5,5,5,5,10,5,10,5,5,5,5,5,5,5,30],"dependencies":["importlib.metadata._meta","collections.abc","email.message","importlib.abc","abc","pathlib","sys","_collections_abc","_typeshed","os","re","typing","typing_extensions","builtins","types"],"hash":"9e92731d169d9dcfee12b335d14e9dd22bc67e64cc590561b8e9faf49befbc2f","id":"importlib.metadata","ignore_all":true,"interface_hash":"e1a2fa662910cf9624a2f2fe93ee46a23d55ba7a68740290977c8ea701031aa6","mtime":1711193034,"options":{"allow_redefinition":false,"allow_untyped_globals":false,"always_false":[],"always_true":[],"bazel":false,"check_untyped_defs":true,"disable_bytearray_promotion":false,"disable_error_code":[],"disable_memoryview_promotion":false,"disabled_error_codes":[],"disallow_any_decorated":false,"disallow_any_explicit":false,"disallow_any_expr":false,"disallow_any_generics":true,"disallow_any_unimported":false,"disallow_incomplete_defs":true,"disallow_subclassing_any":true,"disallow_untyped_calls":true,"disallow_untyped_decorators":true,"disallow_untyped_defs":true,"enable_error_code":[],"enabled_error_codes":[],"extra_checks":true,"follow_imports":"normal","follow_imports_for_stubs":false,"ignore_errors":false,"ignore_missing_imports":false,"implicit_optional":false,"implicit_reexport":false,"local_partial_types":false,"mypyc":false,"old_type_inference":false,"platform":"linux","plugins":[],"strict_concatenate":false,"strict_equality":true,"strict_optional":true,"warn_no_return":true,"warn_return_any":true,"warn_unreachable":false,"warn_unused_ignores":true},"path":"/data/data/com.termux/files/usr/lib/python3.11/site-packages/mypy/typeshed/stdlib/importlib/metadata/__init__.pyi","plugin_data":null,"size":9020,"suppressed":[],"version_id":"1.9.0"}