{"data_mtime":1711195302,"dep_lines":[2,1,3,1,1,1,1],"dep_prios":[5,10,5,5,30,30,30],"dependencies":["collections.abc","sys","typing","builtins","_typeshed","abc","types"],"hash":"e3f6e5af0a7eb3dbbdd5f865321fa4700f83d39d594a3fd1ae32212dd56f9a59","id":"importlib.metadata._meta","ignore_all":true,"interface_hash":"546168ebcdd8773c889c9539bb3911894b09d8e624cd3e32029f80834baf109d","mtime":1711193034,"options":{"allow_redefinition":false,"allow_untyped_globals":false,"always_false":[],"always_true":[],"bazel":false,"check_untyped_defs":true,"disable_bytearray_promotion":false,"disable_error_code":[],"disable_memoryview_promotion":false,"disabled_error_codes":[],"disallow_any_decorated":false,"disallow_any_explicit":false,"disallow_any_expr":false,"disallow_any_generics":true,"disallow_any_unimported":false,"disallow_incomplete_defs":true,"disallow_subclassing_any":true,"disallow_untyped_calls":true,"disallow_untyped_decorators":true,"disallow_untyped_defs":true,"enable_error_code":[],"enabled_error_codes":[],"extra_checks":true,"follow_imports":"normal","follow_imports_for_stubs":false,"ignore_errors":false,"ignore_missing_imports":false,"implicit_optional":false,"implicit_reexport":false,"local_partial_types":false,"mypyc":false,"old_type_inference":false,"platform":"linux","plugins":[],"strict_concatenate":false,"strict_equality":true,"strict_optional":true,"warn_no_return":true,"warn_return_any":true,"warn_unreachable":false,"warn_unused_ignores":true},"path":"/data/data/com.termux/files/usr/lib/python3.11/site-packages/mypy/typeshed/stdlib/importlib/metadata/_meta.pyi","plugin_data":null,"size":1471,"suppressed":[],"version_id":"1.9.0"}